GSE154900	SRR12287751	ftp.sra.ebi.ac.uk/vol1/fastq/SRR122/051/SRR12287751/SRR12287751_1.fastq.gz	058e41cb99a19705b3a9f21731286426
GSE154900	SRR12287751	ftp.sra.ebi.ac.uk/vol1/fastq/SRR122/051/SRR12287751/SRR12287751_2.fastq.gz	3aa3cb673691e8697844a1d599ebb0be
GSE154900	SRR12287752	ftp.sra.ebi.ac.uk/vol1/fastq/SRR122/052/SRR12287752/SRR12287752_1.fastq.gz	27d602cb06986555d10ed1a51f571dd6
GSE154900	SRR12287752	ftp.sra.ebi.ac.uk/vol1/fastq/SRR122/052/SRR12287752/SRR12287752_2.fastq.gz	d492ad11900873b21e19e0e326a10866
GSE154900	SRR12287753	ftp.sra.ebi.ac.uk/vol1/fastq/SRR122/053/SRR12287753/SRR12287753_1.fastq.gz	076451f65042e0bf647b98b75b8c3992
GSE154900	SRR12287753	ftp.sra.ebi.ac.uk/vol1/fastq/SRR122/053/SRR12287753/SRR12287753_2.fastq.gz	2e5a9cb56f9792280eb453f9b695bf0f
GSE154900	SRR12287754	ftp.sra.ebi.ac.uk/vol1/fastq/SRR122/054/SRR12287754/SRR12287754_1.fastq.gz	cd821a7cd606608739a000e3d722a610
GSE154900	SRR12287754	ftp.sra.ebi.ac.uk/vol1/fastq/SRR122/054/SRR12287754/SRR12287754_2.fastq.gz	415699541bc6afbbb4689d90d58f5424
E-MTAB-13687	ERR13027010	ftp.sra.ebi.ac.uk/vol1/fastq/ERR130/010/ERR13027010/ERR13027010_1.fastq.gz	94494431b88921d76cbdbc0c144a6702
E-MTAB-13687	ERR13027010	ftp.sra.ebi.ac.uk/vol1/fastq/ERR130/010/ERR13027010/ERR13027010_2.fastq.gz	9383993d82dc0fcf36899fe6f662d8da
E-MTAB-13687	ERR13027122	ftp.sra.ebi.ac.uk/vol1/fastq/ERR130/022/ERR13027122/ERR13027122_1.fastq.gz	bbe38825844dd2f43cee0772c4327d5f
E-MTAB-13687	ERR13027122	ftp.sra.ebi.ac.uk/vol1/fastq/ERR130/022/ERR13027122/ERR13027122_2.fastq.gz	ed037c2981717d0913e55e33a2d6e3b2
E-MTAB-13687	ERR13027027	ftp.sra.ebi.ac.uk/vol1/fastq/ERR130/027/ERR13027027/ERR13027027_1.fastq.gz	b80a5189d01a0c5e33804fb436e1ca75
E-MTAB-13687	ERR13027027	ftp.sra.ebi.ac.uk/vol1/fastq/ERR130/027/ERR13027027/ERR13027027_2.fastq.gz	6f570645e51c3f0c06b5420e0a4f9f89
