file	sha256	size_bytes	source_date
Adeno_associated_virus_1_NC_002077.gtf	768ff0a4d4f99a9b366e4de8aba2c7c6fc8badbda85a44436d9c03130bb8a226	478	unknown
Adeno_associated_virus_7_NC_006260.gtf	96ea58c3c4d2cac57f4b4f852a838c43357e70107065b771d7d05d5bdc22c33f	559	unknown
Adeno_associated_virus_8_NC_006261.gtf	7a8fea1588c40bcae3f9f801a83bbde3c5edd774c3d10055282e02ad391d2222	559	unknown
Adeno_associated_virus_NC_001401.gtf	bbc504556d4d54745ef291b9de28c6206ca044ec1c382dccc6e0a6a74924a226	10606	unknown
Aichi_virus_NC_001918.gtf	7ac6a154a3d2c30dbae8c49bec855d034eec495053e89fcfd8b4518418697cc8	829	unknown
Alkhumra_hemorrhagic_fever_virus_JN860200.gtf	ad649244245db6c63f8ab016bcc1df304527d2b8e4a2414d37dd9fe0af09002b	330	unknown
Alphatorquevirus homin1.gtf	1a1a17ba19629c30f86236d1f4d0ad1ee61908622429f465e5802939fab9e99c	2933	unknown
Alphatorquevirus homin10.gtf	654f62eaf8e347f7ff94becd846823c595d736390ddb21981cf1f5becb80eeca	4046	unknown
Alphatorquevirus homin13.gtf	cee3a3b07e5cce64b07bc55142d20b14eec2cbf4330f57adb42167682a286113	1671	unknown
Alphatorquevirus homin15.gtf	ca0042c7fe9c938e358345d99c7efbe38497b801449027567de6a9889616a197	1846	unknown
Alphatorquevirus homin19.gtf	05d3b932f490cc686936bdd981e6d6b4d69c1ee4d2aea45110fa3d7ef3c0822e	1846	unknown
Alphatorquevirus homin2.gtf	206b091e0fe54f7ef253e968edef412515bbed758e8d2aad4419d6511fbe0240	1830	unknown
Alphatorquevirus homin20.gtf	db11008afe194b4495cf59b095a0ce8489d1b03de5fc27070bc91b31df211de8	4047	unknown
Alphatorquevirus homin21.gtf	bd63f9e4b6efdecf35c77e99cbc92b4cb85552904ec639a6f0b2b7943cd66443	1671	unknown
Alphatorquevirus homin24.gtf	bf8cc6bd784c1ef1decde8945a144b4f5d45b0f6ff27799976306fc38780b548	4047	unknown
Alphatorquevirus homin29.gtf	1f0ffd8e634d0f7ffa2470a558455c652c3267d34b4e9ef9c0f88f6061e83bc7	2920	unknown
Alphatorquevirus homin3.gtf	295d3fabd83c6d13ad5a30b97ce066fef2280f0a2ccd07b5402706a8b999216c	5575	unknown
Alphatorquevirus homin5.gtf	82020537b8149cad6cc6e013d7a75dc352fbc4cb8eefe3782aeeaf2186ad82e6	1675	unknown
Alphatorquevirus homin6.gtf	21aab3e8654a800ce8b2c67b7dbad59980f2e004cec62428c23b95ae728cd412	3838	unknown
Alphatorquevirus homin7.gtf	1ad02604b113b7b708f389e40f738dc3713843786ce31ecf985b13c14d68c848	2602	unknown
Alphatorquevirus homin9.gtf	d8fbb94d7f7be308a97644dbe14f21c1cc3529ce728fda946f0e038e7e75f45f	1115	unknown
Australian_bat_lyssavirus_NC_003243.gtf	1b2157eaec46d36b1f12c099a803e7ebda1d5a82c67952cb61b403799964a1fd	4634	unknown
BK_polyomavirus_NC_001538.gtf	d6250be68a9d6558e8f35131f476b618beabb5a38e08adb3e48b446d482e2d13	7375	unknown
Banna_virus_NC_004200.gtf	4098bfa021c984357399eb82a6984e7aed1e1ffc8a18a2a7af88bf67ba474f94	986	unknown
Banna_virus_NC_004201.gtf	349d38b68908b2d6a25e867eaaccc420fcfca3af0e7371a6dac16b65aadbb633	986	unknown
Banna_virus_NC_004202.gtf	99ac4f07dacee3aca50a2e7cd4c35049e26ea03c93fa688f363e5c4506f420cf	972	unknown
Banna_virus_NC_004203.gtf	71f1e4124ecae271787102e255d509722bf5dbde1de6c3e1c0462046a17ac025	972	unknown
Banna_virus_NC_004204.gtf	e8d30e5fc7c7bf6b9193c28fd143ed82a739da66d8bf81b572ba3788cd4d9c1f	972	unknown
Banna_virus_NC_004211.gtf	15acd60e0d58c0c7096571eb8c304cc3884091693000dfd531ff53dc2d45ff93	1090	unknown
Banna_virus_NC_004217.gtf	2bc0576981c483f1aab0e1c66ea9ff6b4409af9fed0ff5c0d3e8fc439d7a2126	976	unknown
Banna_virus_NC_004218.gtf	a70749138c03c2cb18b428cc2d77623f826119612ddf691fceedf4977dbd9af4	976	unknown
Banna_virus_NC_004219.gtf	1004f22eaf727bb645192f5ede162b4685a10b2b14d14914c786a932b67b471c	976	unknown
Banna_virus_NC_004220.gtf	198d224006936a98aaa47afb4daf975f0674bd5b6dcc048ed1e4e42b84caad43	976	unknown
Banna_virus_NC_004221.gtf	2aee20f298065047b480115b1efdf32edafb4f391edc636199d3e2abcc7d66f1	980	unknown
Barmah_forest_virus_NC_001786.gtf	32a3e6ca741e1b51edac7b3ffcd876ddf63fd5b633b51449490d62afa7f52445	5399	unknown
Bunyamwera_virus_NC_001925.gtf	79a3c33015560671a18b60e3ac28a21063d55b9d7f86c7a1ca1ee32df341f3f9	1001	unknown
Bunyamwera_virus_NC_001926.gtf	34db8c152c9df23df5404051d9bf4566dddf5e26c1c9586b82e8e4f7d9e5cd97	863	unknown
Bunyamwera_virus_NC_001927.gtf	1ef6926b0594c2ee31c1a37aad48cb9208f280f9055afd61fd49574d143f884f	2379	unknown
Bunyavirus_La_Crosse_NC_004108.gtf	cb146d838a6dde6866b2b90739108eda23906ad712eb79c02910db0f429ae2a5	939	unknown
Bunyavirus_La_Crosse_NC_004109.gtf	b57acee95852e39efbe920078c11549f37ad827e8ae3d304797ffb131ab85a87	925	unknown
Bunyavirus_La_Crosse_NC_004110.gtf	bd7ebe77723d9dfefe9767ffd678582f83fed04a6f1e9cee326c3cd01a72a2f2	1803	unknown
Cercopithecine_herpesvirus_NC_006560.gtf	b4a1bb99a10d4da5c0f000d03d4aeac8c9513978292935f63904597d1645fd2d	77979	unknown
Chikungunya_virus_NC_004162.gtf	a7e59e8b4c635f353ca9cd86fd80d5b85f489098c1b372ab096a4d7eb1ba14cc	1783	unknown
Cosavirus_A_NC_012800.gtf	21203ae41a84df0293afe10214a00b019fa07b31a8750516db284625a70a40c7	882	unknown
Cowpox_virus_NC_003663.gtf	37d5ad0c474d9cd44ca9e1f1abdb1ba2c471a3bfeb10d6875b27f6ff7402122e	221469	unknown
Coxsackievirus_A24_D90457.gtf	957780450b0a71aa8be2f97fe13e12d175d017487c569a167279b889d8949e6a	297	unknown
Coxsackievirus_NC_001612.gtf	1c5185f3a5b41dc43a7c99fa94f595409f2beceb37e6e3b517691cb8e1561ec6	882	unknown
Crimean_Congo_hemorrhagic_fever_virus_NC_005300.gtf	9ed05fa4cc5c08cac98aa6d0a03f6691763e8872fbb3f8fd8c8cbbe5d4ae5ada	906	unknown
Crimean_Congo_hemorrhagic_fever_virus_NC_005301.gtf	d341a1e660e63b3591ee0c066eb034d44f9d658cf1b359da5ac001ee2c4c2190	1352	unknown
Crimean_Congo_hemorrhagic_fever_virus_NC_005302.gtf	e6287ee49da039af9947ce06d2ec37d8b057c389df27226c8e4b6bd3e466d973	871	unknown
Denguevirus_NC_001477.gtf	38bedde62103855d282f2b78b34bbe52626ec4cb0831448821b9e1378c6b8ad8	2869	unknown
Eastern_equine_encephalitis_virus_NC_003899.gtf	bdc8fa0c38d747e31634ab45b121563a0ec8e33f8d7e31e070d8699413c14767	5634	unknown
Ebolavirus_NC_002549.gtf	8eb1bbb4ae0752363318e23f61feb26f7478a703ebf26dd906f144be1b4c9668	13618	unknown
Echovirus_NC_001897.gtf	cee4c5110822333363c7e98965932c39c57fd5f8bb50ef828d03e78ac7e0019a	1054	unknown
Encephalomyocarditis_virus_NC_001479.gtf	00fdc64b6619a47e133fe3f93e3a70b062bd67d2223a016d8a6c2a475f7be5e4	2004	unknown
Enterovirus_A71_U22521.gtf	4de5122afae1acac574db9652195347533f45dcdf5ab9302d917f815c1a5dd06	210	unknown
Epstein_Barr_virus_NC_007605.gtf	11797a42b18af340e23741edd7ad92db801a660b9e461b27ba3c5e44931339a2	181816	unknown
European_bat_lyssavirus_NC_009527.gtf	0dc26357174fa0429aec4adf6d8ce5ba7a7d5eaa5def1143d86a081135186e56	4747	unknown
GB_virus_C_Hepatitis_G_virus_NC_001710.gtf	f2fb249c2106f34c038a6bc399ead2737a6e6168ab73763bc5eeaca7f808d6df	835	unknown
HBV_genotype_A1_HE974370.gtf	4e8790e88a0b1b3bee2af54216671d250ff8f78a78200625d2e8ef639225702b	1351	unknown
HBV_genotype_F2_HE974366.gtf	e34581fb06b5598119dc8f48d638f5c7676d3de29cadd2f9344e2e04413a504e	1351	unknown
Hantaan_virus_NC_005218.gtf	e12bff63262e2df5c151cc5a7ace9f4e15463bca8907b421473632a37183dfb0	884	unknown
Hantaan_virus_NC_005219.gtf	994a7de2889733505dd528403cf94efd953db9d36828c3658985e75805f10960	884	unknown
Hantaan_virus_NC_005222.gtf	2ca04f55d00ef962f8e9f952151dd959e683ed67270ce0a9d68de990938fbd3a	1244	unknown
Hendra_virus_NC_001906.gtf	a5356817b79aae3953492444716962739539dd74468f7e6407acf8be8a3e0eb0	6983	unknown
Hepatitis_A_virus_NC_001489.gtf	501c9d7b462593fe7dc51a3f030492080b6c5a3a108e21e02aceb304ce4040bd	1696	unknown
Hepatitis_B_virus_NC_003977.gtf	0227207cd23e13e8792df618d94e3d1fc1ea8a30b8c56f560167b83b4a07ca6e	8247	unknown
Hepatitis_B_virus_genotype_B_AB540582.gtf	fd5fda88a390775c67efe6d1f8d8b9b3b3f73851c2ab368488c73f80b3e1124a	1381	unknown
Hepatitis_C_virus_NC_004102.gtf	515c8d50c56c9f6c9ca1671937e4b9a287d44c74116221abfbb87df8c0556b2d	2503	unknown
Hepatitis_C_virus_genotype_2_NC_009823.gtf	dfaf361ba96020560b5f5959a729c4a58fca422744def89483245d335ea9c7e8	864	unknown
Hepatitis_C_virus_genotype_3_NC_009824.gtf	3ad25220fab3458c296b2f1b7ddf848e3e0ccfe3ac49c5bf40b3faa24fb699fb	864	unknown
Hepatitis_C_virus_genotype_4_NC_009825.gtf	508d712adb3a3d6842eb90da61a4a8ddba174afefab82ffa50bad6333e6e497f	864	unknown
Hepatitis_C_virus_genotype_5_NC_009826.gtf	6f31be8e2cded1dba6279f40a86939dbe1dcb73280b9b331e3ddbcd601729489	864	unknown
Hepatitis_C_virus_genotype_6_NC_009827.gtf	c1fac4e454114d14c7a08e8b94f059d5ff72f1f78ab3fc28efebb6a85850a446	864	unknown
Hepatitis_C_virus_genotype_7_NC_030791.gtf	a7005db00e6f71535f7da95bff3725f978e362c5f283acf41b8c582246d446e2	870	unknown
Hepatitis_E_virus_NC_001434.gtf	dfd39f4ae87145d11eb074a9032f87963765793a92c790ac5ce5d408f76ffd3f	2524	unknown
Hepatitis_E_virus_rat_R63_DEU_2009_NC_038504.gtf	90a601dc27b06387d735fb9157198df244761a8b7d8e974a0262feaddc9db593	1576	unknown
Hepatitis_E_virus_type_3_AB593690.gtf	059d64c80faa912a13b4d557157e7c5762066ba24e537bb5cacb2b4c83946eea	724	unknown
Hepatitis_E_virus_type_4_LC646471.gtf	4dc14d99520bd6a42cc37743e221de995f2c6f926539af240e70f8087059f353	654	unknown
Hepatitis_delta_virus_L22063.gtf	d015b84b900f32d6e7eb0bd1c4cbc516db9d5c2ee11a76ed967c2b7ffdf7659f	1149	unknown
Hepatitis_delta_virus_NC_001653.gtf	dc4aeb7710aaa59be9d188dbbdefa5058de4d3c65cc71ce6839f676e221e4883	2077	unknown
Human_SARS_coronavirus_NC_004718.gtf	2e3686307aad98135c439a57f1bf9908980a818b48634f00b630dd0fb707b081	14513	unknown
Human_T-cell_leukemia_virus_type_1_NC_001436.gtf	d6fdff60996b608e39b12e8a3b3227ebf92c725c2deab2414756ea0cdb0b7d3a	12451	unknown
Human_T-lymphotropic_virus_2_NC_001488.gtf	00e7bfacdedb810fcda2c3d2270f8a8ea0af8c58887592038c35b7640bb95cfe	10464	unknown
Human_adenovirus_NC_001405.gtf	249696b35fac66100cb06c38c361fee4c9afc8f2b67277f4db590eda780eb0b2	39300	unknown
Human_astrovirus_NC_001943.gtf	cda0894e37cae1402a6d86d6cb9e1d763f39b11cfb472bdbdea66b40d3b948ad	3162	unknown
Human_coronavirus_HKU1_NC_006577.gtf	ad70874de61cb0f0ffe747a304a7a2fca4b75312f97f54f8b92a80ac90c25c78	17499	unknown
Human_coronavirus_NC_002645.gtf	1555ec6a11863e32d1f3e92bb2a8c7bc2659a4792c3ce7ad2676eb3971ffec7e	7656	unknown
Human_coronavirus_NL63_NC_005831.gtf	5baaae865e0633e697301d88746df17c6bfdaa7bfa2abf9ae15eca3b6665cb2a	13878	unknown
Human_coronavirus_OC43_NC_006213.gtf	2c8cad6f6427c7b87191e58a8fe59c374e35cbe77f1c8141226117a3b3df3f6c	19100	unknown
Human_cytomegalovirus_NC_006273.gtf	fa69f562808bf00aada3799c439117dc42f153472a24d6e134146c6ecd575a2d	207440	unknown
Human_enterovirus_68_70_NC_001430.gtf	7788eddfa8a6e0a4e618d87b15a24b9628e9444b7e619b6c1d5e2664f6bfcb5c	890	unknown
Human_erythrovirus_V9_NC_004295.gtf	6f08d88cebe241078106b419205d7bd967176d90a9330c8d6c8d83c17dd2c15c	1472	unknown
Human_herpesvirus6B.gtf	9259a98714191f23e5c3b87abe3b2e0de716bb23ba30ba5970d20150c4226083	15506	unknown
Human_herpesvirus_1_NC_001806.gtf	a8f9da182313169cd50172fb870ab08d0f969373303c046b43b4a2b05c15a923	94142	unknown
Human_herpesvirus_2_NC_001798.gtf	9cba1b9b397a5369cd5474f4b8bd57439f42fb62a1b0ec90afc0ad1edcd8bc5a	81224	unknown
Human_herpesvirus_4_type_2_NC_009334.gtf	cd4c8608534aff82d028dd46b69d85194332a8b2a6c1a41eb0bf8ac127c1f54c	188688	unknown
Human_herpesvirus_6_NC_001664.gtf	001c5d1b820f2c204591537a1bd93ad30a8177070082a61a8b056dea751bafbe	141396	unknown
Human_herpesvirus_7_NC_001716.gtf	05069616af9e77ad5fad0f5d290247b919b9244cc6836a72c9baf4f4fe9a2fb3	95363	unknown
Human_herpesvirus_8_NC_009333.gtf	b791527a8b5a285502dc008837ca368db4de828e1499c118e8f68ad4af204976	107389	unknown
Human_immunodeficiency_virus_1_NC_001802.gtf	db3f872da84299400108cb8c506523c894f8e8f3c87e983a8b40a7ce9feb0cb4	22686	unknown
Human_immunodeficiency_virus_2_NC_001722.gtf	97c24e94b6e271f1eb59e60cc483b0fb291c5c24d3394dbc6e11e8f3a062e4ea	17957	unknown
Human_mastadenovirus_A_NC_001460.gtf	09e080d7cd6490f8cd5989cbcb281d2a84697b2bfa5c27780bf5aa40a872cb40	12782	unknown
Human_mastadenovirus_B_NC_011202.gtf	b85c7a98e0464b4ffef9ac14f487b707e6b72fc0e986f9688d54577a0ed11035	14114	unknown
Human_mastadenovirus_B_NC_011203.gtf	058ba80471a966de75b90a03cde57a0c380ff2a4bcbaa199c7ea031d179cd59c	14729	unknown
Human_mastadenovirus_D_NC_010956.gtf	ecca8d426e8cbedc1a0c3328ea4d16747fd4e2ae72ab7bfed00f3e86570a8bab	14418	unknown
Human_mastadenovirus_E_NC_003266.gtf	dec529f4087c733ae8cb55c046a878ca8c1790519a0ec2462d707dd0b69ede9d	11084	unknown
Human_mastadenovirus_F_NC_001454.gtf	9572de9ce91c1f5ec85392c0acfbdadfed829b355317ad1d0310552f01914fa2	12256	unknown
Human_metapneumovirus_NC_039199.gtf	16edf597e96ebfaa041ee130c8fa1334a025ada9b5b4d0a167c2e59a3ae26599	15838	unknown
Human_orthorubulavirus_2_NC_003443.gtf	b2a01b502354080a27a8371f4f2d1d550fb1a1ad580c6e84a790ee198c046f97	1954	unknown
Human_papillomavirus_100_FM955839.gtf	888ae5c19a708fcf15cc14a0007e39955d691d6409c40f0600a6a836c402cc38	4360	unknown
Human_papillomavirus_102_DQ080083.gtf	fe9ee86cd316efb2c3364f347c3b2a4370168276bf581e87f33c68b3b55ac9b4	4459	unknown
Human_papillomavirus_104_FM955840.gtf	08f1aed8cdc2a0b02ef6e34500d80e3a29b7bd52f109a35c6a329741f052cfc3	4360	unknown
Human_papillomavirus_105_FM955841.gtf	366508c3987bf4a36bd009a9996cfb9a16d40d73c22a725f81acef532f8c0e9d	3735	unknown
Human_papillomavirus_106_DQ080082.gtf	4c8eef855f3771a642538e96e84654c4f9a48961e43c60d0ca59cf81fc577752	4459	unknown
Human_papillomavirus_107_EF422221.gtf	982323e59d642561b6f3297e3aae762a1c1c977afbe6ae85418585497314daf4	4891	unknown
Human_papillomavirus_10_NC_001576.gtf	04c9c086f61225a2f053cbe7e98b84d1db03e7ace5035ea0120cd350557f6bca	5229	unknown
Human_papillomavirus_110_EU410348.gtf	31118c198f4150d89833a4083192e78c36b2b3ccde2d76f0e7d9c03bc7c80748	4360	unknown
Human_papillomavirus_111_EU410349.gtf	0adfcf8039fc16cd39dd2623eaba3c9407c571a5a53a698cfe3f19797ec7b7b5	4531	unknown
Human_papillomavirus_113_FM955842.gtf	95192164c9898ffea840aed03c14d18a09e9c8a2d5277668fe9271653101ba95	4360	unknown
Human_papillomavirus_114_GQ244463.gtf	418da1bf36ddd9219614eff7bbc76751e6779347033d670609abde7adaf4b82d	4360	unknown
Human_papillomavirus_115_FJ947080.gtf	dda0bf94cc22b85c40d59b2562dedc2b2cc056699cfc2e70c3c82a3065f8fe46	5197	unknown
Human_papillomavirus_117_GQ246950.gtf	9ec462ca143fd04314527a61226e570641933be3dac576d4ccc7198167e1cb44	3927	unknown
Human_papillomavirus_118_GQ246951.gtf	63ca8a61472a7f245d61c975b2d761b03abdf0081a0e1ddf82d098703d198945	3927	unknown
Human_papillomavirus_11_NC_075235.gtf	bdeba054f39c592919c21710adefa4e01eccb495860a2e714a6528da6296ec48	8433	unknown
Human_papillomavirus_120_GQ845442.gtf	031d2e4e93e87b300bbbc14e1f6c865494e940ca808970fe80918537fc235242	4609	unknown
Human_papillomavirus_122_GQ845444.gtf	82027351bd6cb08e2e95f0afcfdf41618618b53cf908fc834a2db9a00f148728	4609	unknown
Human_papillomavirus_124_GQ845446.gtf	5fcb1c81f8999a230c6c61efbac0b4ccf7e1552c93a58c86db22c634847dd1f3	4714	unknown
Human_papillomavirus_125_FN547152.gtf	d1e8fa4452084024ac53a52c468f895aaffb0d70bbe6b529af5ca7f54e08c69b	5481	unknown
Human_papillomavirus_12_X74466.gtf	25b0408211cdb08282986635a2bf9d7af7169041a58235efa667366989cbd6ba	3711	unknown
Human_papillomavirus_13_X62843.gtf	317038cf8d42614889932671d54e01b9fa6370ba7914feccf60321d1f86cf580	4361	unknown
Human_papillomavirus_143_HM999995.gtf	47f59a94d2897e6aee176c7e392a0225d3c2577a7002098a870a03c0fddfb93c	4660	unknown
Human_papillomavirus_145_HM999997.gtf	5f91db865a25e00a32613c7cf717befedf48de582a6bb6d05400b430977a3482	4555	unknown
Human_papillomavirus_14_X74467.gtf	9dcc618727a913fc1c37235e97aa1fc8a2a13a062da78d3298477241a590b908	2479	unknown
Human_papillomavirus_150_FN677755.gtf	124385684cfff5c37ab5cc975965c9b1e116218d686eb588b3a8576d1e1a127e	4555	unknown
Human_papillomavirus_151_FN677756.gtf	c485ff4ae1921d34287945a64f74a6b0af47d47ab510954268f9b7db9e91b2ba	4549	unknown
Human_papillomavirus_152_JF304768.gtf	bfcd265c5c0cdc9c025bb7ab03a594e98d2070802db348cf00557c7fd0a93710	3837	unknown
Human_papillomavirus_159_HE963025.gtf	395339c30eadff0112dae5289c6deb33d5822d9d6b7f0200a39fead2db02d7bc	4354	unknown
Human_papillomavirus_15_X74468.gtf	46de8030aca0f81f14da4f29cfcf0380272fb5f187823904046148312578cc6e	3711	unknown
Human_papillomavirus_160_AB745694.gtf	bb1d02208d741c8ee0b8487e393bc0abf6d406757ffa458e9bd313d92670124a	4666	unknown
Human_papillomavirus_16_18_NC_001526.gtf	70678b32ad1e22ca048b5b888993bcd1c55b5e39f77a0d84bb7ee6c36af7cefb	13288	unknown
Human_papillomavirus_174_HF930491.gtf	1ee095f9f9ee44ee6d699bbde7eef9d9ee0b9666dbe87b841e931dfccbcf1cf8	4402	unknown
Human_papillomavirus_17_X74469.gtf	f6654cddba20af051e8a65bf75d6be34d882658abe9951e4df439d5071283b42	3711	unknown
Human_papillomavirus_18_NC_001357.gtf	16163d57524997b8c7726b1df7bf2fa27c08c2f7b7982069b573017d5dbae9e6	15566	unknown
Human_papillomavirus_19_X74470.gtf	c799361bb037e81feae53c3ed9a18556e8404c69ab362fe527802e240377b505	3711	unknown
Human_papillomavirus_1_NC_001356.gtf	ded814b1fb18fbbd2c90279b64b8c577bd0fc35466e96572e5aef588a81d75a8	9468	unknown
Human_papillomavirus_20_U31778.gtf	f0dceeba1c03c82904df6a05ccd2ac8367737c513bd4b9f5c7fcec6ed8c3c0df	4795	unknown
Human_papillomavirus_21_U31779.gtf	ea95e4baec4bf8b5e16e0e88ffa8c1b4540b44ad7d956fdf6f148254018ccf05	4795	unknown
Human_papillomavirus_22_U31780.gtf	495c660886e0d70a9b524877a637a6a4953c2e7fb2546a5dbea050a5c24acdeb	4792	unknown
Human_papillomavirus_23_U31781.gtf	bf3e9dc2a888e51a5e6eb8e89658bc02dbe06c582dd32401ffad34bc81c2f0c8	4792	unknown
Human_papillomavirus_24_U31782.gtf	5b6fe2db5cf2808219e7e18fd8f5c8338e0074dfc7cdc17c84ec688204f2cf26	4792	unknown
Human_papillomavirus_25_X74471.gtf	5a2d9edcf8388f2396b7b1d96da70a75819b34fbf82d27bd646c1e799fa31d29	3711	unknown
Human_papillomavirus_26_NC_001583.gtf	789b1fef169297ec0712777975d5c54954cbd66db74291cb8f94a4b6098a9e45	4332	unknown
Human_papillomavirus_27_X74473.gtf	619559f74f0271d142d1842d9bdbf088ff564ba06d5047813eda3344decdd8a7	4402	unknown
Human_papillomavirus_28_U31783.gtf	3f86d347ba93658c5c947d93b8a434f4c8c581279a5fa69e30822b18e47f08fb	4792	unknown
Human_papillomavirus_29_U31784.gtf	2bf43531224f43e0d4de4011bb1a7a7f643b39ac02137cacc7abbed37a168f67	4792	unknown
Human_papillomavirus_2_NC_001352.gtf	6b71ce6c24a40ea63a78206af3308756bd278054942cfb56bdda39405f72aab9	9002	unknown
Human_papillomavirus_30_NC_038889.gtf	2fb4b986a6e398f2003524a03f1edb4bd47c5e847dab1982289fd69dbeaa53a8	4461	unknown
Human_papillomavirus_31_NC_075191.gtf	c8f465d9cf670e9162b65a254d2eed903a7349f22764f99f4ccb90d0ddc7556f	15833	unknown
Human_papillomavirus_32_NC_001586.gtf	46b9330b0ca43bba9d776738706b7c47d45335192416e46b08c67831b7a2179b	4335	unknown
Human_papillomavirus_33_NC_075233.gtf	25e35e675ae8512e5d0745e444a612b02c2b34616ad33762afd9301adaad10b5	16249	unknown
Human_papillomavirus_34_NC_001587.gtf	b3b1d548adcde5a4af280d175f243d20c37379a3b7bc2e1fdffa2c2973ba0d88	4335	unknown
Human_papillomavirus_35_M74117.gtf	007d6ff28b31deba4b05ae70f97024553c1dfc7739ec6b374700fd5b2908eaa3	11881	unknown
Human_papillomavirus_36_U31785.gtf	6be297e9494e870ca99f46f26d38c274c1714c4260ed54a166047dd8dbae7619	4792	unknown
Human_papillomavirus_37_U31786.gtf	3c9833a7688e9da471bec27f6cd7daaae382d1af76a5ec8a7073327cceb7afd4	4792	unknown
Human_papillomavirus_38_NC_075251.gtf	9b66fc4beb67858136b2e52fc9c8568b5f5830969a32a7b7c697f7585c70d26e	5712	unknown
Human_papillomavirus_39_KC470231.gtf	642c843043bb2a7dc0d01b2564e8f592b2eab11639cd909481eb6b66859eed6f	10399	unknown
Human_papillomavirus_3_X74462.gtf	74bdd42131d3c4fec74d08ca78d351c01cbe3757443032e26779230f67f44328	4507	unknown
Human_papillomavirus_40_X74478.gtf	4c09920e8bbcdfcb2ba3ee84157508e4df68f9f29098ecda924d48f4be02880b	3711	unknown
Human_papillomavirus_42_M73236.gtf	b2b1a1593d035f5d531ca15befd1ab20b8da803259c7203bdfb4052bf9e1bd66	5705	unknown
Human_papillomavirus_43_AJ620205.gtf	19acc97eca3037d0b6f25719f291c668f8779f17bf2dd3855591aec6dc58ecc9	6343	unknown
Human_papillomavirus_44_U31788.gtf	252cc86b84ec4ffb1a919135ae40f5a09916b5472fcfe52123be9b2d83ce5cf6	4792	unknown
Human_papillomavirus_45_EF202156.gtf	2329f39a82f0f912ec58a91ee6e8450c785f9be31dd5ca4f8408ad98729506f4	10490	unknown
Human_papillomavirus_47_M32305.gtf	86b37470e20ac40d53e552c16accc1a35d20c76d016c7224e96bad55b675eafc	5114	unknown
Human_papillomavirus_49_NC_001591.gtf	b43d99ba84b414e9fbcc95ca40b6567d2c14da9ad9bf850eba8b0fe90de8e6ac	4287	unknown
Human_papillomavirus_51_KF436866.gtf	6afa8952b3d3ff981d163ff324d83bb61b0011b30759609d4731f53af855f759	9871	unknown
Human_papillomavirus_52_AB819272.gtf	c92bc3ed270a19ea5b9a0b409c3e61295491492514d28366958cbaf52b4391fa	10950	unknown
Human_papillomavirus_53_NC_001593.gtf	55584cbee13dff949f31660f374ff6d86ea4b0d78dce5bc49ef8ea5dc2d6f2ac	5523	unknown
Human_papillomavirus_54_NC_001676.gtf	af398fba873d39c23360c7d11f8a5ff4a1d0a8e777528739f9d80b824b16e9a4	6159	unknown
Human_papillomavirus_56_EF177176.gtf	52e39320bf72c2a295a5682aff13221dbf9c04357cdd24fbf94bc42063c95a6f	10465	unknown
Human_papillomavirus_57_X55965.gtf	742b67230c72c0dbfffd81d7bdde9ac34eb2891dfc8934df28c68f43d3a62654	4759	unknown
Human_papillomavirus_58_EU918765.gtf	a1f6545ce91529f5d936c3e25ed5a2f29a51187e50815282067127328054bdb5	10574	unknown
Human_papillomavirus_59_EU918767.gtf	b27ad6a94b458a9b3667d086a2c2de5e314def571e8fe40314ea60b16fd2ec2f	10628	unknown
Human_papillomavirus_5_NC_001531.gtf	b363cbc6c216b438de3e5d8526bb79336062747e2bb0ca2c647aea10c73a5fa9	6204	unknown
Human_papillomavirus_61_NC_001694.gtf	40e2e822d85c8a99903bc9db6243ffd44f0583fbc868cf33709c6b7b5ac124e2	5535	unknown
Human_papillomavirus_62_AY395706.gtf	595672656554de5bbc4d86bb041d34729015dfbe7b1271ca32c571f415a95724	4768	unknown
Human_papillomavirus_66_U31794.gtf	429773f2d2d4f142107a87080869b974228251746b8759a4ffdc2e47c469ea33	10267	unknown
Human_papillomavirus_67_D21208.gtf	ccdf59d66ae86a7b4dd01d91b91fa3de35d3a30b457d33802859d0f8bd31b699	5441	unknown
Human_papillomavirus_68_DQ080079.gtf	36508c050c6f559f70dd141c9fbc269116a4ba642b191fbe3dcd4c05a969fc19	5213	unknown
Human_papillomavirus_69_AB027020.gtf	a8e01431726cfd347465c16ce810c87a1850016901e835ca808e65bb30bcae07	9900	unknown
Human_papillomavirus_6_NC_001355.gtf	de6c96042220b5fa47fc779e8f4d425c7d4319b05bc0976eab0f8df063fe37c0	7185	unknown
Human_papillomavirus_70_U21941.gtf	55d740014c04b40e43a40f9bf96937860106d2d1bb069332fe2ff973fb940bb7	5858	unknown
Human_papillomavirus_71_NC_039089.gtf	b118b9b7d352fbde73de6d9eb068ff9bd574bfea2836cf847d1936d337fbce3d	5215	unknown
Human_papillomavirus_72_X94164.gtf	e1526ee0b2addec4231ecac9c3d0d90d5640356e1a610234ea3f2c44e8587861	5233	unknown
Human_papillomavirus_73_X94165.gtf	b1334faa2d1f84aff16ffcaca11efdbb156a69fa591456afff9a2316489ecddb	3642	unknown
Human_papillomavirus_74_AF436130.gtf	5c2afe6a4762d1e87f5d1e1c8280454864f7f7f8862c87373d1689f196cc5baa	5501	unknown
Human_papillomavirus_75_Y15173.gtf	76e0f696b85bd9cd43db1228a722e480db3a2890a25ee80814266bde61c6c23c	4690	unknown
Human_papillomavirus_76_Y15174.gtf	ef7290539f5ceceab6f0bbabd8593cd26c1f041e8c3905785c15844710891c89	4690	unknown
Human_papillomavirus_77_Y15175.gtf	516abf5c390616186ad380fc5394f8b44cd90de0d5b6cd3d898c87918d139b71	4636	unknown
Human_papillomavirus_78_KC138720.gtf	75991055a0c600e95d6e1e713294bae0257eee21977cff0de30741844e151c2a	4234	unknown
Human_papillomavirus_7_NC_001595.gtf	69dd3e3f3f8a97a320cd9fc09b8b813ec001b41d270f549b1e1f4dfd89f96ab3	4299	unknown
Human_papillomavirus_80_Y15176.gtf	03ce80b529e19064db6c17ea2b77edf638a0d55e90f5c309983c0f96fae5a819	4171	unknown
Human_papillomavirus_81_AJ620209.gtf	03b57642b6503bab52cbb7d807937c75ac52250df174787e94701e75cda06dde	6343	unknown
Human_papillomavirus_82_AB027021.gtf	c780facaf1232f4866d243a8b346f88e6ac32305a607eaa22b4371cca374836b	4571	unknown
Human_papillomavirus_83_AF151983.gtf	75d7dabf96dc313bada78e38a10fa7070cd372787ecf923c237cdde40bed0625	4489	unknown
Human_papillomavirus_84_AF293960.gtf	ae92014daccee7c6ee8d13b8f8b20b73e2768b727526dd5f37c6fb10f2604067	4768	unknown
Human_papillomavirus_86_AF349909.gtf	c3ea53681b2e80890577e4bb93e9619137cb77e6e8f536352a72b1ce04cb8cfa	4732	unknown
Human_papillomavirus_87_AJ400628.gtf	3f1757ac0a06c9f6f7de141c0dd28083db6751a7cc3d90a8bed137af549053cb	4546	unknown
Human_papillomavirus_89_AF436128.gtf	2485d4726721c2c2842ad83b0ab6e32a81482020523e2224d38caff39af70157	4849	unknown
Human_papillomavirus_8_M12737.gtf	5fa9591ab211a629cc11ed8c92dc91ac0963e4f2d2adb3e7f6af680d59e4946b	5199	unknown
Human_papillomavirus_90_NC_004104.gtf	9f637524cdac60e24766c48beb90bdaf17e9215eef0174f371fd4e75cc516229	5412	unknown
Human_papillomavirus_91_AF419318.gtf	79fc4f42052653fdc6c3b560c4a8c33852301f55370458516a6c1b0361a5d454	4999	unknown
Human_papillomavirus_92_NC_004500.gtf	684e3226d88c9ff051a01f462124f3c516e5bc59015596d296395cdd1d0320ca	5010	unknown
Human_papillomavirus_93_AY382778.gtf	c452562d7b7c2935fdab66dbf0bf6c311d2286b2eff4c837f4bf143f8e1305b7	4129	unknown
Human_papillomavirus_94_AJ620211.gtf	4ac0e11eb96f61215cdebca603bd64defb6b4e830503b5210c73315263142f6b	5114	unknown
Human_papillomavirus_96_NC_005134.gtf	abfa63cdb600f68437684fdc50b3f0dca672c1a8802bd2bafb3e3d22e973cbf1	5136	unknown
Human_papillomavirus_97_DQ080080.gtf	91dbbd563f97f8c6eab4678da21c63c61051d26a2bfcef35fbd601425643f839	5099	unknown
Human_papillomavirus_98_FM955837.gtf	b95e4c5e8c12d2933f5ddaa337c4d90639120b062aa1ac9c0ea7a911302970a6	4360	unknown
Human_papillomavirus_99_FM955838.gtf	741d37559405553f79fda95ebb3ebd43c86eee357a1ec78de75058a944c896fd	3735	unknown
Human_papillomavirus_9_NC_001596.gtf	f181adeb24a8e2a6f7c2552104234434307b77bb0ad2643a8b0a2749107b8ea7	5088	unknown
Human_parainfluenza_NC_003461.gtf	79ab8801559c6d7f5aacedc1b43f493189089bd289938a765fbba1038295f015	14664	unknown
Human_parainfluenza_virus_4a_NC_021928.gtf	ef3e27823decdf56b3944cf047d0e6044de8b1466baf0bcd92a1a713ed40fc43	1824	unknown
Human_parainfluenza_virus_4b_EU627591.gtf	2fe23402af93ef9c8bac4f396489d63dfff2b563323370789602c9aa0b5e9c63	1658	unknown
Human_parvovirus_B19_NC_000883.gtf	fb554602c9bc2f622b329388e8ba51074eb98af5f7d4ff2b6b264495104f0d4e	5474	unknown
Human_polyomavirus_12_NC_020890.gtf	b187dbbef3df3c9326de234674542c741564284907e52ad99c5c2818c7d21ae3	1507	unknown
Human_polyomavirus_6_NC_014406.gtf	37d03d419fe7ae044fe931c273317c846a71c84b5b75927dbd7ec83cdb022fb5	8921	unknown
Human_polyomavirus_7_NC_014407.gtf	3e03f4bfd30eaa55c27aa94200600ac10bd98c0bb45054eaded29fe22be95f38	8921	unknown
Human_polyomavirus_9_NC_015150.gtf	cac16d125bdc67c7d819fd027e20419645fd1775f333ca30099a8c131084f516	1564	unknown
Human_polyomavirus_IPPyV_FR823284.gtf	b700af85c20c893101a464c3093575b4d54bb924daa4be2700cc9cd0bba0893d	1462	unknown
Human_respiratory_syncytial_virus_NC_001781.gtf	8ba3b8934e59226bfb71d3ab9e46e2af208ad30a5e62081e65a07732e427121c	13955	unknown
Human_respirovirus_3_NC_001796.gtf	e7497c89e00cb02eb1c01656c18c28bcc055458dfa34527261402bb9d6132c43	2153	unknown
Human_rhinovirus_NC_001617.gtf	8d6cf7cfc911f8b66898ecef0d567c4fd1b3bc0ab851f2fa4241c0bd82a9c372	1007	unknown
Influenza_A_virus_NC_002016.gtf	795fa6c321fb703f2311f87965ffd92b6cb5530dd011c739a58e6b1959ce235b	2489	unknown
Influenza_A_virus_NC_002017.gtf	c64c65d6b1cf6998e0a77b8b7ba7754530b22e72fdb455bf49f1f50f0197b305	1092	unknown
Influenza_A_virus_NC_002018.gtf	4b5abf1c91146e75310ba4f0f01e7750acdd499c9ecd85b28b701b9f8ed94f70	906	unknown
Influenza_A_virus_NC_002019.gtf	d195efc15a2fe4491ce39abd5c002e55c4307caab3e691ac8dd3b65d157bb9c5	906	unknown
Influenza_A_virus_NC_002020.gtf	715a188940ec5c2d5b8cd5421150d7169c397d4adef4dfce678d62f4a1ddfe31	2140	unknown
Influenza_A_virus_NC_002021.gtf	f3eda2ecd8ae164859d831ef55a5738543847a50b44bfc175415562ed61db301	1839	unknown
Influenza_A_virus_NC_002022.gtf	3777667474b2ce4927496cff31b8e5e52e71101f82adea3d6f6dcb70e5e36d25	2370	unknown
Influenza_A_virus_NC_002023.gtf	e6cbabb71e806ec3789448dcd3666b7caea4b0126d6bef63cba3cdd807054115	1096	unknown
Influenza_B_virus_NC_002204.gtf	77a25e680d6a089a37fd9a77f3bd5aa148321c1d51c7a8e7e0983a2bb63900df	948	unknown
Influenza_B_virus_NC_002205.gtf	b7f831f662b5dfe2e68727a9e830b14a8ad637183213ea97c8478bfaf235db06	941	unknown
Influenza_B_virus_NC_002206.gtf	66665f603b02f84ddf4fde882e4d78490c89eb99d6f779bd925678d244e89450	934	unknown
Influenza_B_virus_NC_002207.gtf	cd3d1b3ad8c32d0b3d5c80d19c5cb9995c8a42876e5d51202432cea65cb15033	1001	unknown
Influenza_B_virus_NC_002208.gtf	a17577cc7fd3f50ff431faf1f6ae19584d8b2d1a115f3182ccd673fb52247d6e	940	unknown
Influenza_B_virus_NC_002209.gtf	993d8f92990bf347b2395ec13a802e6dc97aff8f85f031c0298659283505f0ed	1867	unknown
Influenza_B_virus_NC_002210.gtf	59504b7d1804f26b8ea0a47e3ea5aa0f74a055c67683829b26cbac7071dc32cd	948	unknown
Influenza_B_virus_NC_002211.gtf	d17d36874c9213820e26a5e1ba53e873ad64fa85d3671cd4fd6026779105f7b4	2234	unknown
Influenza_C_virus_NC_006306.gtf	c1bc70190bcd96a97c91f9514823e89806c1adc321bd08ac1874e790761efaef	2137	unknown
Influenza_C_virus_NC_006307.gtf	88320c72d00a12df06e6131b54470ad8d52d1aa94366c091532cc1abc47311d9	908	unknown
Influenza_C_virus_NC_006308.gtf	c3c39f5482c7281f9c91978d53db6a780eb66cbfc06e43e8b0c9bc09919997b0	908	unknown
Influenza_C_virus_NC_006309.gtf	855c25acd29ef6232b0d2966244fd156ff9aefc7e05364366a21b1f936d5516d	904	unknown
Influenza_C_virus_NC_006310.gtf	7bbfbb31510706e5bdefb5ac11d73b64629f674832164ea63275f01802b347b5	959	unknown
Influenza_C_virus_NC_006311.gtf	fd89c38fefa97108a6cc1d64ada9d21242b8ba1eecafaeaf9a2e8edf494b0600	907	unknown
Influenza_C_virus_NC_006312.gtf	59aa3642c026856f0127cd95bd7b10c62b4b91625614459a0d1035ac2ee4a07d	2074	unknown
Influenza_D_virus_NC_036615.gtf	8700f21f5a2019c694ed2a6b461d054cdf87c8fca5eb4952cb4a1bacbe25c98d	1783	unknown
Influenza_D_virus_NC_036616.gtf	346eb8727c6c822d07eb02a4e5903b053793e1186f6b56c3dbc365a976317f64	1783	unknown
Influenza_D_virus_NC_036617.gtf	3b45333419e4d287a98ba5b95d88e8c5280241098b85f5041c512d71a35026d0	1783	unknown
Influenza_D_virus_NC_036618.gtf	33a439ce1ec685ab46da35ef8b2576aaf6dc7a9f3bab4addf562311139c2dc29	1891	unknown
Influenza_D_virus_NC_036619.gtf	bf9c5ced00e96c0b8a2a40d158ecc9bba0a0e452698091a324f4a9de29f944fe	1777	unknown
Influenza_D_virus_NC_036620.gtf	2c7da0d60adbde087d1d2d0ff6cbfccc3cf615c9fdd1b5a2d89483f7a03b0438	1729	unknown
Influenza_D_virus_NC_036621.gtf	3cb0c03655ba2216f3d0e3f9bb96e554c93c9d9393c825be20649367bd1a47b2	4298	unknown
JC_polyomavirus_NC_001699.gtf	4a1021b72b78b0125bc526a39bac01b5aae20b8d6a2beb830327d3a8e2f797c6	5365	unknown
Japanese_encephalitis_virus_NC_001437.gtf	252f79bf64063309c6fcb32db6f12789343a009f22a3c2a38de666ead3558f43	2023	unknown
KI_Polyomavirus_NC_009238.gtf	0511895b140967e72c94294eeab74cb331f58d84b040cd160c14cfd9a3d85d8c	11991	unknown
Kyasanur_Forest_disease_virus_NC_039218.gtf	6702a062ef433ff50a54fa6ceb07fd55a718dfa913507f8c12f34022c8706fd5	251	unknown
Lake_Victoria_marburgvirus_NC_001608.gtf	7a3c2eabd8b2d069852dc3e85b6a2c635c0cf435ad492741a52379bb38a45d9f	10225	unknown
Langat_virus_NC_003690.gtf	305ff03dba434504010ff6b837974726e30f8099ab5dcb764857b6955666f1b4	892	unknown
Lassa_virus_NC_004296.gtf	9c4642708787a7ccc76c1b787b3057a3c6e99e4810789392cbd49dc2168e4c97	1701	unknown
Lassa_virus_NC_004297.gtf	6a0495684ac25be121ab1d8652e3409b3070d16298e5a69bc4570ea31c2cad87	1815	unknown
Louping_ill_virus_NC_001809.gtf	e1a8ec9d52efeb6ebaa65789e07230d01667233531c341af5e1b8aef8850cba6	1006	unknown
Lymphocytic_choriomeningitis_virus_NC_004291.gtf	a3846f003c2621f69164853fa13392d7fa09fd66818b3c4230929a6fa5a67db1	1775	unknown
Lymphocytic_choriomeningitis_virus_NC_004294.gtf	f8a13d57e3d2f188a9c53ade87a9eb0af5344cc7300ed818c4650199ef6d49e6	1724	unknown
MERS_coronavirus_NC_019843.gtf	8b131c5b7cb67e9e2a9778314944d1fcce8ac18f1c9c9a2cca71ccc822b43056	10253	unknown
MW_polyomavirus_NC_018102.gtf	7f51d00cbb5a73ae493aebdf18ec0605c93f5666329e34de6f5c4424f4283be0	1558	unknown
Macacine_alphaherpesvirus_1_NC_004812.gtf	6398bbddd977768720f04246055260fc1dc2bedae4de6e7bba1470352dbb2246	24010	unknown
Mayaro_virus_NC_003417.gtf	41f0fd3020c45417f69b11aaf8dc4df41b60d94e1cec65ebe1decb21d860c2ff	5202	unknown
Measles_virus_NC_001498.gtf	b10d3b8e9eec3df7d68b012b1480ea557bead5bd78ea7ce07f0c99534f6f2508	11601	unknown
Merkel_cell_polyomavirus_NC_010277.gtf	0a07fadcb5a4c7ff4f0bfa97c8f7c5c4751a1a73333bb686ce218950f91eb854	11193	unknown
Molluscum_contagiosum_virus_NC_001731.gtf	0defbb42129d30c20be3dbd1d4c3f6415ba1f9f1515366898c3ad0adba3cfa41	194821	unknown
Monkeypox_virus_NC_003310.gtf	65d0a7cacb53ee6b4d2b7987ec32f3726526ee23e242a25986650927f5a3fd96	267318	unknown
Mumps_virus_NC_002200.gtf	55c5542dccc985da66d622adb4d7de24e428e8e9055584f7d7b7945b242f3c65	7329	unknown
Murray_valley_encephalitis_virus_NC_000943.gtf	4755d327682b3306e391f848c4a3c57fa6a51a7c30b36a827e25db6127b37d34	3023	unknown
New_Jersey_polyomavirus_2013_NC_024118.gtf	7770ee2d279c824eed8a78d12e66fbbf3019623fbde9398e1f44a1f68f759d99	2434	unknown
Nipah_virus_NC_002728.gtf	112728b71eff13c5dd11d58977f32553f93b7af35d765a742f08a9370f8c9d67	8012	unknown
Norwalk_virus_NC_001959.gtf	f5ed0d1a9f6d94d1e9ebb21a0410643709e60cbba3212b3f8beff48506126b4a	3495	unknown
O_nyong_nyong_virus_NC_001512.gtf	002216ba09a7b483567ab8984e1f28c328b24873c3603685a9b05933564c9384	4894	unknown
Orf_virus_NC_005336.gtf	d1c22bde52cb8f4616dd1017bfc050c8d777b68fb17fa591c4e495a7c6337917	150411	unknown
Oropouche_virus_NC_005775.gtf	db910ef8b9129f08a7b21be2aaaff692226b0541e02425754e87e7c6eec0ed65	889	unknown
Oropouche_virus_NC_005776.gtf	6d92486609cf13b747f37ce204fb671e8e26bbd6da45ffaabb230ba4f86e1db3	858	unknown
Oropouche_virus_NC_005777.gtf	09cbb7485495895b88245bc71ead49cf2eb21c06adebc33a344d8dc8d9601b56	1817	unknown
Orthohantavirus_andesense_NC_003466.gtf	5c76ae9a4919a4ea3308149daeff8b99467faddf74a6a90230188ba0bcb36a60	508	unknown
Orthohantavirus_andesense_NC_003467.gtf	b39442f24fa2855a239ebb2d5e6bc70f893b655dd627aadb75376122422ea762	266	unknown
Orthohantavirus_andesense_NC_003468.gtf	287d3bead4c7467f773d4a989fc64bd3ba74cdf0584e50bd55059a40babc8dad	240	unknown
Orthohantavirus_bayoui_NC_038298.gtf	8a8b9a3b7e7d7ce71d0e97695e44be1d76c3c75f616c6abcce6b3d23f459a44d	275	unknown
Orthohantavirus_bayoui_NC_038299.gtf	0815f652be672687138a188dd25098b7a5eff66971c27b46e6459653487e9109	272	unknown
Orthohantavirus_bayoui_NC_038300.gtf	3b65b780b26a2aca36fd7144190de4ad150386ac9f79a31b5a586e46a280ba76	277	unknown
Orthohantavirus_puumalaense_NC_005223.gtf	7e3eec3da8742ebbaf07e19453cef8efb483333a805a4d9959dec5ba39fa3cb6	260	unknown
Orthohantavirus_puumalaense_NC_005224.gtf	8618c1f17d4cacb9f23e924f30b3228f5f83ed23dbd36366fd41d94d75eb203c	498	unknown
Orthohantavirus_puumalaense_NC_005225.gtf	b9133592258debeb737d416b476994553a5b2becce3cf9d831412ae74825c6b9	309	unknown
Orthohantavirus_sinnombreense_NC_005215.gtf	2ee18b2f433febce86df19a5c8e50d75b4e06c272b8bf0acd3129b255ed5fadc	269	unknown
Orthohantavirus_sinnombreense_NC_005216.gtf	27bc149993b577e3a1ae769ea280eca3edd798d1cf70a2b1a6d0ee4d1d91ada0	519	unknown
Orthohantavirus_sinnombreense_NC_005217.gtf	eb37ab28ca99502347d98a5bf552d3be4613f417298cfe9ce3daf384eec5130d	272	unknown
Poliovirus_NC_002058.gtf	227d5cdcebec25eda446b4e2ff1eceb9609e6b2ba36e3151d5b324ae074ce3f8	5090	unknown
Primate_bocaparvovirus_1_NC_007455.gtf	f7dfa6fe5919d7806ad8c580320ae8ec8befc076f410a5c64fff99239892e790	6730	unknown
Rabies_virus_NC_001542.gtf	db2a108c835f685f7187b19b14613ddadfe4c917c88785b1075e2ee44ad1fb1c	6270	unknown
Rocio_virus_NC_040776.gtf	10028a6c45a96084b734b38e29d7b06403c432c11e4287917810575bcc4eed12	252	unknown
Rosavirus_A_NC_024070.gtf	a4d07b1fa445f0398d0eaa05191461fead1272143f5548b6d876c1749605e247	1038	unknown
Ross_river_virus_NC_001544.gtf	ee20d8bd074a9fab58813c3cf792aaffbf860a0183b2d308ab4fd0d6ebc54c09	4881	unknown
Rotavirus_A_NC_011500.gtf	f7b72d590cb93be574548ef450d07c0f5ae38ae3611db4f6419f105a502778a7	797	unknown
Rotavirus_A_NC_011501.gtf	73f2080780803c682c03f481f6994a4e3613889377798fa9a89abf3fc36c49f8	793	unknown
Rotavirus_A_NC_011503.gtf	bfb23924deec8690b9fa65ee1644e0dff9ee40f9356a09be519119bb40dc3c9c	793	unknown
Rotavirus_A_NC_011504.gtf	ddff4e644aacbaa00eb4bc8aa27cb180af9ee75ac8c40e032ed77229abbcdc62	872	unknown
Rotavirus_A_NC_011505.gtf	ea5f6a714a3439fa10e8e516a12d58c44ef32496f640e6c4ccda72e2169fc37a	1744	unknown
Rotavirus_A_NC_011506.gtf	904025eaf1f0e89053b3fdbfb20cc1d72675ba9eff412b587cf9a53f04a11db7	793	unknown
Rotavirus_A_NC_011507.gtf	782c717e515bbf6927fc543de3429e3eb1c9f5005160530ec60a254b2ac945ad	793	unknown
Rotavirus_A_NC_011508.gtf	ff2f2b84c7fe60cbb7d310dd8b164ab85f10a9b0a3b93127579c14b08780feb0	793	unknown
Rotavirus_A_NC_011509.gtf	3603c01663e3b472fca40edc45ac89db9ca940eea5988091b9540a13e04ad51d	793	unknown
Rotavirus_A_NC_011510.gtf	004ece1472adec490339adb7ac6cee20474fe40daf69f718390d793f19b4ebe0	950	unknown
Rotavirus_B_NC_007548.gtf	87a35565d23304239acc9e50d4f04a1e73445c67d04ad450e4e0f927d84f028f	861	unknown
Rotavirus_B_NC_007549.gtf	0a2c96f75ed85971cc9f313684d02ed9b6228b4304f8177f18f41b07bb34c755	865	unknown
Rotavirus_B_NC_007550.gtf	f6b1d4ff046e5fb7215d0125dd0fa030d9a177598b685526511b582cd8515813	865	unknown
Rotavirus_B_NC_007551.gtf	a140f41a02ba1863856979b7a3828b6392fb86130cf94eaff4dddfdad01e5f8a	862	unknown
Rotavirus_B_NC_007552.gtf	83aebb8a152ee80a24de0e2f64f4187006d866b7707bd6e92fa74b081ccf66b4	868	unknown
Rotavirus_B_NC_007553.gtf	7eeb622d8caa2428ff49daaaefd3717f511d5faaee8dc61710cdd3182f40b2d0	865	unknown
Rotavirus_B_NC_007554.gtf	8a2224c9b702ac2c74f00ab210f35d08816f7d999783c04d914b0bd7351c0e2c	864	unknown
Rotavirus_B_NC_007555.gtf	1b83be05cf52d25d3c93ffef1514b22ef89392ad4ed61fe3619312856ffe6df9	864	unknown
Rotavirus_B_NC_007556.gtf	60f6f47f36de9a911f570e4843b8587f82b9ed73de900ab8b8761c4155b57651	861	unknown
Rotavirus_B_NC_007557.gtf	d70377baf61a8d42e9d9ad10426ccd3b9763bf876f672fa845c2273cacbad3d3	875	unknown
Rotavirus_B_NC_007558.gtf	d42c9b11d0f5e9e1e52db87e013e6e3ce2b0bb8b1131a2a6c8f7f7655be2e176	875	unknown
Rotavirus_C_NC_007543.gtf	c2b2620b12a30e89d930b14d351e96e41fae58707dfbe4ca6e720e6d4620594d	1296	unknown
Rotavirus_C_NC_007544.gtf	879263e01458008e3f7b11ce7d98de3994589ba3081fcea3ca2c4661a495830e	1050	unknown
Rotavirus_C_NC_007545.gtf	e85c40332af5b1746769dafa78e6e0d14550fb600f78532893f3ec81e431e487	1271	unknown
Rotavirus_C_NC_007546.gtf	8e705c9bcb2333aed1676dc405ac5e8cfdbdf59e7ee9b250276cf8ae34f14d7c	1037	unknown
Rotavirus_C_NC_007547.gtf	6b74a8a56fef4a4c02643a5817292e448533a8b8908a8968398e2e0822ba3726	1109	unknown
Rotavirus_C_NC_007569.gtf	b7b64145a12157dad8d1dc9e9997feabb7d5355b4bcf52e45f0c23dc0ba6092e	946	unknown
Rotavirus_C_NC_007570.gtf	cfdf5affc5e2342f382f932965e093c7a57d51f565b8a01a4e860ae2589fd3d6	1763	unknown
Rotavirus_C_NC_007571.gtf	9371d67dc8b2f882cb7c78b5f0a6185b4cc7672b5e313544a83464e3483fa1d5	1037	unknown
Rotavirus_C_NC_007572.gtf	d9ab40b6fb88fe2c9b6804ebd38554c4bc683b22b8d4ed58cec08aed9a658f31	1301	unknown
Rotavirus_C_NC_007573.gtf	8fcbe509cf71dd9229fa7209bc840726b1ed49112d399d4aee72b835c5abd501	1005	unknown
Rotavirus_C_NC_007574.gtf	f6e9e45a8fca3b38e716ffbb3ed7c4e1f8ae1aaf344bbf6b733572505c0e4d9f	1099	unknown
Rubella_virus_NC_001545.gtf	715dc8d76453345a5b1cea21a5b9878128deeb0c98643a51df663a46ab259483	2627	unknown
STL_polyomavirus_NC_020106.gtf	02a683e14f6132fcb8ab220c3412e0dcf1228c61079acf82bd6e961e8bc658af	2028	unknown
Salivirus_A_NC_012957.gtf	6e508398284e5748c33b99003fb8ee4fe29ae17436591cf7619883fbdc672df9	895	unknown
Sapporo_virus_NC_006554.gtf	37f9fb727a4d09563b2af620374bc365a46bb4260844ded1720729c416cab555	1728	unknown
Semliki_forest_virus_NC_003215.gtf	ac8bb901bb7288106f37f7bff06e6a4c0f33d9934f531f0a72276c5b16b3c7b5	4305	unknown
Seoul_virus_NC_005236.gtf	8992d08f751ffc05fbbc25728a81d631035f4357ff2207ac43386f46cb853c53	868	unknown
Seoul_virus_NC_005237.gtf	8855163435282cfa5260c8b4aa60294b8dfaf6f25e5f29bf3bd6b33bbc2b92a2	871	unknown
Seoul_virus_NC_005238.gtf	be4e3225b02d3ca3b191fb42be35a2c4f362da62ea5697dac6837065505858c2	1295	unknown
Severe_acute_respiratory_syndrome_coronavirus_2_NC_045512.gtf	05b27f66b247fdfb11a2542ef3dc8f32d5bf1dd14b0a50ca3633e338a719049d	23825	unknown
Simian_virus_40_NC_001669.gtf	b6016b99b5ece9b2e42b5f8f14596697e71b4f1748e620212a6be2a4d73be7cd	2722	unknown
Sindbis_virus_NC_001547.gtf	079b2d5f34224e8934d55f41bc4734b1ed49823638c784ffbef9f8685311f10c	5831	unknown
St_louis_encephalitis_virus_NC_007580.gtf	2b154560299753fb210e221b92a440cf8df98e14cec96c85f12c7c5e209fcbda	923	unknown
Tick_borne_powassan_virus_NC_003687.gtf	1faa7e484228920cd5e89e8eb4a2443f500bcc26dbee1e581a52f1bc233b2d09	876	unknown
Torque teno virus 11.gtf	d3c0b9c58418a8a2a1661f114b493bd2db35359068e5427605b3616df2ff47e2	1671	unknown
Torque teno virus 12.gtf	339762ad286893dea9f96c8b4ea89eea0328edeba8c7fc4a582b6fdfc0538723	4046	unknown
Torque teno virus 16.gtf	bc7d389066c0fb6c15c3437d6a5d2c736d4b4480c5d6482a80a00734d3e3e71f	1846	unknown
Torque teno virus 28.gtf	82f6dcc38478267cadc3f5d8995b84131e818769dc174b14dfc220c345d681df	4244	unknown
Torque teno virus 8.gtf	2abce878b7b3e713b654d7c2235db0fe9eb5f510fe0bd81aedd0030195c15572	4010	unknown
Toscana_virus_NC_006318.gtf	17ca72d7a706c851b3a3b485bca7766a6423b9b0239458044a0bcb0a55b96464	2551	unknown
Toscana_virus_NC_006319.gtf	cd6b9eb9d5387a29a75c24fe390aebaa3a52edb942cdb3a7079859dd15d29ae4	1151	unknown
Toscana_virus_NC_006320.gtf	145dbce895e2eb76e4ddd51a0ef3a59e0bef40e9d1ae1d2d7f95eb839c6c7f6d	1365	unknown
Toscana_virus_PV891900.gtf	9bb72869718849ba730a5c1434d58ac3e6fa9c9d7d836dbf3b5c8ff96e1eec3d	474	unknown
Toscana_virus_PV891901.gtf	14868783df4432612459c460c7fe5e5357fa80ee3e59c8aa5a07f5b2ca78d881	274	unknown
Toscana_virus_PV891902.gtf	6858a1e71a346af9117d1e59128799f1fac07c68a12807c99fb1ba703d23a318	240	unknown
Trichodysplasia_spinulosa_associated_polyomavirus_NC_014361.gtf	033496b9b769e4dc100644c59ddd2210525cc62d524d4ec63dbc0de39099b5db	9712	unknown
Vaccinia_virus_NC_006998.gtf	6cdb46a36375d4b61b9ee0e11b2d85410a776f28be9bd99900d324a3e7be9278	387244	unknown
Varicella_zoster_virus_NC_001348.gtf	130d9a56c90f05d9b0144e91992bd2bb720274da748f3f4eb0dd0339a2160624	95059	unknown
Variola_virus_NC_001611.gtf	f3fc9f6a5dd6031441c99f922b13059bcfcdfc0edb5114e70e3437426d1b854d	361676	unknown
Venezuelan_equine_encephalitis_virus_NC_001449.gtf	791e4557003e7e9bd6c55e6a391f0611f98b3dd49a8d14c16ea5fd50557df41a	7065	unknown
Vesicular_stomatitis_virus_NC_001560.gtf	76d1b33a002fb9e6f522adb1f42b3c790da5e440c9a53fef52e6bf688c5bfa95	6748	unknown
WU_polyomavirus_NC_009539.gtf	1bc8dd99a8808f5615ddef74ac06495d2173ec84a1a32abff71749fd0980aa5f	12079	unknown
West_Nile_virus_NC_001563.gtf	c3ba595a960a5a74c9297d6deb0184ed8894990835a4372b4f48762c231119a2	2984	unknown
West_Nile_virus_NC_009942.gtf	18727886039ae79123aae352e9edf8d8899f379cfa2d044371cd90dd5a173b8d	1596	unknown
Western_chimpanzee_simian_foamy_virus_NC_001364.gtf	6ef9e455c479ead9edc51d686567374ad5bc17cf458efb51b8b658a5b1db4206	10061	unknown
Western_equine_encephalitis_virus_NC_003908.gtf	44ae238255f82c1851b0b6be3c2d2d179db842870269abeb7dbaa1e033bd503c	4450	unknown
Yaba_like_disease_virus_NC_002642.gtf	24778a8e791b64c14172c581e420e33b9a6074a464d97f3d683cd0a093580513	183191	unknown
Yellow_fever_virus_NC_002031.gtf	d9aa8c81f398fd8ea570933778b706c8b5ed29ef2e5129cf7a05dac6461cb8a0	1419	unknown
Zika_virus_NC_012532.gtf	92b57f039a65039b74c9642a0f8f3930f45bc3b363660a3c805da3dbab4769ea	894	unknown
camel_hepatitis_E_virus_genotype_7a_KJ496143.gtf	b5846bf34a8ebf095759a359579454034f16d2b9bc8dead79f868c2ba68df235	734	unknown
dengue_virus_type_2_NC_001474.gtf	abf0f9a1be2e04d30ddc4825d9152e1ea6464e9add8f9314c18fbd8be1140984	296	unknown
dengue_virus_type_3_NC_001475.gtf	9f76973ceec406884ef74e69fe8e4ff243811fefcd6d80f338a8ccad83bd61c0	248	unknown
dengue_virus_type_4_NC_002640.gtf	df630a46ad24582f29e42907d0c89b1a1894ed83e740b9b64776bc4400903ccf	243	unknown
enterovirus_D68_NC_038308.gtf	4ad6e71ac857ef280f01284330241f6a8b190cc7e8f3559fe3fc4e5c29ec67fe	244	unknown
hepatitis_B_virus_genotype_C_AB540583.gtf	0e278026f6d99b7b246651488e1569820d7c68e5ae99e7172ec44d3059aa6117	1361	unknown
hepatitis_B_virus_genotype_E_HE974380.gtf	ce2018a6591b2fa4afcad3d1152a8714cc8821992be8802cf55233084e55f6dc	1351	unknown
hepatitis_B_virus_genotype_G_AF160501.gtf	650f598eb519f013c47c1f3760e2378d1a2fa8927f049c08b3bb8d2a4644c826	1155	unknown
hepatitis_B_virus_genotype_H_AB516393.gtf	68d8705afb759390a96b810743f2f4809699fb37f99eb642b806379ba24d0f47	1373	unknown
hepatitis_D_virus_2_NC_059682.gtf	81c5af7633a33ef517bfae738d394435d634a87437dbf3f809b77792634b51e7	505	unknown
hepatitis_D_virus_4_NC_075122.gtf	44f0e06fb90f010057b2cd978be1dc7cbd899b064e0370cf8038ca3ad1ee2cb9	247	unknown
rhinovirus_B14_NC_001490.gtf	aad6469b09b721917113b81147cf8a284efcb59fc274626e4b47183ff5f6493a	232	unknown
rhinovirus_C5_EF582386.gtf	0ad48411f74cc2615fe1909834e473d59ce7725ea338a0163f8d38088e666673	214	unknown
simian_adenovirus_1_NC_006879.gtf	1950e1bba53137f9ee40fa91d16949531ea8adde20c69e97a62216caac01ac5a	10317	unknown
