target	sibling	gene	status	sibling_aa	aa	ratio	coverage	pident	hsp_aa	start	end	evalue	bitscore
M12737.1	NC_001531.1	E6	modelled	157	155	0.987	0.975	69.935	153	196	663	1.93e-75	233.0
M12737.1	NC_001531.1	E7	modelled	103	103	1.0	1.0	75.728	103	653	964	2.41e-51	162.0
M12737.1	NC_001531.1	E1	modelled	606	603	0.995	0.988	84.167	600	951	2762	0.0	1053.0
M12737.1	NC_001531.1	E2	modelled	514	498	0.969	0.514	73.962	265	2704	4200	1.84e-135	422.0
M12737.1	NC_001531.1	L2	modelled	518	518	1.0	1.0	86.68	518	4281	5837	0.0	870.0
M12737.1	NC_001531.1	L1	modelled	516	542	1.05	0.996	87.209	516	5767	7395	0.0	949.0
NC_039089.1	NC_001526.4	E6	modelled	158	155	0.981	0.829	35.878	131	102	569	1.70e-29	102.0
NC_039089.1	NC_001526.4	E7	modelled	98	89	0.908	0.918	47.778	90	559	828	1.07e-19	71.6
NC_039089.1	NC_001526.4	E2	modelled	365	384	1.052	1.0	40.874	389	2704	3858	8.19e-85	270.0
NC_039089.1	NC_001526.4	L2	modelled	473	446	0.943	0.937	47.107	484	4443	5783	1.38e-107	340.0
NC_039089.1	NC_001526.4	L1	modelled	505	528	1.046	0.976	58.73	504	5755	7341	0.0	588.0
