accession	curation_id	panel	sibling_group	decided_by
NC_038298	A2	shipped		user 2026-10-08
NC_038299	A2	shipped		user 2026-10-08
NC_038300	A2	shipped		user 2026-10-08
PV891900	A3	shipped		user 2026-10-08
PV891901	A3	shipped		user 2026-10-08
PV891902	A3	shipped		user 2026-10-08
EU627591	A4	shipped		user 2026-10-08
NC_040776	A5	shipped		user 2026-10-08
NC_039218	A6	shipped	KFDV	user 2026-10-08
JN860200	A6	shipped	KFDV	user 2026-10-08
NC_004812	A7	shipped		user 2026-10-08
NC_001460	B1	shipped		user 2026-10-08
NC_011202	B1	shipped		user 2026-10-08
NC_011203	B1	shipped		user 2026-10-08
NC_010956	B1	shipped		user 2026-10-08
NC_003266	B1	shipped		user 2026-10-08
NC_001454	B1	shipped		user 2026-10-08
NC_006879	B2	shipped		user 2026-10-08
NC_003443	B3	shipped		user 2026-10-08
NC_001796	B3	shipped		user 2026-10-08
NC_021928	B3	shipped		user 2026-10-08
NC_001490	B5	shipped		user 2026-10-08
EF582386	B5	shipped		user 2026-10-08
AB593690	B6	shipped		user 2026-10-08
LC646471	B7	shipped		user 2026-10-08
KJ496143	B7	shipped		user 2026-10-08
NC_038504	B7	shipped		user 2026-10-08
NC_001474	B8	shipped		user 2026-10-08
NC_001475	B8	shipped		user 2026-10-08
NC_002640	B8	shipped		user 2026-10-08
NC_009942	B9	shipped		user 2026-10-08
NC_005215	B10	shipped		user 2026-10-08
NC_005216	B10	shipped		user 2026-10-08
NC_005217	B10	shipped		user 2026-10-08
NC_005224	B11	shipped		user 2026-10-08
NC_005223	B11	shipped		user 2026-10-08
NC_005225	B11	shipped		user 2026-10-08
NC_003466	B11	shipped		user 2026-10-08
NC_003467	B11	shipped		user 2026-10-08
NC_003468	B11	shipped		user 2026-10-08
NC_015150	B12	shipped		user 2026-10-08
NC_020890	B12	shipped		user 2026-10-08
FR823284	B12	shipped		user 2026-10-08
NC_020106	B12	shipped		user 2026-10-08
NC_024118	B12	shipped		user 2026-10-08
NC_018102	B12	shipped		user 2026-10-08
NC_004295	B13	shipped		user 2026-10-08
NC_059682	B14	shipped		user 2026-10-08
NC_075122	B14	shipped		user 2026-10-08
L22063	B14	shipped		user 2026-10-08
HE974370	B15	shipped		user 2026-10-08
AB540582	B15	shipped		user 2026-10-08
AB540583	B15	shipped		user 2026-10-08
HE974380	B15	shipped		user 2026-10-08
HE974366	B15	shipped		user 2026-10-08
AF160501	B15	shipped		user 2026-10-08
AB516393	B15	shipped		user 2026-10-08
NC_009823	B16	shipped		user 2026-10-08
NC_009824	B16	shipped		user 2026-10-08
NC_009825	B16	shipped		user 2026-10-08
NC_009826	B16	shipped		user 2026-10-08
NC_009827	B16	shipped		user 2026-10-08
NC_030791	B16	shipped		user 2026-10-08
U22521	B17	shipped		user 2026-10-08
D90457	B17	shipped		user 2026-10-08
NC_038308	B17	shipped		user 2026-10-08
