accession	species	group	group_basis	genome_length	n_kmers	frac_unique	frac_not_in_panel	frac_sibling	frac_other_group
AB516393	Hepatitis B virus genotype H	Orthohepadnavirus	ictv_genus	3215	3154	0.7936	0.9217	0.1363	0.1484
AB540582	Hepatitis B virus genotype B	Orthohepadnavirus	ictv_genus	3215	3185	0.7209	0.8490	0.2468	0.1717
AB540583	Hepatitis B virus genotype C	Orthohepadnavirus	ictv_genus	3215	2960	0.7260	0.8997	0.2193	0.1764
AF160501	Hepatitis B virus genotype G	Orthohepadnavirus	ictv_genus	3248	3218	0.7492	0.8999	0.2094	0.1557
D90457	Coxsackievirus A24	Enterovirus	ictv_genus	7461	7431	0.9863	0.9886	0.0137	0.0000
DQ447649	Ravn virus	Orthomarburgvirus	ictv_genus	19114	19084	0.0000	0.9926	1.0000	0.0000
EU627591	Human parainfluenza virus 4b	Orthorubulavirus	ictv_genus	17361	17331	0.9648	1.0000	0.0352	0.0000
HE974366	Hepatitis B virus genotype F2	Hepatitis B virus genotype F2	species	3215	3185	0.7648	0.9297	0.0000	0.2352
HE974370	Hepatitis B virus genotype A1	Hepatitis B virus genotype A1	species	3221	3129	0.6957	0.8690	0.0000	0.3043
HE974380	Hepatitis B virus genotype E	Orthohepadnavirus	ictv_genus	3212	2772	0.6955	0.8434	0.2918	0.1223
JN860200	Alkhumra hemorrhagic fever virus	Orthoflavivirus	ictv_genus	10546	10516	0.1529	0.9996	0.8471	0.0000
KJ496143	Camel hepatitis E virus genotype 7a	Paslahepevirus	ictv_genus	7224	7194	0.9954	0.9971	0.0014	0.0032
L22063	Hepatitis delta virus genotype 3	Hepatitis delta virus genotype 3	species	1677	1647	0.9933	0.9957	0.0000	0.0067
LC646471	Hepatitis E virus type 4	Hepatitis E virus type 4	species	7262	7228	0.9945	0.9997	0.0000	0.0055
NC_004812	Macacine alphaherpesvirus 1	Simplexvirus	ictv_genus	156789	137255	0.7793	0.9197	0.2201	0.0027
NC_005225	Puumala virus segment L	Orthohantavirus	ictv_genus	6550	6520	1.0000	1.0000	0.0000	0.0000
NC_006879	Human adenovirus 52 (species G)	Human adenovirus 52 (species G)	species	34450	34329	0.4521	0.9991	0.0000	0.5479
NC_038298	Orthohantavirus bayoui segment	Orthohantavirus	ictv_genus	1958	1928	0.9881	1.0000	0.0119	0.0000
NC_038299	Orthohantavirus bayoui segment	Orthohantavirus	ictv_genus	6554	6524	0.9989	0.9997	0.0009	0.0002
NC_038300	Orthohantavirus bayoui segment	Orthohantavirus	ictv_genus	3677	3647	0.9995	1.0000	0.0005	0.0000
NC_038308	Enterovirus D68	Enterovirus	ictv_genus	7367	7337	0.9925	0.9959	0.0075	0.0000
NC_038504	Rat hepatitis E virus	Rocahepevirus	ictv_genus	6965	6935	1.0000	1.0000	0.0000	0.0000
NC_039218	Kyasanur Forest disease virus	Orthoflavivirus	ictv_genus	10376	10346	0.8969	1.0000	0.1031	0.0000
NC_040776	Rocio virus	Orthoflavivirus	ictv_genus	10794	10764	0.9992	0.9998	0.0005	0.0004
NC_076164	Macacine alphaherpesvirus 1	Simplexvirus	ictv_genus	157447	138449	0.6974	0.9178	0.3020	0.0030
NC_076165	Macacine alphaherpesvirus 1	Simplexvirus	ictv_genus	157321	137650	0.7002	0.9254	0.2994	0.0029
NC_077808	La Crosse virus segment L	Orthobunyavirus	ictv_genus	984	954	0.0881	0.0881	0.9119	0.0000
NC_077809	La Crosse virus segment M	Orthobunyavirus	ictv_genus	4526	4496	0.1228	0.1228	0.8772	0.0000
NC_077810	La Crosse virus segment S	Orthobunyavirus	ictv_genus	6980	6950	0.1629	0.1629	0.8371	0.0000
PV891900	Toscana virus segment S	Phlebovirus	ictv_genus	1869	1839	0.6487	0.6487	0.3513	0.0000
PV891901	Toscana virus segment M	Phlebovirus	ictv_genus	4184	4154	0.7713	0.7713	0.2287	0.0000
PV891902	Toscana virus segment L	Phlebovirus	ictv_genus	6404	6343	0.5739	0.5739	0.4261	0.0000
U05876	Coxsackievirus A16	Enterovirus	ictv_genus	7413	7383	0.0000	0.0000	1.0000	0.0000
U22521	Enterovirus A71	Enterovirus	ictv_genus	7408	7378	0.9745	0.9821	0.0255	0.0000
