source_repo	pinned_commit	path_in_repo	local_path	bytes	sha256	note
clareaulab/human_anellovirus_pangenome	3ed77e194ee1a6c14480fd1c62588ac0a7309d93	ref/hardmasked_cdhit_rep_anelloviridae_061725_genomic.fa	anello/ref/hardmasked_cdhit_rep_anelloviridae_061725_genomic.fa	6026394	670c2754e15176f7804d229886739cac81f8d7c426dd6ec91fed278833089dbb	
clareaulab/human_anellovirus_pangenome	3ed77e194ee1a6c14480fd1c62588ac0a7309d93	ref/anello_t2g.txt	anello/ref/anello_t2g.txt	131519	05b11fde231f2bffe0a4a7a35e65dea27786ee068ff8a468be1456083a3db0c1	
clareaulab/human_anellovirus_pangenome	3ed77e194ee1a6c14480fd1c62588ac0a7309d93	ref/anello_for_kallisto.gtf	anello/ref/anello_for_kallisto.gtf	641373	ba7b7e068fe571611def7bc55b3b78db56703746e9625e0400a71b5d4066e8f9	
clareaulab/human_anellovirus_pangenome	3ed77e194ee1a6c14480fd1c62588ac0a7309d93	ref/anello_sizes.txt	anello/ref/anello_sizes.txt	32374	306af97a279466e0bd165782bd56a9a1b3a036615e89dc4ccacff38a4e030872	
clareaulab/human_anellovirus_pangenome	3ed77e194ee1a6c14480fd1c62588ac0a7309d93	ref/kallisto_idx.sh	anello/ref/kallisto_idx.sh	233	3491d061ab37c56e5259fa6264fdcd80dc3bbf2631408fe8130da446bbbedb38	
clareaulab/human_anellovirus_pangenome	3ed77e194ee1a6c14480fd1c62588ac0a7309d93	simple_anello_metadata_V2.csv	anello/simple_anello_metadata_V2.csv	612262	645ed8e3d3e6c50304c96a68ed2f765473d0bfc93980b00873e4d014468a27a0	
clareaulab/human_anellovirus_pangenome	3ed77e194ee1a6c14480fd1c62588ac0a7309d93	construction/vclust/genus.tsv	anello/construction/vclust/genus.tsv	51930	1546d63f624fb617066459981520d336ea89ea192fd6a8c3205f2fe429bd2ffd	
clareaulab/human_anellovirus_pangenome	3ed77e194ee1a6c14480fd1c62588ac0a7309d93	construction/vclust/species.tsv	anello/construction/vclust/species.tsv	53843	bc8f558d68877c0fb2c0832959f486ab4ca39aca3df2f9c8a9894ea633e6ca1d	
clareaulab/human_anellovirus_pangenome	3ed77e194ee1a6c14480fd1c62588ac0a7309d93	construction/vclust/clusters.tsv	anello/construction/vclust/clusters.tsv	78067	ba2d19b8962d626ae50d1c237698f20dad9cf2d59624ae7fa26362452ed6c7cb	
clareaulab/human_anellovirus_pangenome	3ed77e194ee1a6c14480fd1c62588ac0a7309d93	construction/vclust/liden_clusters.tsv	anello/construction/vclust/liden_clusters.tsv	49858	cc456838fa60b6c922a4ff7e840f8be589fdcbc50d99f8deaad2eee77e001121	
clareaulab/human_anellovirus_pangenome	3ed77e194ee1a6c14480fd1c62588ac0a7309d93	construction/anello_phylo/trimmed_orf1_cdhit_rep_anelloviridae_061725_orfs.msafaa.contree	anello/construction/anello_phylo/trimmed_orf1_cdhit_rep_anelloviridae_061725_orfs.msafaa.contree	88239	c1aaa7ca70fef0a365b950c9338c9006eed99ed6013f2c1e1cc86100e9a8b3d0	
clareaulab/human_anellovirus_pangenome	3ed77e194ee1a6c14480fd1c62588ac0a7309d93	construction/anello_phylo/trimmed_orf1_cdhit_rep_anelloviridae_061725_orfs.msafaa.treefile	anello/construction/anello_phylo/trimmed_orf1_cdhit_rep_anelloviridae_061725_orfs.msafaa.treefile	97297	2f3fbf49072854182a383ac6fe14d091b49d0ab4241f3ec26af04595bb7b4927	
clareaulab/human_anellovirus_pangenome	3ed77e194ee1a6c14480fd1c62588ac0a7309d93	construction/anello_phylo/orf1_cdhit_rep_anelloviridae_061725_orfs.faa	anello/construction/anello_phylo/orf1_cdhit_rep_anelloviridae_061725_orfs.faa	1542510	e0314543392deb807aa5db58f8618603c3149445ca27b763f0e7b65851a7cf88	
clareaulab/human_anellovirus_pangenome	3ed77e194ee1a6c14480fd1c62588ac0a7309d93	construction/anelloviridae_061725_orfs.faa	anello/construction/anelloviridae_061725_orfs.faa	2719346	3c9e52ae90ac078ae35ea65a5f9e2abdd1e565779f92ec2adf07c1e4fbf4ffed	
clareaulab/human_anellovirus_pangenome	3ed77e194ee1a6c14480fd1c62588ac0a7309d93	example/expected_output/full_SRR32170409/anello_detected.tsv	anello/example/expected_output/full_SRR32170409/anello_detected.tsv	311	5328b28b23f6c52a72fa22c7ecff6052bf7c3de5b03a7520e760c21f3fc0c083	
clareaulab/human_anellovirus_pangenome	3ed77e194ee1a6c14480fd1c62588ac0a7309d93	example/expected_output/full_SRR32170409/run_info.json	anello/example/expected_output/full_SRR32170409/run_info.json	818	02628935bad6189c7f7782626a6eb6c77cffcd4e44a93d638a72c6d54ede27e5	
clareaulab/human_anellovirus_pangenome	3ed77e194ee1a6c14480fd1c62588ac0a7309d93	example/README.md	anello/example/README.md	2239	d73f8b11e3beb82b677121cac30e72aa99ae3f1a3f995d7a75d50cb64571e3d2	
clareaulab/human_anellovirus_pangenome	3ed77e194ee1a6c14480fd1c62588ac0a7309d93	example/00_download.sh	anello/example/00_download.sh	642	42b1998dcc6f661b79c60d5744d2955813ecea3a2c3d7bf09cfb2b46b10ed688	
clareaulab/human_anellovirus_pangenome	3ed77e194ee1a6c14480fd1c62588ac0a7309d93	example/01_kallisto.sh	anello/example/01_kallisto.sh	872	5a0e87df9b36c3a00e882a351878901f41cf01c64e2b6970ed4a4752b5143ef7	
clareaulab/human_anellovirus_pangenome	3ed77e194ee1a6c14480fd1c62588ac0a7309d93	example/02_summarize.R	anello/example/02_summarize.R	1948	caf0b9c78d81f8f14677788e66f5f281c92addc00b25b59d6a99338b49511f0b	
clareaulab/human_anellovirus_pangenome	3ed77e194ee1a6c14480fd1c62588ac0a7309d93	construction/07_dustmask.sh	anello/construction/07_dustmask.sh	2083	d1fcd931bc5adeae1a39f17f0e4f16a05136579fb87f86ce444e4a197ec12958	
clareaulab/human_anellovirus_pangenome	3ed77e194ee1a6c14480fd1c62588ac0a7309d93	construction/01_ncbidatasets_anello.sh	anello/construction/01_ncbidatasets_anello.sh	1088	94d40d2897eb3203991d4b537d4ffa1bb7e96c92b13f5f0d741871a05d5b2304	
caleblareau/pan-viral-reactivation	74136de5f50733aaddbfba96f10da457d4e2820f	reference/pan_virus_cds.fasta	panviral/reference/pan_virus_cds.fasta	1105745	98a4b14b414946789a6d9437127f4eac1f047b13b17ce6ab08ba5c7141b3a6ec	
caleblareau/pan-viral-reactivation	74136de5f50733aaddbfba96f10da457d4e2820f	reference/pan_virus_annotation.txt	panviral/reference/pan_virus_annotation.txt	128394	132c30cd1593099295aa3321d8d77b89dbc4e80e932d760120326d5e3857ab6f	
caleblareau/pan-viral-reactivation	74136de5f50733aaddbfba96f10da457d4e2820f	reference/pan_virus_annotation_plain.tsv	panviral/reference/pan_virus_annotation_plain.tsv	18481	593cc1b550af55a39fa8eb2e4e00d5648c0ebbccb5368f6b7e4422587f030c75	KNOWN DEFECT (upstream, left as-is): line 532 / EC=530 has stray leading '[' in Nuccore -> '[NC_001699.1'. Only malformed row in 724. Fix before any accession join. See VENDOR_REPORT.md section 5
caleblareau/pan-viral-reactivation	74136de5f50733aaddbfba96f10da457d4e2820f	reference/matrix.ec.txt	panviral/reference/matrix.ec.txt	7113	e4486e8b1c211d40fffd64afdcc64425aea8354b3d7fe9bed6f354d3b9c756e9	
caleblareau/pan-viral-reactivation	74136de5f50733aaddbfba96f10da457d4e2820f	roan_hiv_reference/hiv.fa	panviral/roan_hiv_reference/hiv.fa	17363	fa0c6d0b885eab14f25bb0f045696637179a7aabbdf1009c44888aba3f520430	
caleblareau/pan-viral-reactivation	74136de5f50733aaddbfba96f10da457d4e2820f	roan_hiv_reference/pan_with_hiv.fa	panviral/roan_hiv_reference/pan_with_hiv.fa	1123108	c4481b98e9b198b5ec10cdfedb56320b8d2bea89abfb7bda2f464c238d605a52	
caleblareau/pan-viral-reactivation	74136de5f50733aaddbfba96f10da457d4e2820f	sample-text-files/data/ALLO_Sample34_pan.kb.txt	panviral/sample-text-files/data/ALLO_Sample34_pan.kb.txt	945808	09b47e25ce22b6f21a4371836d730855aa304b70e891a24a0e3c9541bd6f2ea3	
caleblareau/pan-viral-reactivation	74136de5f50733aaddbfba96f10da457d4e2820f	sample-text-files/data/ALLO_Sample38_pan.kb.txt	panviral/sample-text-files/data/ALLO_Sample38_pan.kb.txt	101867	38c2f1dd7ab0a4bd9937a842f3f13562f1ca8d756f1abcda45f0b3e855f35cba	
clareaulab/ad-hsv-mapping	538013693f120fde146a9f038ee8428bedddcbc2	reference-genomes/HSV1-LATonly.fasta	hsv/reference-genomes/HSV1-LATonly.fasta	8600	f47f3cfb5014e3d4937d9b675afed2526cb4e5d5d817aa09e540a79a8225fd89	pinned=HEAD tree sha (2026-08-26)
clareaulab/ad-hsv-mapping	538013693f120fde146a9f038ee8428bedddcbc2	reference-genomes/HSV1-coding.fasta	hsv/reference-genomes/HSV1-coding.fasta	141268	0c289d607a20e758afcad4aa33c4445cc3f30aed248ec4ebf27e41d11b41b89e	pinned=HEAD tree sha (2026-08-26)
clareaulab/ad-hsv-mapping	538013693f120fde146a9f038ee8428bedddcbc2	reference-genomes/VZV-coding.fasta	hsv/reference-genomes/VZV-coding.fasta	132849	1a003ee3e75f21b4efa83a4dd7ea4f550005469e6c242ab4cdb71215c8b0b75c	pinned=HEAD tree sha (2026-08-26)
clareaulab/ad-hsv-mapping	538013693f120fde146a9f038ee8428bedddcbc2	viral_genomes/jg_NC_001806.2.gtf	hsv/viral_genomes/jg_NC_001806.2.gtf	66742	cac1b9999333caa87a3a8a7fc5d0f678e23fd081f27797be881b97ba6c72570e	pinned=HEAD tree sha (2026-08-26)
yyoshiaki/VIRTUS3	b7873791df1db7f29c99fe1e9470b104d1fc563e	data/NC_007605.1_CDS_EBER12.fa	virtus3/data/NC_007605.1_CDS_EBER12.fa	160472	fadc4d39fc7a5628e3826f3908fb30b5b7752a95644f7dfcffdef82d8d4d6832	pinned=HEAD tree sha (2026-03-16)
yyoshiaki/VIRTUS3	b7873791df1db7f29c99fe1e9470b104d1fc563e	data/NC_007605.1_CDS_EBER12.tgMap.tsv	virtus3/data/NC_007605.1_CDS_EBER12.tgMap.tsv	3933	5e5ae1d6e940c9c3f5be9f57ccf4d058d3381cb099fcf35f4fd30756a9ca9c97	pinned=HEAD tree sha (2026-03-16)
huangyh09/ViralScan	d8279c37a6d750b4cfc5951f8b108d03afc51a53	Viral_GTF_maker.py	upstream_starsolo/Viral_GTF_maker.py	4545	aabfb99d6c4dc16ca287de67f03249dae324c911b542eefd143f81dfaa4c8f4e	pinned=HEAD tree sha (2025-08-06)
huangyh09/ViralScan	d8279c37a6d750b4cfc5951f8b108d03afc51a53	viral_reference/viruses_833.fasta	upstream_starsolo/viral_reference/viruses_833.fasta	7579856	f3a07d01b221fdc21005cbcbbe93b845b90995e67e922298237ab7b5a794b708	pinned=HEAD tree sha (2025-08-06); full viral_reference/ listing
huangyh09/ViralScan	d8279c37a6d750b4cfc5951f8b108d03afc51a53	viral_reference/viruses_833.id_notes.tsv	upstream_starsolo/viral_reference/viruses_833.id_notes.tsv	60556	bfd52ce46371536ad018ac338431083132709d5f98ab65184a1a9a3ea1639c25	pinned=HEAD tree sha (2025-08-06); full viral_reference/ listing
huangyh09/ViralScan	d8279c37a6d750b4cfc5951f8b108d03afc51a53	viral_reference/viruses_833.numbered.fasta	upstream_starsolo/viral_reference/viruses_833.numbered.fasta	7597095	f3e77b5606e98603302e1fae7a4945679f0d996cfafb90b7c688ffcc2a7907a1	pinned=HEAD tree sha (2025-08-06); full viral_reference/ listing
huangyh09/ViralScan	d8279c37a6d750b4cfc5951f8b108d03afc51a53	viral_reference/viruses_833.numbered.gtf	upstream_starsolo/viral_reference/viruses_833.numbered.gtf	329204	e84bba71660d5d0412416062c8c2f05a9ccd53b36ec4c45d0c5d498666d46724	pinned=HEAD tree sha (2025-08-06); full viral_reference/ listing
