requested	vhdb_taxid	species_taxid	decision	role	reason	accession	accession_version	species	genus	family	lineage	molecule	topology	genome_length	segment	host	isolate	refseq	source	gb_sha256	tier	persistence_class	risk_class	inclusion_rationale	taxid	organism	strain	serotype	common_name	sibling_group	panel
DQ294633	12107		review_host		host=mice organism=Mengo virus	DQ294633	DQ294633.1	Mengo virus	Cardiovirus	Picornaviridae	Viruses; Riboviria; Orthornavirae; Pisuviricota; Pisoniviricetes; Picornavirales; Picornaviridae; Caphthovirinae; Cardiovirus; Cardiovirus rueckerti	RNA	linear	7765		mice	Rz-pMwt	false	ncbi-genbank	7343b65b257a1e57ca4b4fee378a7284670923e60d194c8bddb135a0b39fda7e					12107	Mengo virus	medium plague				
DQ915164	404135		review_host		host=alpaca organism=Bovine coronavirus isolate Alpaca	DQ915164	DQ915164.2	Bovine coronavirus isolate Alpaca	Embecovirus	Coronaviridae	Viruses; Riboviria; Orthornavirae; Pisuviricota; Pisoniviricetes; Nidovirales; Cornidovirineae; Coronaviridae; Orthocoronavirinae; Betacoronavirus; Embecovirus; Betacoronavirus gravedinis	ds-RNA	linear	31076		alpaca		false	ncbi-genbank	f587c4c7b941dd44f941bd1632779a5c005d538bf585f25a1bf826a8de8e7ef5					404135	Bovine coronavirus isolate Alpaca		Bovine			
HQ647181	39444		review_host		host=sentinel mice organism=Cotia virus	HQ647181	HQ647181.2	Cotia virus	Oryzopoxvirus	Poxviridae	Viruses; Varidnaviria; Bamfordvirae; Nucleocytoviricota; Pokkesviricetes; Chitovirales; Poxviridae; Chordopoxvirinae; Oryzopoxvirus; Oryzopoxvirus cotia	DNA	linear	185139		sentinel mice	SPAn232	false	ncbi-genbank	c8982194852ca46aa8c1c1fe8992a77a7c2dc1a4924f02d87a51712a945fe10a					39444	Cotia virus	SPAn232				
JQ686833	2713662		review_host		host=Culex vishnui organism=Ngewotan negevirus	JQ686833	JQ686833.1	Ngewotan negevirus	Negevirus		Viruses; Riboviria; Negevirus	RNA	linear	9226		Culex vishnui	JKT9982	false	ncbi-genbank	dae2e78f56a8a1f017f53073a4b096573ab8fdf02bf16dff54d3f119269d6db2					2713662	Ngewotan negevirus					
KC693024	1962300		review_host		host=Papio hamadryas anubis organism=Simian mastadenovirus C	KC693024	KC693024.1	Simian mastadenovirus C	Mastadenovirus	Adenoviridae	Viruses; Varidnaviria; Bamfordvirae; Preplasmiviricota; Polisuviricotina; Pharingeaviricetes; Rowavirales; Adenoviridae; Mastadenovirus; Mastadenovirus cynocephali	DNA	linear	34391		Papio hamadryas anubis	BaAdV-4	false	ncbi-genbank	fa2f8b45473ce849c5f93be6c986ae0648347556831f78e325275efbcdd19a48					1962300	Simian mastadenovirus C					
KF367457	1415852		review_host		host=Rhinolophus sinicus organism=Bat SARS-like coronavirus WIV1	KF367457	KF367457.1	Bat SARS-like coronavirus WIV1	Sarbecovirus	Coronaviridae	Viruses; Riboviria; Orthornavirae; Pisuviricota; Pisoniviricetes; Nidovirales; Cornidovirineae; Coronaviridae; Orthocoronavirinae; Betacoronavirus; Sarbecovirus; Betacoronavirus pandemicum	ss-RNA	linear	30309		Rhinolophus sinicus	WIV1	false	ncbi-genbank	690a075373a36fb14e2109307996cf4db94fff24883f4f95f1e98df588d24f70					1415852	Bat SARS-like coronavirus WIV1					
KJ956407	1529450		review_host		host=Eunectes murinus organism=Anaconda paramyxovirus	KJ956407	KJ956407.1	Anaconda paramyxovirus	Ferlavirus	Paramyxoviridae	Viruses; Riboviria; Orthornavirae; Negarnaviricota; Haploviricotina; Monjiviricetes; Mononegavirales; Paramyxoviridae; Feraresvirinae; Ferlavirus; Ferlavirus reptilis	cRNA	linear	15378		Eunectes murinus	RF111111	false	ncbi-genbank	bfe47854cb7960b7f9ec9b36c2d9806fa3595b6828dab3ccf59157ab5926e234					1529450	Anaconda paramyxovirus					
NC_004812	10325		review_host		host=Macaca mulatta organism=Macacine alphaherpesvirus 1	NC_004812	NC_004812.1	Macacine alphaherpesvirus 1	Simplexvirus	Orthoherpesviridae	Viruses; Duplodnaviria; Heunggongvirae; Peploviricota; Herviviricetes; Herpesvirales; Orthoherpesviridae; Alphaherpesvirinae; Simplexvirus; Simplexvirus macacinealpha1	DNA	linear	156789		Macaca mulatta	E2490	true	ncbi-genbank	6076442e3e94d81995aa74ecc7e573d452ac58af4d3d58fc4c28125ff927a997					10325	Macacine alphaherpesvirus 1	E2490				
NC_007653	340907		review_host		host=Papio cynocephalus organism=Papiine alphaherpesvirus 2	NC_007653	NC_007653.1	Papiine alphaherpesvirus 2	Simplexvirus	Orthoherpesviridae	Viruses; Duplodnaviria; Heunggongvirae; Peploviricota; Herviviricetes; Herpesvirales; Orthoherpesviridae; Alphaherpesvirinae; Simplexvirus; Simplexvirus papiinealpha2	DNA	linear	156487		Papio cynocephalus	X313	true	ncbi-genbank	1730b98c78cba619eaf2080d5b95ef00e086bc95565a7bc8a0083d7d67c57510					340907	Papiine alphaherpesvirus 2	X313				
NC_012783	50292		review_host		host=Cercopithecus aethiops organism=Cercopithecine betaherpesvirus 5	NC_012783	NC_012783.2	Cercopithecine betaherpesvirus 5	Cytomegalovirus	Orthoherpesviridae	Viruses; Duplodnaviria; Heunggongvirae; Peploviricota; Herviviricetes; Herpesvirales; Orthoherpesviridae; Betaherpesvirinae; Cytomegalovirus; Cytomegalovirus cercopithecinebeta5	DNA	linear	226205		Cercopithecus aethiops	2715	true	ncbi-genbank	44167c790c4b3ad5a93398a3cc1c1121c6a85e46e3131a25f36ee866e5d108b1					50292	Cercopithecine betaherpesvirus 5	2715				
NC_016895	2758098		review_host		host=Myotis ricketti organism=bat adenovirus 3	NC_016895	NC_016895.2	bat adenovirus 3	Mastadenovirus	Adenoviridae	Viruses; Varidnaviria; Bamfordvirae; Preplasmiviricota; Polisuviricotina; Pharingeaviricetes; Rowavirales; Adenoviridae; Mastadenovirus; Mastadenovirus musauriti	DNA	linear	31806		Myotis ricketti	TJM	true	ncbi-genbank	90a2c668c868c9ca1b1cf850472e46c1fe6c630f71615217d5ddb181e6de14cc					2758098	bat adenovirus 3	TJM				
NC_021242	1219465		review_host		host=Amblyomma americanum organism=Lone Star virus	NC_021242	NC_021242.1	Lone Star virus	Bandavirus	Phenuiviridae	Viruses; Riboviria; Orthornavirae; Negarnaviricota; Polyploviricotina; Bunyaviricetes; Hareavirales; Phenuiviridae; Bandavirus; Bandavirus amblyommae	RNA	linear	6341	L	Amblyomma americanum	TMA 1381	true	ncbi-genbank	47b53a465d6e4ddde7b49a8c8dadc9ac5c62d9f6d443dfbd32c69cc5c5b6b4d5					1219465	Lone Star virus					
NC_021243	1219465		review_host		host=Amblyomma americanum organism=Lone Star virus	NC_021243	NC_021243.1	Lone Star virus	Bandavirus	Phenuiviridae	Viruses; Riboviria; Orthornavirae; Negarnaviricota; Polyploviricotina; Bunyaviricetes; Hareavirales; Phenuiviridae; Bandavirus; Bandavirus amblyommae	RNA	linear	3313	M	Amblyomma americanum	TMA 1381	true	ncbi-genbank	4ca0d2c3e94caa5fe0fbdd5bee0edcc9a3fb7af44fd31e261c44c52e41748e1d					1219465	Lone Star virus					
NC_021244	1219465		review_host		host=Amblyomma americanum organism=Lone Star virus	NC_021244	NC_021244.1	Lone Star virus	Bandavirus	Phenuiviridae	Viruses; Riboviria; Orthornavirae; Negarnaviricota; Polyploviricotina; Bunyaviricetes; Hareavirales; Phenuiviridae; Bandavirus; Bandavirus amblyommae	RNA	linear	1876	S	Amblyomma americanum	TMA 1381	true	ncbi-genbank	fbefafc64c24f9609aadc05a7c5fc37308af51f7e5ee557eb4369bc9d7fdb754					1219465	Lone Star virus					
NC_025347	2560317		review_host		host=dove organism=avian paramyxovirus 7	NC_025347	NC_025347.1	avian paramyxovirus 7	Metaavulavirus	Paramyxoviridae	Viruses; Riboviria; Orthornavirae; Negarnaviricota; Haploviricotina; Monjiviricetes; Mononegavirales; Paramyxoviridae; Avulavirinae; Metaavulavirus; Metaavulavirus tennessense	RNA	linear	15480		dove	APMV-7/dove/Tennessee/4/75	true	ncbi-genbank	2bb21da61d4beddf939775b5ed835220be4613557d3538b58e68c8a13808441b					2560317	avian paramyxovirus 7	APMV-7/dove/Tennessee/4/75	7			
NC_025391	318843		review_host		host=Cryptoblepharus (Ablepharus) virgatus organism=Almpiwar virus	NC_025391	NC_025391.1	Almpiwar virus	Sripuvirus	Rhabdoviridae	Viruses; Riboviria; Orthornavirae; Negarnaviricota; Haploviricotina; Monjiviricetes; Mononegavirales; Rhabdoviridae; Alpharhabdovirinae; Sripuvirus; Sripuvirus almpiwar	cRNA	linear	11156		Cryptoblepharus (Ablepharus) virgatus	MRM4059	true	ncbi-genbank	eba22a2dfe17d28b5df85d8999fb34badcd1d3cc0b30dbbe537b9792b2d32a53					318843	Almpiwar virus					
NC_026623	64305		review_host		host=Formicarius analis organism=Cacipacore virus	NC_026623	NC_026623.1	Cacipacore virus	Euflavivirus	Flaviviridae	Viruses; Riboviria; Orthornavirae; Kitrinoviricota; Flasuviricetes; Amarillovirales; Flaviviridae; Orthoflavivirus; Euflavivirus; Orthoflavivirus cacipacoreense	RNA	linear	10284		Formicarius analis	BeAn 3276000	true	ncbi-genbank	4f1a90e44cca299de7180f2c0777b9b7632adc93390cec9747806570da682ec3					64305	Cacipacore virus	BeAn 3276000				
NC_029122	1615758		review_host		host=Haemaphysalis flava (Tick) organism=Tofla virus	NC_029122	NC_029122.1	Tofla virus	Orthonairovirus	Nairoviridae	Viruses; Riboviria; Orthornavirae; Negarnaviricota; Polyploviricotina; Bunyaviricetes; Hareavirales; Nairoviridae; Orthonairovirus; Orthonairovirus japonicum	cRNA	linear	1699	S	Haemaphysalis flava (Tick)	Toku_Hfla_2013	true	ncbi-genbank	7ced5a4f5a3b44bc9d2eae9379e5c42d4942a03884acec15c8a41f9924c23e88					1615758	Tofla virus	Toku_Hfla_2013				
NC_029123	1615758		review_host		host=Haemaphysalis flava (Tick) organism=Tofla virus	NC_029123	NC_029123.1	Tofla virus	Orthonairovirus	Nairoviridae	Viruses; Riboviria; Orthornavirae; Negarnaviricota; Polyploviricotina; Bunyaviricetes; Hareavirales; Nairoviridae; Orthonairovirus; Orthonairovirus japonicum	cRNA	linear	4625	M	Haemaphysalis flava (Tick)	Toku_Hfla_2013	true	ncbi-genbank	e497d53c2096d45015eb3f91def4063fa9fb0e22697a59d225c47a03c5d18e32					1615758	Tofla virus	Toku_Hfla_2013				
NC_029124	1615758		review_host		host=Haemaphysalis flava (Tick) organism=Tofla virus	NC_029124	NC_029124.1	Tofla virus	Orthonairovirus	Nairoviridae	Viruses; Riboviria; Orthornavirae; Negarnaviricota; Polyploviricotina; Bunyaviricetes; Hareavirales; Nairoviridae; Orthonairovirus; Orthonairovirus japonicum	cRNA	linear	12143	L	Haemaphysalis flava (Tick)	Toku_Hfla_2013	true	ncbi-genbank	8ed9aef37c016ecbe2ae25b3cc75928eaa68ee08c38ff8e173e8fcf96f97f99d					1615758	Tofla virus	Toku_Hfla_2013				
NC_029255	1780507		review_host		host=Myotis velifer incautus; sex: F; dev_stage: adult organism=Myotis gammaherpesvirus 8	NC_029255	NC_029255.1	Myotis gammaherpesvirus 8		Orthoherpesviridae	Viruses; Duplodnaviria; Heunggongvirae; Peploviricota; Herviviricetes; Herpesvirales; Orthoherpesviridae; Gammaherpesvirinae	DNA	linear	129563		Myotis velifer incautus; sex: F; dev_stage: adult	My-HV8/Myotis velifer incautus/USA/FCGHV/2011	true	ncbi-genbank	2b7a12141c060ff9efec903af2d5d2fd1cbc0e60285f50ac2a3f87abf21b7b2d					1780507	Myotis gammaherpesvirus 8	My-HV8/Myotis velifer incautus/USA/FCGHV/2011				
NC_029898	1788436		review_host		host=Rhinolophus sinicus organism=Bat mastadenovirus WIV9	NC_029898	NC_029898.1	Bat mastadenovirus WIV9	Mastadenovirus	Adenoviridae	Viruses; Varidnaviria; Bamfordvirae; Preplasmiviricota; Polisuviricotina; Pharingeaviricetes; Rowavirales; Adenoviridae; Mastadenovirus; Mastadenovirus rhinolophidae	DNA	linear	37545		Rhinolophus sinicus	WIV9	true	ncbi-genbank	bf07d0650434be5b8c1fba75d14c337227ef80bbd709e5ab11e35913cadfc916					1788436	Bat mastadenovirus WIV9					
NC_029899	1788432		review_host		host=Rhinolophus sinicus organism=Bat mastadenovirus WIV10	NC_029899	NC_029899.1	Bat mastadenovirus WIV10	Mastadenovirus	Adenoviridae	Viruses; Varidnaviria; Bamfordvirae; Preplasmiviricota; Polisuviricotina; Pharingeaviricetes; Rowavirales; Adenoviridae; Mastadenovirus; Mastadenovirus rhinolophidae	DNA	linear	37556		Rhinolophus sinicus	WIV10	true	ncbi-genbank	b60b595142f7bb4aefabaf9d04f2067a647110324b623ef3868419d97a9418ab					1788432	Bat mastadenovirus WIV10					
NC_029902	1788433		review_host		host=Rhinolophus sinicus organism=Bat mastadenovirus WIV11	NC_029902	NC_029902.1	Bat mastadenovirus WIV11	Mastadenovirus	Adenoviridae	Viruses; Varidnaviria; Bamfordvirae; Preplasmiviricota; Polisuviricotina; Pharingeaviricetes; Rowavirales; Adenoviridae; Mastadenovirus; Mastadenovirus rhinolophidae	DNA	linear	38073		Rhinolophus sinicus	WIV11	true	ncbi-genbank	680a7758bb3e9d5a04138f41d5f5fc3f3230d8a48e5bbe8d87a46441da69846d					1788433	Bat mastadenovirus WIV11					
NC_029932	1712570		review_host		host=Rousettus aegyptiacus organism=Kasokero virus	NC_029932	NC_029932.1	Kasokero virus	Orthonairovirus	Nairoviridae	Viruses; Riboviria; Orthornavirae; Negarnaviricota; Polyploviricotina; Bunyaviricetes; Hareavirales; Nairoviridae; Orthonairovirus; Orthonairovirus kasokeroense	RNA	linear	1719	S	Rousettus aegyptiacus	Z-52963	true	ncbi-genbank	7c3bc94981ffa954fc6b57a23a8efe0676da07d0e97987d891fb38c1d78eed5b					1712570	Kasokero virus					
NC_029933	1712570		review_host		host=Rousettus aegyptiacus organism=Kasokero virus	NC_029933	NC_029933.1	Kasokero virus	Orthonairovirus	Nairoviridae	Viruses; Riboviria; Orthornavirae; Negarnaviricota; Polyploviricotina; Bunyaviricetes; Hareavirales; Nairoviridae; Orthonairovirus; Orthonairovirus kasokeroense	RNA	linear	4598	M	Rousettus aegyptiacus	Z-52963	true	ncbi-genbank	189e9eaa718c885f68b9c2abfcaf3b78bf400a368b10048295e9c5bcf510aa1e					1712570	Kasokero virus					
NC_030231	2560321		review_host		host=Anser sp. organism=avian paramyxovirus 13	NC_030231	NC_030231.1	avian paramyxovirus 13	Orthoavulavirus	Paramyxoviridae	Viruses; Riboviria; Orthornavirae; Negarnaviricota; Haploviricotina; Monjiviricetes; Mononegavirales; Paramyxoviridae; Avulavirinae; Orthoavulavirus; Orthoavulavirus japanense	RNA	linear	16146		Anser sp.	goose/Shimane/67/2000	true	ncbi-genbank	2161ca87503e86cef1244e9b41e02e26321d27ab3dbd701303b59099bcef134d					2560321	avian paramyxovirus 13	goose/Shimane/67/2000				
NC_031284	1608083		review_host		host=Dermacentor marginatus organism=Tacheng Tick Virus 1	NC_031284	NC_031284.1	Tacheng Tick Virus 1	Orthonairovirus	Nairoviridae	Viruses; Riboviria; Orthornavirae; Negarnaviricota; Polyploviricotina; Bunyaviricetes; Hareavirales; Nairoviridae; Orthonairovirus; Orthonairovirus tachengense	RNA	linear	12184	L	Dermacentor marginatus	TC253	true	ncbi-genbank	fbf3de63d289aaffaa7b24b90214e8ead19b9d651b7fe22bccdc20ddd8f3eebb					1608083	Tacheng Tick Virus 1	TC253				
NC_031285	1608083		review_host		host=Dermacentor marginatus organism=Tacheng Tick Virus 1	NC_031285	NC_031285.1	Tacheng Tick Virus 1	Orthonairovirus	Nairoviridae	Viruses; Riboviria; Orthornavirae; Negarnaviricota; Polyploviricotina; Bunyaviricetes; Hareavirales; Nairoviridae; Orthonairovirus; Orthonairovirus tachengense	RNA	linear	5147	M	Dermacentor marginatus	TC253	true	ncbi-genbank	d020980f27f5d11c55f529430299878ba39f09639f22845819bb07aa96d16658					1608083	Tacheng Tick Virus 1	TC253				
NC_031286	1608083		review_host		host=Dermacentor marginatus organism=Tacheng Tick Virus 1	NC_031286	NC_031286.1	Tacheng Tick Virus 1	Orthonairovirus	Nairoviridae	Viruses; Riboviria; Orthornavirae; Negarnaviricota; Polyploviricotina; Bunyaviricetes; Hareavirales; Nairoviridae; Orthonairovirus; Orthonairovirus tachengense	cRNA	linear	1840	S	Dermacentor marginatus	TC253	true	ncbi-genbank	567311089ba18adc81fa970bac22d67822d98cb8ec2af12e4351c6effb816575					1608083	Tacheng Tick Virus 1	TC253				
NC_033725	1805494		review_host		host=Culex sitiens subgroup organism=Bamaga virus	NC_033725	NC_033725.1	Bamaga virus		Flaviviridae	Viruses; Riboviria; Orthornavirae; Kitrinoviricota; Flasuviricetes; Amarillovirales; Flaviviridae	RNA	linear	10203		Culex sitiens subgroup	CY4270	true	ncbi-genbank	67bf52a6d5c8aa62e8a5f81513f9420595f6c4ac17cee5a84e8563a1bc285b9f					1805494	Bamaga virus					
NC_034386	194540		review_host		host=tick organism=Nairobi sheep disease virus	NC_034386	NC_034386.1	Nairobi sheep disease virus	Orthonairovirus	Nairoviridae	Viruses; Riboviria; Orthornavirae; Negarnaviricota; Polyploviricotina; Bunyaviricetes; Hareavirales; Nairoviridae; Orthonairovirus; Orthonairovirus nairobiense	ss-RNA	linear	1590	S	tick	Jilin	true	ncbi-genbank	0616e5809b3ab78033cd822b8cf97bb9ad493b6afb3ca1cbec73e3adb61bc560					194540	Nairobi sheep disease virus					
NC_034387	194540		review_host		host=tick organism=Nairobi sheep disease virus	NC_034387	NC_034387.1	Nairobi sheep disease virus	Orthonairovirus	Nairoviridae	Viruses; Riboviria; Orthornavirae; Negarnaviricota; Polyploviricotina; Bunyaviricetes; Hareavirales; Nairoviridae; Orthonairovirus; Orthonairovirus nairobiense	ss-RNA	linear	12081	L	tick	Jilin	true	ncbi-genbank	229c795690a903c8e2feba970fbad2c2300030d4597ad23ca252c03059524e3a					194540	Nairobi sheep disease virus					
NC_034391	194540		review_host		host=tick organism=Nairobi sheep disease virus	NC_034391	NC_034391.1	Nairobi sheep disease virus	Orthonairovirus	Nairoviridae	Viruses; Riboviria; Orthornavirae; Negarnaviricota; Polyploviricotina; Bunyaviricetes; Hareavirales; Nairoviridae; Orthonairovirus; Orthonairovirus nairobiense	ss-RNA	linear	5077	M	tick	Jilin	true	ncbi-genbank	76313c5fa03decbc02327d5a02fda09bf71320e83bc9490865ca8ba13a774ed8					194540	Nairobi sheep disease virus					
NC_034477	192196		review_host		host=Cebus apella organism=Caraparu virus	NC_034477	NC_034477.1	Caraparu virus	Orthobunyavirus	Peribunyaviridae	Viruses; Riboviria; Orthornavirae; Negarnaviricota; Polyploviricotina; Bunyaviricetes; Elliovirales; Peribunyaviridae; Orthobunyavirus; Orthobunyavirus caraparuense	RNA	linear	4356	M	Cebus apella	BeAn3994	true	ncbi-genbank	d9f32567145470d03535f4d64c9382f1c6388dbf2323bcf8f5243551a89b9ac5					192196	Caraparu virus	BeAn3994				
NC_034478	192196		review_host		host=Cebus apella organism=Caraparu virus	NC_034478	NC_034478.1	Caraparu virus	Orthobunyavirus	Peribunyaviridae	Viruses; Riboviria; Orthornavirae; Negarnaviricota; Polyploviricotina; Bunyaviricetes; Elliovirales; Peribunyaviridae; Orthobunyavirus; Orthobunyavirus caraparuense	RNA	linear	1048	S	Cebus apella	BeAn3994	true	ncbi-genbank	71bd84ce4af9d49a102803e159351090a9d03c31a4111a68e58af3ea26fa4928					192196	Caraparu virus	BeAn3994				
NC_034489	192196		review_host		host=Cebus apella organism=Caraparu virus	NC_034489	NC_034489.1	Caraparu virus	Orthobunyavirus	Peribunyaviridae	Viruses; Riboviria; Orthornavirae; Negarnaviricota; Polyploviricotina; Bunyaviricetes; Elliovirales; Peribunyaviridae; Orthobunyavirus; Orthobunyavirus caraparuense	RNA	linear	6855	L	Cebus apella	BeAn3994	true	ncbi-genbank	e4076267b3bfb2e40d1db290f011fde9bc8d62d97a335bc876db2939dee7cb66					192196	Caraparu virus	BeAn3994				
NC_036604	1851087		review_host		host=Haemaphysalis flava organism=Kabuto mountain virus	NC_036604	NC_036604.1	Kabuto mountain virus	Uukuvirus	Phenuiviridae	Viruses; Riboviria; Orthornavirae; Negarnaviricota; Polyploviricotina; Bunyaviricetes; Hareavirales; Phenuiviridae; Uukuvirus; Uukuvirus kabutoense	RNA	linear	6430	L	Haemaphysalis flava	T32	true	ncbi-genbank	71cc9217d2044bc6b57966311e52ce6504858227b1819ca6f5fa5dce4033eb09					1851087	Kabuto mountain virus	T32				
NC_036605	1851087		review_host		host=Haemaphysalis flava organism=Kabuto mountain virus	NC_036605	NC_036605.1	Kabuto mountain virus	Uukuvirus	Phenuiviridae	Viruses; Riboviria; Orthornavirae; Negarnaviricota; Polyploviricotina; Bunyaviricetes; Hareavirales; Phenuiviridae; Uukuvirus; Uukuvirus kabutoense	RNA	linear	3151	M	Haemaphysalis flava	T32	true	ncbi-genbank	3f53934bde6336edb0a430c05a9564f35b654623d9114293496c34b0df4e91d0					1851087	Kabuto mountain virus	T32				
NC_036606	1851087		review_host		host=Haemaphysalis flava organism=Kabuto mountain virus	NC_036606	NC_036606.1	Kabuto mountain virus	Uukuvirus	Phenuiviridae	Viruses; Riboviria; Orthornavirae; Negarnaviricota; Polyploviricotina; Bunyaviricetes; Hareavirales; Phenuiviridae; Uukuvirus; Uukuvirus kabutoense	RNA	linear	1868	S	Haemaphysalis flava	T32	true	ncbi-genbank	d134f83fda92277ed86684f807871f5d2d7424f99078154fb9facf8f5f34f9bb					1851087	Kabuto mountain virus	T32				
NC_036636	1712570		review_host		host=Rousettus aegyptiacus organism=Kasokero virus	NC_036636	NC_036636.1	Kasokero virus	Orthonairovirus	Nairoviridae	Viruses; Riboviria; Orthornavirae; Negarnaviricota; Polyploviricotina; Bunyaviricetes; Hareavirales; Nairoviridae; Orthonairovirus; Orthonairovirus kasokeroense	RNA	linear	12063	L	Rousettus aegyptiacus	Z-52963	true	ncbi-genbank	5bbbe9adf5179374d737c1876079704371f4ca0e5e05bd85238e75114bb742c4					1712570	Kasokero virus					
NC_037613	1764086		review_host		host=Phlebotomus sp. organism=Zerdali virus	NC_037613	NC_037613.1	Zerdali virus	Phlebovirus	Phenuiviridae	Viruses; Riboviria; Orthornavirae; Negarnaviricota; Polyploviricotina; Bunyaviricetes; Hareavirales; Phenuiviridae; Phlebovirus; Phlebovirus zerdaliense	RNA	linear	1907	S	Phlebotomus sp.	37	true	ncbi-genbank	9048911e9a61b0cbf20c6ed011c07d99797d2bcbae9ff6056d695ec272e04d5b					1764086	Zerdali virus	37				
NC_038298	3052470		review_host		host=Louisiana patient with hantavirus pulmonary organism=Orthohantavirus bayoui	NC_038298	NC_038298.1	Orthohantavirus bayoui	Orthohantavirus	Hantaviridae	Viruses; Riboviria; Orthornavirae; Negarnaviricota; Polyploviricotina; Bunyaviricetes; Elliovirales; Hantaviridae; Mammantavirinae; Orthohantavirus	ss-RNA	linear	1958	S	Louisiana patient with hantavirus pulmonary		true	ncbi-genbank	d8f4e4b8c2456694ad23efc38d18e3672c52331cbf755e7f2dd69ceb05086559					3052470	Orthohantavirus bayoui					
NC_038299	3052470		review_host		host=Oryzomys palustris (marsh rice rat) organism=Orthohantavirus bayoui	NC_038299	NC_038299.1	Orthohantavirus bayoui	Orthohantavirus	Hantaviridae	Viruses; Riboviria; Orthornavirae; Negarnaviricota; Polyploviricotina; Bunyaviricetes; Elliovirales; Hantaviridae; Mammantavirinae; Orthohantavirus	RNA	linear	6554	L	Oryzomys palustris (marsh rice rat)	HV F0260003	true	ncbi-genbank	d68764e40791a8fc1cc971e55a39d19202276d2b47176f21cc2a15738561eba6					3052470	Orthohantavirus bayoui					
NC_038300	3052470		review_host		host=Louisiana patient with hantavirus pulmonary organism=Orthohantavirus bayoui	NC_038300	NC_038300.1	Orthohantavirus bayoui	Orthohantavirus	Hantaviridae	Viruses; Riboviria; Orthornavirae; Negarnaviricota; Polyploviricotina; Bunyaviricetes; Elliovirales; Hantaviridae; Mammantavirinae; Orthohantavirus	ss-RNA	linear	3677	M	Louisiana patient with hantavirus pulmonary		true	ncbi-genbank	72ca542d9a2e94cfa01e3bea9b601d95df78962fee3b578ee03a7e290e919c77					3052470	Orthohantavirus bayoui					
NC_038735	1678234		review_host		host=Cebus apella organism=Guama virus	NC_038735	NC_038735.1	Guama virus	Orthobunyavirus	Peribunyaviridae	Viruses; Riboviria; Orthornavirae; Negarnaviricota; Polyploviricotina; Bunyaviricetes; Elliovirales; Peribunyaviridae; Orthobunyavirus; Orthobunyavirus guamaense	ss-RNA	linear	4412	M	Cebus apella	BeAn 277	true	ncbi-genbank	a4381db37c43e3e84018331974d39dda657ee3a8d5b58da14610f743d965798a					1678234	Guama virus	BeAn 277				
NC_038736	1678234		review_host		host=Cebus apella organism=Guama virus	NC_038736	NC_038736.1	Guama virus	Orthobunyavirus	Peribunyaviridae	Viruses; Riboviria; Orthornavirae; Negarnaviricota; Polyploviricotina; Bunyaviricetes; Elliovirales; Peribunyaviridae; Orthobunyavirus; Orthobunyavirus guamaense	ss-RNA	linear	6861	L	Cebus apella	BeAn 277	true	ncbi-genbank	62a1329bb0df065abce9b4074c8d6f42d885a8ff6607f9d1ab14ef5d45a2ce5c					1678234	Guama virus	BeAn 277				
NC_038737	1678234		review_host		host=Cebus apella organism=Guama virus	NC_038737	NC_038737.1	Guama virus	Orthobunyavirus	Peribunyaviridae	Viruses; Riboviria; Orthornavirae; Negarnaviricota; Polyploviricotina; Bunyaviricetes; Elliovirales; Peribunyaviridae; Orthobunyavirus; Orthobunyavirus guamaense	ss-RNA	linear	850	S	Cebus apella	BeAn 277	true	ncbi-genbank	9f8fffa5fea52bea5e92e55fe0562e0006dfcc5dc94866c6e93b0afa60c53924					1678234	Guama virus	BeAn 277				
NC_038817	688436		review_host		host=Argas reflexus organism=Quaranjavirus quaranfilense	NC_038817	NC_038817.1	Quaranjavirus quaranfilense	Quaranjavirus	Orthomyxoviridae	Viruses; Riboviria; Orthornavirae; Negarnaviricota; Polyploviricotina; Insthoviricetes; Articulavirales; Orthomyxoviridae; Quaranjavirus	RNA	linear	2421	1	Argas reflexus	EG T 377	true	ncbi-genbank	9c0571693266818699e3010f8ff7d9dfe8ee7d3dbdb64efb284ea5c9d396fc4e					688436	Quaranjavirus quaranfilense					
NC_038818	688436		review_host		host=Argas reflexus organism=Quaranjavirus quaranfilense	NC_038818	NC_038818.1	Quaranjavirus quaranfilense	Quaranjavirus	Orthomyxoviridae	Viruses; Riboviria; Orthornavirae; Negarnaviricota; Polyploviricotina; Insthoviricetes; Articulavirales; Orthomyxoviridae; Quaranjavirus	RNA	linear	2403	2	Argas reflexus	EG T 377	true	ncbi-genbank	9f9c43ffb40f1dbbdbce9b6d3ba29fa503772c276ef995dfc88d79c6090f088a					688436	Quaranjavirus quaranfilense					
NC_038819	688436		review_host		host=Argas reflexus organism=Quaranjavirus quaranfilense	NC_038819	NC_038819.1	Quaranjavirus quaranfilense	Quaranjavirus	Orthomyxoviridae	Viruses; Riboviria; Orthornavirae; Negarnaviricota; Polyploviricotina; Insthoviricetes; Articulavirales; Orthomyxoviridae; Quaranjavirus	RNA	linear	1726	4	Argas reflexus	EG T 377	true	ncbi-genbank	9c5cd36d936c5ed6f97bcb5215ba8e3509aa1c9b38af776727985a09706f3c1b					688436	Quaranjavirus quaranfilense					
NC_038820	688436		review_host		host=Argas reflexus organism=Quaranjavirus quaranfilense	NC_038820	NC_038820.1	Quaranjavirus quaranfilense	Quaranjavirus	Orthomyxoviridae	Viruses; Riboviria; Orthornavirae; Negarnaviricota; Polyploviricotina; Insthoviricetes; Articulavirales; Orthomyxoviridae; Quaranjavirus	RNA	linear	1616		Argas reflexus	EG T 377	true	ncbi-genbank	4dcb61d9cacf0efa8bead83aec1cb3236a17d269db7e6c5f7c1ab3f284f887e8					688436	Quaranjavirus quaranfilense					
NC_038821	688436		review_host		host=Argas reflexus organism=Quaranjavirus quaranfilense	NC_038821	NC_038821.1	Quaranjavirus quaranfilense	Quaranjavirus	Orthomyxoviridae	Viruses; Riboviria; Orthornavirae; Negarnaviricota; Polyploviricotina; Insthoviricetes; Articulavirales; Orthomyxoviridae; Quaranjavirus	RNA	linear	2386		Argas reflexus	EG T 377	true	ncbi-genbank	6871f4cbe315ecd6a739bfa25f65f5fb00841297cb10d5c0f0b8b87b06241f15					688436	Quaranjavirus quaranfilense					
NC_038822	688436		review_host		host=Argas reflexus organism=Quaranjavirus quaranfilense	NC_038822	NC_038822.1	Quaranjavirus quaranfilense	Quaranjavirus	Orthomyxoviridae	Viruses; Riboviria; Orthornavirae; Negarnaviricota; Polyploviricotina; Insthoviricetes; Articulavirales; Orthomyxoviridae; Quaranjavirus	RNA	linear	900	5	Argas reflexus	EG T 377	true	ncbi-genbank	d5567b75b869b0f930a8046f85f43de104d10ca5aa0b15104c2921b0b1582867					688436	Quaranjavirus quaranfilense					
NC_039195	2560318		review_host		host=Canada goose organism=avian paramyxovirus 8	NC_039195	NC_039195.1	avian paramyxovirus 8	Metaavulavirus	Paramyxoviridae	Viruses; Riboviria; Orthornavirae; Negarnaviricota; Haploviricotina; Monjiviricetes; Mononegavirales; Paramyxoviridae; Avulavirinae; Metaavulavirus; Metaavulavirus delawarense	RNA	linear	15342		Canada goose	goose/Delaware/1053/76	true	ncbi-genbank	0befa3a0943ad0df207251c8529b233f747a6c7d8f865f489e3694bd38beef76					2560318	avian paramyxovirus 8	goose/Delaware/1053/76				
NC_039197	152219		review_host		host=pteropid bat organism=Menangle virus	NC_039197	NC_039197.1	Menangle virus	Pararubulavirus	Paramyxoviridae	Viruses; Riboviria; Orthornavirae; Negarnaviricota; Haploviricotina; Monjiviricetes; Mononegavirales; Paramyxoviridae; Rubulavirinae; Pararubulavirus; Pararubulavirus menangleense	RNA	linear	15516		pteropid bat	Australia/bat/2009/Cedar Grove	true	ncbi-genbank	25dd11fb8c9c11b83064a17c0e8d20bba3ebb5a530c8ef1829cac8a87d556163					152219	Menangle virus					
NC_039230	2560313		review_host		host=chicken organism=avian paramyxovirus 2	NC_039230	NC_039230.1	avian paramyxovirus 2	Metaavulavirus	Paramyxoviridae	Viruses; Riboviria; Orthornavirae; Negarnaviricota; Haploviricotina; Monjiviricetes; Mononegavirales; Paramyxoviridae; Avulavirinae; Metaavulavirus; Metaavulavirus yucaipaense	ss-RNA	linear	14904		chicken	APMV-2/Chicken/California/Yucaipa/56	true	ncbi-genbank	40fda4eb95baddf4d13bbe4506aa6373f3abe55af5b353bb634f076f972af091					2560313	avian paramyxovirus 2	APMV-2/Chicken/California/Yucaipa/56				
NC_040379	1983771		review_host		host=red-crowned crane organism=Gemycircularvirus sp.	NC_040379	NC_040379.1	Gemycircularvirus sp.	Gemycircularvirus	Genomoviridae	Viruses; Floreoviria; Shotokuvirae; Cressdnaviricota; Repensiviricetes; Geplafuvirales; Genomoviridae; Gemycircularvirus	ss-DNA	circular	2277		red-crowned crane	yc-18	true	ncbi-genbank	146181b2331cd0fd91fe73d31157c8276dd2ece8719b6d497b7e562b15239e76					1983771	Gemycircularvirus sp.					
NC_040534	2053026		review_host		host=Culex sp. (mosquito) organism=Yichang virus	NC_040534	NC_040534.1	Yichang virus	Yilivirus	Mesoniviridae	Viruses; Riboviria; Orthornavirae; Pisuviricota; Pisoniviricetes; Nidovirales; Mesnidovirineae; Mesoniviridae; Hexponivirinae; Alphamesonivirus; Yilivirus; Alphamesonivirus yichangense	ss-RNA	linear	20949		Culex sp. (mosquito)	HB-MLV	true	ncbi-genbank	43e8ceefab4a020e8b4282c8edb84916fa1f338410f44c7900a1f00c65fc254e					2053026	Yichang virus					
NC_043609	1763596		review_host		host=Dermacentor nuttalli organism=Guertu virus	NC_043609	NC_043609.1	Guertu virus	Bandavirus	Phenuiviridae	Viruses; Riboviria; Orthornavirae; Negarnaviricota; Polyploviricotina; Bunyaviricetes; Hareavirales; Phenuiviridae; Bandavirus; Bandavirus guertuense	RNA	linear	3371	M	Dermacentor nuttalli	DXM	true	ncbi-genbank	166eb59729c2b9c4aa5f616b05cb72e092142439f62089b8f4bebb549cdc2828					1763596	Guertu virus	DXM				
NC_043610	1763596		review_host		host=Dermacentor nuttalli organism=Guertu virus	NC_043610	NC_043610.1	Guertu virus	Bandavirus	Phenuiviridae	Viruses; Riboviria; Orthornavirae; Negarnaviricota; Polyploviricotina; Bunyaviricetes; Hareavirales; Phenuiviridae; Bandavirus; Bandavirus guertuense	RNA	linear	1744	S	Dermacentor nuttalli	DXM	true	ncbi-genbank	3c30edaaf2921daa94fa00d323916cdb589747884126f16740163834edf48b4a					1763596	Guertu virus	DXM				
NC_043611	1763596		review_host		host=Dermacentor nuttalli organism=Guertu virus	NC_043611	NC_043611.1	Guertu virus	Bandavirus	Phenuiviridae	Viruses; Riboviria; Orthornavirae; Negarnaviricota; Polyploviricotina; Bunyaviricetes; Hareavirales; Phenuiviridae; Bandavirus; Bandavirus guertuense	RNA	linear	6366	L	Dermacentor nuttalli	DXM	true	ncbi-genbank	c0c921fb0b69d036b068d36d2c80c9b2dab8ec16a60fc1b3d5a7341edc35d219					1763596	Guertu virus	DXM				
NC_043627	35514		review_host		host=Ochlerotatus cf. atlanticus/tormentor organism=Keystone virus	NC_043627	NC_043627.1	Keystone virus	Orthobunyavirus	Peribunyaviridae	Viruses; Riboviria; Orthornavirae; Negarnaviricota; Polyploviricotina; Bunyaviricetes; Elliovirales; Peribunyaviridae; Orthobunyavirus; Orthobunyavirus keystoneense	ss-RNA	linear	4529	M	Ochlerotatus cf. atlanticus/tormentor	B64-5587.05	true	ncbi-genbank	170232c34b2be4b15cd179c72518fcd0575bcf9456ca38b4eaa8dffac6fb3044					35514	Keystone virus	B64-5587.05				
NC_043628	35514		review_host		host=Ochlerotatus cf. atlanticus/tormentor organism=Keystone virus	NC_043628	NC_043628.1	Keystone virus	Orthobunyavirus	Peribunyaviridae	Viruses; Riboviria; Orthornavirae; Negarnaviricota; Polyploviricotina; Bunyaviricetes; Elliovirales; Peribunyaviridae; Orthobunyavirus; Orthobunyavirus keystoneense	ss-RNA	linear	965	S	Ochlerotatus cf. atlanticus/tormentor	B64-5587.05	true	ncbi-genbank	1701fb1e0ee6f29c079bee4029fd6dcdc1801f889f09527cf97fed81f1547762					35514	Keystone virus	B64-5587.05				
NC_043629	35514		review_host		host=Ochlerotatus cf. atlanticus/tormentor organism=Keystone virus	NC_043629	NC_043629.1	Keystone virus	Orthobunyavirus	Peribunyaviridae	Viruses; Riboviria; Orthornavirae; Negarnaviricota; Polyploviricotina; Bunyaviricetes; Elliovirales; Peribunyaviridae; Orthobunyavirus; Orthobunyavirus keystoneense	ss-RNA	linear	6961	L	Ochlerotatus cf. atlanticus/tormentor	B64-5587.05	true	ncbi-genbank	e185c1bcade5f4f7b2cc851f979a87f700fac59a3d98d195439bd78b8b074edd					35514	Keystone virus	B64-5587.05				
NC_043633	35515		review_host		host=Ochlerotatus scapularis organism=Melao virus	NC_043633	NC_043633.1	Melao virus	Orthobunyavirus	Peribunyaviridae	Viruses; Riboviria; Orthornavirae; Negarnaviricota; Polyploviricotina; Bunyaviricetes; Elliovirales; Peribunyaviridae; Orthobunyavirus; Orthobunyavirus melajoense	ss-RNA	linear	4498	M	Ochlerotatus scapularis	TRVL 9375	true	ncbi-genbank	a4ed1881ee5ab042f4d3a48bb30d1e0fe8177086875e436aa6b6241b7b06c13d					35515	Melao virus	TRVL 9375				
NC_043634	35515		review_host		host=Ochlerotatus scapularis organism=Melao virus	NC_043634	NC_043634.1	Melao virus	Orthobunyavirus	Peribunyaviridae	Viruses; Riboviria; Orthornavirae; Negarnaviricota; Polyploviricotina; Bunyaviricetes; Elliovirales; Peribunyaviridae; Orthobunyavirus; Orthobunyavirus melajoense	ss-RNA	linear	6957	L	Ochlerotatus scapularis	TRVL 9375	true	ncbi-genbank	64764c022a6980fe6ac17c04f1530555fbeb1e67ebd0aaaa36d1b282128eaf49					35515	Melao virus	TRVL 9375				
NC_043635	35515		review_host		host=Ochlerotatus scapularis organism=Melao virus	NC_043635	NC_043635.1	Melao virus	Orthobunyavirus	Peribunyaviridae	Viruses; Riboviria; Orthornavirae; Negarnaviricota; Polyploviricotina; Bunyaviricetes; Elliovirales; Peribunyaviridae; Orthobunyavirus; Orthobunyavirus melajoense	ss-RNA	linear	969	S	Ochlerotatus scapularis	TRVL 9375	true	ncbi-genbank	a396cf246534d3f40f2ff1308fc27d1adcf617890e88bbe0e17d5fc8997153f3					35515	Melao virus	TRVL 9375				
NC_045762	262897		review_host		host=Felis catus organism=Norovirus GIV	NC_045762	NC_045762.1	Norovirus GIV	Norovirus	Caliciviridae	Viruses; Riboviria; Orthornavirae; Pisuviricota; Pisoniviricetes; Picornavirales; Caliciviridae; Norovirus; Norovirus norwalkense	RNA	linear	7839		Felis catus	CU081210E/USA/2010	true	ncbi-genbank	aaed226db5ee041d7fea2c2707260ad2931628921239eca3245edaa8b2db1130					262897	Norovirus GIV	CU081210E/USA/2010				
NC_055381	1775957		review_host		host=Phlebotomus (Larroussius) sp. organism=Medjerda Valley virus	NC_055381	NC_055381.1	Medjerda Valley virus	Phlebovirus	Phenuiviridae	Viruses; Riboviria; Orthornavirae; Negarnaviricota; Polyploviricotina; Bunyaviricetes; Hareavirales; Phenuiviridae; Phlebovirus; Phlebovirus medjerdaense	ss-RNA	linear	1758	S	Phlebotomus (Larroussius) sp.	T131	true	ncbi-genbank	ee2b78fb8ab3d686db1f11a31ec484bffe6bacbcad511fd1ccb4158403cdd73a					1775957	Medjerda Valley virus	T131				
NC_055382	1775957		review_host		host=Phlebotomus (Larroussius) sp. organism=Medjerda Valley virus	NC_055382	NC_055382.1	Medjerda Valley virus	Phlebovirus	Phenuiviridae	Viruses; Riboviria; Orthornavirae; Negarnaviricota; Polyploviricotina; Bunyaviricetes; Hareavirales; Phenuiviridae; Phlebovirus; Phlebovirus medjerdaense	ss-RNA	linear	4216	M	Phlebotomus (Larroussius) sp.	T131	true	ncbi-genbank	c6e06c8b6baec9229f7f04c895556b40a072e39f41807de8d238491b7ad702da					1775957	Medjerda Valley virus	T131				
NC_055383	1775957		review_host		host=Phlebotomus (Larroussius) sp. organism=Medjerda Valley virus	NC_055383	NC_055383.1	Medjerda Valley virus	Phlebovirus	Phenuiviridae	Viruses; Riboviria; Orthornavirae; Negarnaviricota; Polyploviricotina; Bunyaviricetes; Hareavirales; Phenuiviridae; Phlebovirus; Phlebovirus medjerdaense	ss-RNA	linear	6403	L	Phlebotomus (Larroussius) sp.	T131	true	ncbi-genbank	b681f21959dd590721fe896db9d60cc83daffae4fb61d3edfed139e71ed9b84b					1775957	Medjerda Valley virus	T131				
NC_055425	1608084		review_host		host=Dermacentor marginatus organism=Tacheng Tick Virus 2	NC_055425	NC_055425.1	Tacheng Tick Virus 2	Uukuvirus	Phenuiviridae	Viruses; Riboviria; Orthornavirae; Negarnaviricota; Polyploviricotina; Bunyaviricetes; Hareavirales; Phenuiviridae; Uukuvirus; Uukuvirus tachengense	RNA	linear	6659	L	Dermacentor marginatus	TC252	true	ncbi-genbank	d542875e27924a0adfdb59b116e08a1fb48aec4172cb9f49675fe5e8b6301767					1608084	Tacheng Tick Virus 2	TC252				
NC_055426	1608084		review_host		host=Dermacentor marginatus organism=Tacheng Tick Virus 2	NC_055426	NC_055426.1	Tacheng Tick Virus 2	Uukuvirus	Phenuiviridae	Viruses; Riboviria; Orthornavirae; Negarnaviricota; Polyploviricotina; Bunyaviricetes; Hareavirales; Phenuiviridae; Uukuvirus; Uukuvirus tachengense	RNA	linear	2185	S	Dermacentor marginatus	TC252	true	ncbi-genbank	80aa046a01bbecdf1065360a8ac42f65339ff3204cd156b37e363f4eb8310f40					1608084	Tacheng Tick Virus 2	TC252				
NC_055459	1554500		review_host		host=Pteropus sp. (bat) organism=Hervey virus	NC_055459	NC_055459.1	Hervey virus	Pararubulavirus	Paramyxoviridae	Viruses; Riboviria; Orthornavirae; Negarnaviricota; Haploviricotina; Monjiviricetes; Mononegavirales; Paramyxoviridae; Rubulavirinae; Pararubulavirus; Pararubulavirus herveyense	RNA	linear	15186		Pteropus sp. (bat)	BO6	true	ncbi-genbank	dd3a0e2698547d7941a2f2a7f733d4e83613c5574e1510b11899a2675b9b47d0					1554500	Hervey virus					
NC_055508	2495433		review_host		host=Pteropus sp. organism=Alston virus	NC_055508	NC_055508.1	Alston virus	Orthorubulavirus	Paramyxoviridae	Viruses; Riboviria; Orthornavirae; Negarnaviricota; Haploviricotina; Monjiviricetes; Mononegavirales; Paramyxoviridae; Rubulavirinae; Orthorubulavirus; Orthorubulavirus sp. 'alstonvillense'	RNA	linear	15270		Pteropus sp.	Alstonville	true	ncbi-genbank	045573a6510d2d6add3c46046e2b255b7876937c760d47be9d1557124f40aec7					2495433	Alston virus					
NC_075323	1983771		review_host		host=Pipistrellus pygmaeus organism=Gemycircularvirus sp.	NC_075323	NC_075323.1	Gemycircularvirus sp.	Gemycircularvirus	Genomoviridae	Viruses; Floreoviria; Shotokuvirae; Cressdnaviricota; Repensiviricetes; Geplafuvirales; Genomoviridae; Gemycircularvirus	DNA	circular	2157		Pipistrellus pygmaeus	BS50/Hun/2013	true	ncbi-genbank	4bf85ae20da489ea3bdf627f39962794c035ce3369f797216df979e35c550a5c					1983771	Gemycircularvirus sp.	BS50/Hun/2013				
NC_075325	1983771		review_host		host=red-crowned crane organism=Gemycircularvirus sp.	NC_075325	NC_075325.1	Gemycircularvirus sp.	Gemycircularvirus	Genomoviridae	Viruses; Floreoviria; Shotokuvirae; Cressdnaviricota; Repensiviricetes; Geplafuvirales; Genomoviridae; Gemycircularvirus	ss-DNA	circular	2138		red-crowned crane	yc-19	true	ncbi-genbank	ddcd6ac5cf2209d1639a9abc1f02f24a25a186355892afdc0a78734658e91b9e					1983771	Gemycircularvirus sp.					
NC_076164	10325		review_host		host=Macaca silenus organism=Macacine alphaherpesvirus 1	NC_076164	NC_076164.1	Macacine alphaherpesvirus 1	Simplexvirus	Orthoherpesviridae	Viruses; Duplodnaviria; Heunggongvirae; Peploviricota; Herviviricetes; Herpesvirales; Orthoherpesviridae; Alphaherpesvirinae; Simplexvirus; Simplexvirus macacinealpha1	DNA	linear	157447		Macaca silenus	8100812	true	ncbi-genbank	0631805afbcfc3e00a26ea26e2343b8fc20ea3ede6c5025710a3e53fc93e6c0e					10325	Macacine alphaherpesvirus 1					
NC_076165	10325		review_host		host=Macaca nemestrina organism=Macacine alphaherpesvirus 1	NC_076165	NC_076165.1	Macacine alphaherpesvirus 1	Simplexvirus	Orthoherpesviridae	Viruses; Duplodnaviria; Heunggongvirae; Peploviricota; Herviviricetes; Herpesvirales; Orthoherpesviridae; Alphaherpesvirinae; Simplexvirus; Simplexvirus macacinealpha1	DNA	linear	157321		Macaca nemestrina	KQ	true	ncbi-genbank	c841594394733b1614c4df4a887766875e2f2c5fc6587ba96e6ea1c35e1c9710					10325	Macacine alphaherpesvirus 1					
NC_076565	1678143		review_host		host=Alces alces (moose) organism=Paslahepevirus balayani	NC_076565	NC_076565.1	Paslahepevirus balayani	Paslahepevirus	Hepeviridae	Viruses; Riboviria; Orthornavirae; Kitrinoviricota; Alsuviricetes; Hepelivirales; Hepeviridae; Orthohepevirinae; Paslahepevirus	RNA	linear	7002		Alces alces (moose)	AlgSwe2012	true	ncbi-genbank	6659e3be591177a68cb8faa3927964b3fb452b0e6e2acd3b6beea7b9ae22e8c1					1678143	Paslahepevirus balayani					
NC_076592	1678143		review_host		host=Egretta garzetta (little egret) organism=Paslahepevirus balayani	NC_076592	NC_076592.1	Paslahepevirus balayani	Paslahepevirus	Hepeviridae	Viruses; Riboviria; Orthornavirae; Kitrinoviricota; Alsuviricetes; Hepelivirales; Hepeviridae; Orthohepevirinae; Paslahepevirus	RNA	linear	6660		Egretta garzetta (little egret)	little egret/kocsag02/2014/HUN	true	ncbi-genbank	542022e8aeac60484ef4af970848db2f0081a2c6cc214ceb6fa13eb537d0306a					1678143	Paslahepevirus balayani					
NC_077751	38170		review_host		host=Hypsipetes amaurotis (brown-eared bulbul) organism=Avian orthoreovirus	NC_077751	NC_077751.1	Avian orthoreovirus	Orthoreovirus	Spinareoviridae	Viruses; Riboviria; Orthornavirae; Duplornaviricota; Resentoviricetes; Reovirales; Spinareoviridae; Orthoreovirus; Orthoreovirus avis	RNA	linear	2039	M3	Hypsipetes amaurotis (brown-eared bulbul)	Pycno-1	true	ncbi-genbank	aa32f25b662d5a9ac142b8ea68d1806dcb500d9190ca0c88ff1a2c0987bf1921					38170	Avian orthoreovirus	Pycno-1				
NC_077752	38170		review_host		host=Hypsipetes amaurotis (brown-eared bulbul) organism=Avian orthoreovirus	NC_077752	NC_077752.1	Avian orthoreovirus	Orthoreovirus	Spinareoviridae	Viruses; Riboviria; Orthornavirae; Duplornaviricota; Resentoviricetes; Reovirales; Spinareoviridae; Orthoreovirus; Orthoreovirus avis	RNA	linear	1325	S2	Hypsipetes amaurotis (brown-eared bulbul)	Pycno-1	true	ncbi-genbank	ab040a154528ac7ca64eff6e54fabf0d0fdf1ee213a0e3c911aaf0bb2709f468					38170	Avian orthoreovirus	Pycno-1				
NC_077753	38170		review_host		host=Hypsipetes amaurotis (brown-eared bulbul) organism=Avian orthoreovirus	NC_077753	NC_077753.1	Avian orthoreovirus	Orthoreovirus	Spinareoviridae	Viruses; Riboviria; Orthornavirae; Duplornaviricota; Resentoviricetes; Reovirales; Spinareoviridae; Orthoreovirus; Orthoreovirus avis	RNA	linear	4011	L1	Hypsipetes amaurotis (brown-eared bulbul)	Pycno-1	true	ncbi-genbank	997c7e1fd2b1c70382e8598ffe51ea7a6f42499e2d40c41314b769d261763d49					38170	Avian orthoreovirus	Pycno-1				
NC_077754	38170		review_host		host=Hypsipetes amaurotis (brown-eared bulbul) organism=Avian orthoreovirus	NC_077754	NC_077754.1	Avian orthoreovirus	Orthoreovirus	Spinareoviridae	Viruses; Riboviria; Orthornavirae; Duplornaviricota; Resentoviricetes; Reovirales; Spinareoviridae; Orthoreovirus; Orthoreovirus avis	RNA	linear	3829	L2	Hypsipetes amaurotis (brown-eared bulbul)	Pycno-1	true	ncbi-genbank	f1cfae1071a5aa1d9d5e14115e1a358e26a1c11c776d6ea1f764788f1f46c49c					38170	Avian orthoreovirus	Pycno-1				
NC_077755	38170		review_host		host=Hypsipetes amaurotis (brown-eared bulbul) organism=Avian orthoreovirus	NC_077755	NC_077755.1	Avian orthoreovirus	Orthoreovirus	Spinareoviridae	Viruses; Riboviria; Orthornavirae; Duplornaviricota; Resentoviricetes; Reovirales; Spinareoviridae; Orthoreovirus; Orthoreovirus avis	RNA	linear	1201	S4	Hypsipetes amaurotis (brown-eared bulbul)	Pycno-1	true	ncbi-genbank	07167767bfb683bc6d37f35d0fe376f335c73d21cd3b42165ad221b88c9564fa					38170	Avian orthoreovirus	Pycno-1				
NC_077756	38170		review_host		host=Hypsipetes amaurotis (brown-eared bulbul) organism=Avian orthoreovirus	NC_077756	NC_077756.1	Avian orthoreovirus	Orthoreovirus	Spinareoviridae	Viruses; Riboviria; Orthornavirae; Duplornaviricota; Resentoviricetes; Reovirales; Spinareoviridae; Orthoreovirus; Orthoreovirus avis	RNA	linear	3903	L3	Hypsipetes amaurotis (brown-eared bulbul)	Pycno-1	true	ncbi-genbank	2decf37f0150591f858d9011665ec8b30f168b5af97abe50bb340e8f7148a69d					38170	Avian orthoreovirus	Pycno-1				
NC_077757	38170		review_host		host=Hypsipetes amaurotis (brown-eared bulbul) organism=Avian orthoreovirus	NC_077757	NC_077757.1	Avian orthoreovirus	Orthoreovirus	Spinareoviridae	Viruses; Riboviria; Orthornavirae; Duplornaviricota; Resentoviricetes; Reovirales; Spinareoviridae; Orthoreovirus; Orthoreovirus avis	RNA	linear	2287	M1	Hypsipetes amaurotis (brown-eared bulbul)	Pycno-1	true	ncbi-genbank	3458857393c195474a7fcef67085f9cd23f28aac262c72ecda7bf56090771354					38170	Avian orthoreovirus	Pycno-1				
NC_077758	38170		review_host		host=Hypsipetes amaurotis (brown-eared bulbul) organism=Avian orthoreovirus	NC_077758	NC_077758.1	Avian orthoreovirus	Orthoreovirus	Spinareoviridae	Viruses; Riboviria; Orthornavirae; Duplornaviricota; Resentoviricetes; Reovirales; Spinareoviridae; Orthoreovirus; Orthoreovirus avis	RNA	linear	2156	M2	Hypsipetes amaurotis (brown-eared bulbul)	Pycno-1	true	ncbi-genbank	9aecb130d89c1807aec13a1fe7df61dd136d176eac71f9749c6d77ee890908bd					38170	Avian orthoreovirus	Pycno-1				
NC_077759	38170		review_host		host=Hypsipetes amaurotis (brown-eared bulbul) organism=Avian orthoreovirus	NC_077759	NC_077759.1	Avian orthoreovirus	Orthoreovirus	Spinareoviridae	Viruses; Riboviria; Orthornavirae; Duplornaviricota; Resentoviricetes; Reovirales; Spinareoviridae; Orthoreovirus; Orthoreovirus avis	RNA	linear	1637	S1	Hypsipetes amaurotis (brown-eared bulbul)	Pycno-1	true	ncbi-genbank	491a51affd347c02dd86505add1b68be8819f6fa889cc34f4e0370e9e4fab96c					38170	Avian orthoreovirus	Pycno-1				
NC_077760	38170		review_host		host=Hypsipetes amaurotis (brown-eared bulbul) organism=Avian orthoreovirus	NC_077760	NC_077760.1	Avian orthoreovirus	Orthoreovirus	Spinareoviridae	Viruses; Riboviria; Orthornavirae; Duplornaviricota; Resentoviricetes; Reovirales; Spinareoviridae; Orthoreovirus; Orthoreovirus avis	RNA	linear	1205	S3	Hypsipetes amaurotis (brown-eared bulbul)	Pycno-1	true	ncbi-genbank	61fffc37d41ab1ab6b951186231a945786511cf2290aeec836718b5a9af61fb1					38170	Avian orthoreovirus	Pycno-1				
NC_078006	2039230		review_host		host=Chaereophon aloysiisabaudiae organism=Tai Forest reovirus	NC_078006	NC_078006.1	Tai Forest reovirus	Coltivirus	Spinareoviridae	Viruses; Riboviria; Orthornavirae; Duplornaviricota; Resentoviricetes; Reovirales; Spinareoviridae; Coltivirus; Coltivirus taiense	RNA	linear	1845	10	Chaereophon aloysiisabaudiae		true	ncbi-genbank	9287f1b053fa0eb72b67c7833e5944b14616e26e97d6c319d942c8fb69869bac					2039230	Tai Forest reovirus					
NC_078007	2039230		review_host		host=Chaereophon aloysiisabaudiae organism=Tai Forest reovirus	NC_078007	NC_078007.1	Tai Forest reovirus	Coltivirus	Spinareoviridae	Viruses; Riboviria; Orthornavirae; Duplornaviricota; Resentoviricetes; Reovirales; Spinareoviridae; Coltivirus; Coltivirus taiense	RNA	linear	971	11	Chaereophon aloysiisabaudiae		true	ncbi-genbank	1164d5ba02520bf82da516bcf6145394e2053e567572a12ff7ad71f64d67a6ca					2039230	Tai Forest reovirus					
NC_078008	2039230		review_host		host=Chaerephon aloysiisabaudiae organism=Tai Forest reovirus	NC_078008	NC_078008.1	Tai Forest reovirus	Coltivirus	Spinareoviridae	Viruses; Riboviria; Orthornavirae; Duplornaviricota; Resentoviricetes; Reovirales; Spinareoviridae; Coltivirus; Coltivirus taiense	RNA	linear	3513	3	Chaerephon aloysiisabaudiae	B30	true	ncbi-genbank	fb64759f13f1863b25d5b44fac3805b1eee250a219e2b7f4597b9a6357e22122					2039230	Tai Forest reovirus					
NC_078009	2039230		review_host		host=Chaereophon aloysiisabaudiae organism=Tai Forest reovirus	NC_078009	NC_078009.1	Tai Forest reovirus	Coltivirus	Spinareoviridae	Viruses; Riboviria; Orthornavirae; Duplornaviricota; Resentoviricetes; Reovirales; Spinareoviridae; Coltivirus; Coltivirus taiense	RNA	linear	3041	5	Chaereophon aloysiisabaudiae		true	ncbi-genbank	62e2b37256abb2a3f36dd3b1ac95d0fdee4043afd9fa293b82ff7875e6e4fc19					2039230	Tai Forest reovirus					
NC_078010	2039230		review_host		host=Chaereophon aloysiisabaudiae organism=Tai Forest reovirus	NC_078010	NC_078010.1	Tai Forest reovirus	Coltivirus	Spinareoviridae	Viruses; Riboviria; Orthornavirae; Duplornaviricota; Resentoviricetes; Reovirales; Spinareoviridae; Coltivirus; Coltivirus taiense	RNA	linear	1398	42	Chaereophon aloysiisabaudiae		true	ncbi-genbank	17c8040e915abe354c1a03bf57c9a23c239a2c1cdb844d291991d95c8e3cf5e3					2039230	Tai Forest reovirus					
NC_078011	2039230		review_host		host=Chaereophon aloysiisabaudiae organism=Tai Forest reovirus	NC_078011	NC_078011.1	Tai Forest reovirus	Coltivirus	Spinareoviridae	Viruses; Riboviria; Orthornavirae; Duplornaviricota; Resentoviricetes; Reovirales; Spinareoviridae; Coltivirus; Coltivirus taiense	RNA	linear	1794	41	Chaereophon aloysiisabaudiae		true	ncbi-genbank	c2d107863a9ebcaf3f860b30a6f4cb66f84d0978639833bff19c06645f287fcf					2039230	Tai Forest reovirus					
NC_078012	2039230		review_host		host=Chaerephon aloysiisabaudiae organism=Tai Forest reovirus	NC_078012	NC_078012.1	Tai Forest reovirus	Coltivirus	Spinareoviridae	Viruses; Riboviria; Orthornavirae; Duplornaviricota; Resentoviricetes; Reovirales; Spinareoviridae; Coltivirus; Coltivirus taiense	RNA	linear	3987	2	Chaerephon aloysiisabaudiae	B30	true	ncbi-genbank	983139c511a8587bcc834f9900cb460920cb9ee83ee8ef58e8b0601851c7f548					2039230	Tai Forest reovirus					
NC_078013	2039230		review_host		host=Chaerephon aloysiisabaudiae organism=Tai Forest reovirus	NC_078013	NC_078013.1	Tai Forest reovirus	Coltivirus	Spinareoviridae	Viruses; Riboviria; Orthornavirae; Duplornaviricota; Resentoviricetes; Reovirales; Spinareoviridae; Coltivirus; Coltivirus taiense	RNA	linear	1857	9	Chaerephon aloysiisabaudiae	B30	true	ncbi-genbank	45b69e97f5c602f37d2ae5d2b65f6d8e1f1c47399a2d62fc3e834db007750163					2039230	Tai Forest reovirus					
NC_078014	2039230		review_host		host=Chaerephon aloysiisabaudiae organism=Tai Forest reovirus	NC_078014	NC_078014.1	Tai Forest reovirus	Coltivirus	Spinareoviridae	Viruses; Riboviria; Orthornavirae; Duplornaviricota; Resentoviricetes; Reovirales; Spinareoviridae; Coltivirus; Coltivirus taiense	RNA	linear	4356	1	Chaerephon aloysiisabaudiae	B30	true	ncbi-genbank	3c787123c9ad452d6e9109d8add15072d987e314153fe27e16d34ba061467355					2039230	Tai Forest reovirus					
NC_078015	2039230		review_host		host=Chaereophon aloysiisabaudiae organism=Tai Forest reovirus	NC_078015	NC_078015.1	Tai Forest reovirus	Coltivirus	Spinareoviridae	Viruses; Riboviria; Orthornavirae; Duplornaviricota; Resentoviricetes; Reovirales; Spinareoviridae; Coltivirus; Coltivirus taiense	RNA	linear	2176	8	Chaereophon aloysiisabaudiae		true	ncbi-genbank	628f308d812ffa35f2cb6c43b24ca82200370cae987735a8b60fe0fdb30877d6					2039230	Tai Forest reovirus					
NC_078980	2609058		review_host		host=Culex nigripalpus organism=Baakal virus	NC_078980	NC_078980.1	Baakal virus	Orthobunyavirus	Peribunyaviridae	Viruses; Riboviria; Orthornavirae; Negarnaviricota; Polyploviricotina; Bunyaviricetes; Elliovirales; Peribunyaviridae; Orthobunyavirus; Orthobunyavirus baakalense	ss-RNA	linear	1166	small	Culex nigripalpus	Palenque-C593-MX-2008	true	ncbi-genbank	cc8989abf1de082541624c204573d7a235aa26ebab7e653cea81d99e51c473d0					2609058	Baakal virus	Palenque-C593-MX-2008				
NC_078981	2609058		review_host		host=Culex nigripalpus organism=Baakal virus	NC_078981	NC_078981.1	Baakal virus	Orthobunyavirus	Peribunyaviridae	Viruses; Riboviria; Orthornavirae; Negarnaviricota; Polyploviricotina; Bunyaviricetes; Elliovirales; Peribunyaviridae; Orthobunyavirus; Orthobunyavirus baakalense	ss-RNA	linear	4947	medium	Culex nigripalpus	Palenque-C593-MX-2008	true	ncbi-genbank	bc5c6f9e1603ef56e8fecdd931ba8b088ce1f4f2ef7f78708292e789df2653c5					2609058	Baakal virus	Palenque-C593-MX-2008				
NC_078982	2609058		review_host		host=Culex nigripalpus organism=Baakal virus	NC_078982	NC_078982.1	Baakal virus	Orthobunyavirus	Peribunyaviridae	Viruses; Riboviria; Orthornavirae; Negarnaviricota; Polyploviricotina; Bunyaviricetes; Elliovirales; Peribunyaviridae; Orthobunyavirus; Orthobunyavirus baakalense	ss-RNA	linear	6937	large	Culex nigripalpus	Palenque-C593-MX-2008	true	ncbi-genbank	9d0904da0a5c0ac5229a69480d86c10b31fe4224f7fc9d54dd210a662faef6fe					2609058	Baakal virus	Palenque-C593-MX-2008				
