taxid	species_taxid
10243	3431481
10244	3431483
10245	10245
10249	10245
10255	3431487
10258	3431389
10280	3430922
10298	3050292
10310	3050293
10317	3050256
10335	3050294
10338	3050294
10359	3050295
10372	3050298
10376	3050299
10407	3431302
10408	3431302
10515	3241411
10519	3241406
10521	3241406
10522	3241406
10524	3241426
10528	3241402
10529	3241402
10533	3241411
10534	3241411
10548	3241406
10566	10566
10573	333754
10579	337051
10580	333754
10583	334203
10584	337043
10585	337041
10586	337041
10587	337041
10588	337042
10589	334205
10590	337048
10591	333757
10592	333754
10593	337042
10594	337051
10595	337044
10596	337050
10598	337041
10599	337051
10600	333754
10604	337051
10606	333924
10607	333924
10608	337051
10609	337051
10611	337050
10614	337039
10615	333757
10616	334207
10617	333926
10618	337041
10620	333757
10621	333924
10632	1891763
10798	3052189
10799	3052717
10804	1511891
10886	3422298
10942	3432195
11020	3426294
11021	3426299
11029	3426314
11033	3426317
11034	3426318
11036	3426322
11039	3426323
11041	2846071
11047	2499620
11053	3052464
11060	3052464
11069	3052464
11070	3052464
11072	3048158
11079	3048215
11080	3052468
11082	3048448
11083	3048287
11084	3052465
11085	3048175
11086	3048184
11089	3046277
11137	3433756
11168	3052560
11216	3049953
11224	3052556
11226	3052556
11234	3052345
11250	3049954
11272	1972576
11277	1972577
11292	11292
11318	11318
11320	2955291
11520	2955465
11553	2955935
11577	3052409
11580	3052407
11587	3052684
11588	3052676
11590	3052686
11591	3052811
11641	11642
11676	3418650
11709	3418651
11786	3428959
11788	11788
11795	3428959
11801	3428959
11837	3428959
11908	3428212
11909	3428213
11938	3428959
11963	11642
11983	3431196
12060	3428502
12062	3428502
12063	3431395
12067	3428502
12070	3428505
12071	3428502
12072	3428502
12073	3428502
12074	3428502
12078	3428502
12080	3428505
12081	3428505
12083	3428505
12086	3428505
12089	3428505
12090	3428506
12092	3407641
12104	3427730
12131	3428503
12132	3428501
12135	3428501
12456	3430629
12475	2844074
12509	3050299
12538	12538
12542	3048233
12557	3052498
12618	3047743
12637	3052464
12701	3430629
12721	12721
12730	3049952
28275	3241420
28278	3241420
28280	3241425
28282	3241402
28285	3241411
28311	334204
28312	333926
28332	3428214
28875	3432193
31544	3241406
31545	3241420
31546	337051
31547	337051
31548	337051
31551	337041
31552	333754
31631	3433757
31647	3052230
31649	3052230
31651	3052230
31653	3052230
31655	3052230
31699	3426318
31704	3428500
31708	3428501
32603	3050296
32604	3050297
32608	3241406
33743	3048170
33745	3052230
33746	3052230
33757	3428500
35279	3048198
35293	3428502
35294	3428502
35295	3428502
35300	3430629
35304	3052381
35741	3430629
36368	3428213
36427	3432203
37111	337039
37112	337039
37114	333754
37115	337042
37116	333767
37119	337050
37120	337041
37121	337044
37122	333754
37124	3426298
37130	3430629
37296	3050300
37954	333924
37955	333924
37956	337051
37957	337051
37958	333924
37959	333924
38767	38767
38804	3433539
39054	3428500
39085	3431395
39457	337042
39767	3428501
40012	3048314
40057	3431248
40058	3431250
40280	3428502
40538	333928
40539	333929
40540	333930
41846	3428502
41856	3052230
42182	3052230
42769	3428500
42770	3428505
42771	3428500
42772	3428505
42773	3428500
42775	3428505
42776	3428505
42779	3428505
42782	3428505
42783	3428505
42785	3428500
42786	3428500
42788	3428500
42789	3428506
42792	3052230
43358	3430629
44024	3048168
44027	3048168
44028	333754
44128	3428501
44129	3428501
44130	3428503
44131	3428501
44132	3428501
44133	3428501
44134	3428501
44135	3428501
44136	3428501
44137	3428503
44419	3426318
44561	3428959
45101	3428502
45240	337042
45659	3241406
45999	3428502
46018	3428502
46350	1511891
46839	3428066
46922	3241420
46924	3241420
46925	3241420
46930	3241420
46936	3241420
46938	3241420
46941	3241420
47501	3428502
47502	3428502
47503	3428502
47504	3428502
47505	3428502
47506	3428502
47507	3428502
47508	3428502
47509	3428502
47510	3428502
47511	3428502
47512	3428502
47513	3428502
47514	3428502
47515	3428502
47516	3428502
51033	337049
52275	3241420
52276	3431196
54290	3052608
57482	2951618
57483	2951619
57579	1511891
59301	3426306
59303	3426303
59304	3426321
59563	3052466
60877	3426319
61673	3428960
63746	3052230
64285	3048300
64286	3048443
64288	3048305
64292	3048225
64293	3048360
64300	3048205
64307	3047837
64310	3048165
64315	3052466
64320	3048459
68558	1511891
68742	1511891
68887	68887
69984	334207
69985	334207
69986	337039
69987	333924
70149	3052345
72197	72197
74561	3428502
80941	3052397
82300	1511892
82639	3428502
82658	3431196
84272	3426318
86107	3428500
90961	90961
93678	3052022
93830	93830
93838	2955291
94433	3431196
95340	3431196
98832	2955465
99000	3433538
99565	3431196
103914	3428502
103915	3428502
106820	3431302
107462	3241406
108098	3241406
114654	3428959
118655	3052429
120381	333767
120686	931244
122928	3431196
122929	3431196
123738	3428502
126794	10245
128952	3052462
129724	337044
129875	3241402
129951	3241411
130308	3241425
130309	3241426
130310	3241420
130760	2955291
132475	3433538
136966	136966
138948	3428500
138949	3428502
138950	3428505
138951	3428506
145856	2956252
147672	3428501
147673	3428501
147674	3428501
147675	3428501
147676	3428501
147677	3428503
147678	3428503
147679	3428503
147680	3428503
147681	3428503
147683	3428503
147684	3428501
147685	3428501
147711	3428501
147712	3428503
147714	3428503
150137	3431196
150546	333767
150846	3428500
150904	3428503
156647	3428500
162145	3048148
164416	3048447
166122	45617
166124	3433757
167321	3428501
167322	3428501
167324	3428501
167325	3428503
167326	3428503
167327	3428503
167328	3428503
167329	3428503
167330	3428503
170525	3052345
170528	3052345
171370	333767
171720	3428502
172148	3048170
172314	3431396
172316	3431396
172317	3431396
183764	2955291
185889	3428503
185890	3428501
185891	3428501
185892	3428501
185893	3428501
185894	3428501
185895	3428501
185896	3428501
185897	3428501
185898	3428501
185899	3428503
185900	3428503
185901	3428501
185902	3428501
185903	3428501
185904	3428501
185905	3428501
185906	3428501
185907	3428501
185908	3428501
185909	3428501
185910	3428501
185911	3428501
185912	3428501
185913	3428501
185914	3428501
185915	3428501
185916	3428501
185917	3428501
185918	3428501
185919	3428501
185920	3428501
185921	3428501
185922	3428501
185923	3428501
185924	3428501
185925	3428501
185926	3428503
185927	3428501
185928	3428501
185929	3428501
185930	3428501
185931	3428501
185932	3428501
185933	3428503
185934	3428501
185935	3428501
185936	3428503
185937	3428501
185938	3428503
185939	3428501
185940	3428501
185941	3428501
185942	3428501
185943	3428501
185944	3428501
185945	3428503
185946	3428501
186160	337043
186538	3052462
186539	3052459
186540	3052460
186541	3052461
188538	3049952
188539	3428959
194965	194965
195055	3431395
200154	3428502
202250	333767
202252	333757
204269	3431249
206160	3052666
208893	3049954
211044	2955291
211787	334208
218120	3241420
222887	3428502
222889	3428502
227984	3418604
228330	3418604
228404	3418604
228407	3418604
228415	3418604
234601	3432266
247149	3418604
247268	337051
247269	334209
253182	3049954
253433	3418604
253434	3418604
253435	3418604
256548	1511892
258453	3431196
260047	3241406
260716	333926
260717	337039
262897	3431196
270642	3433809
273341	3052399
273345	3052439
273352	3052412
277944	3433809
282345	3428502
289365	3052770
289366	393049
289367	393049
290008	1972573
290028	3433758
290280	3431196
290314	3432266
291175	3432266
291484	291484
296145	3431196
297248	3428500
301186	3052560
306588	3428500
310755	3428505
310756	3428505
310907	3428510
318279	318279
318563	3428502
318564	3428502
318565	3428502
318566	3428502
318567	3428502
318568	3428502
318569	3428502
318570	3428502
318571	3428502
318848	1978540
321147	3418604
321149	3418604
325445	3428505
325446	3428502
325447	3428502
325568	337043
326124	3241406
332179	3241445
333751	337043
333752	337043
333753	337043
333759	337039
333760	337041
333761	337042
333762	337044
333763	337048
333764	337049
333765	337050
333767	333767
333769	931244
333770	333767
333771	333767
333772	333767
333923	337051
334203	334203
334210	333767
334514	333924
335103	3432194
335341	2955291
336619	3431196
337043	337043
337054	333931
338079	3432452
338322	337042
338323	1175848
338324	337042
338326	931244
338327	333767
338478	3432454
341053	3052263
343463	3241406
348013	3052413
353145	3418604
356114	3052230
356391	3052230
356426	3052230
356466	3052230
356663	99182
356664	99182
362784	3431395
370037	3431196
370128	2955291
370519	2955291
370522	2955291
373193	99182
376148	3431395
378809	3052505
378830	3052505
378831	3052505
379081	3431196
388737	3418604
392172	3431196
394504	329641
408681	3428502
411152	3431395
413256	3052230
413257	3052230
419697	1459003
423446	1891764
423447	1891764
423448	1891764
427343	333924
430048	329641
432261	432261
434309	3427732
438880	3052230
438881	3052230
440266	1891765
443975	443974
444002	443974
444003	443974
444029	443974
444030	443974
444031	443974
444032	443974
444033	443974
444473	329641
449277	3048448
449278	3048448
449279	3048448
449280	3048448
459785	3241406
463676	3428504
466217	3426298
467339	3052230
471358	337043
479952	3431196
484894	3052230
488241	2955291
489450	3431302
489451	3431302
489460	3431302
490039	3431196
493803	1891726
509628	1678143
511429	3418604
511430	3418604
511431	3418604
511432	3418604
511433	3418604
512169	3432145
518628	333924
518629	333924
518630	333924
518987	2955465
546951	3431196
546952	3431196
546953	3431196
546954	3431196
546955	3431196
546956	3431196
546957	3431196
546958	3431196
546959	3431196
546960	3431196
546961	3431196
546962	3431196
546963	3431196
546964	3431196
546965	3431196
546966	3431196
546967	3431196
546968	3431196
546969	3431196
546970	3431196
546971	3431196
546972	3431196
546973	3431196
546974	3431196
546975	3431196
546976	3431196
546977	3431196
546978	3431196
546979	3431196
546980	3431196
546981	3431196
546982	3431196
546983	3431196
546984	3431196
546985	3431196
546986	3431196
546987	3431196
552592	3431196
556926	3241420
563190	333924
565537	1175848
565995	3052458
568715	3430631
573824	3428501
585060	3241425
585063	3241406
585064	3241425
585066	3241406
585067	3241406
585068	3241411
585070	3241425
585072	3241425
585073	3241425
585077	3241411
585078	3241411
585079	3241411
585080	3241406
585081	3241406
585082	3241425
585083	3241406
585084	3241406
585085	3241406
585087	3241411
585088	3241411
585089	3241406
585091	3241425
585092	3241425
585093	3241411
585094	3241411
585095	3241406
585096	3241406
585097	3241411
585098	3241411
585099	3241411
586420	3428095
587347	337051
587348	337051
587349	333924
587350	337051
587351	333924
587432	3431196
602074	3431395
617102	3046277
619591	3431483
621277	3431302
626160	3430629
626164	3430629
626180	3430629
626181	3430629
627439	3433757
627442	3418604
629725	3052640
629726	2734436
629727	3052641
638313	3052040
641501	2955291
641809	2955291
642022	642022
645687	3430641
649604	3240447
651580	3241420
651733	3432241
652810	652810
654811	2955291
658397	3431196
660656	3431196
660657	3431196
660658	3431196
660659	3431196
673323	337039
682382	682382
683172	683172
683174	683174
687340	3048413
687341	3048421
687342	3048428
687344	3048430
687345	3048431
687346	3048432
687347	687347
687348	3048433
687349	3048414
687350	3048433
687351	3048433
687352	3048415
687354	3048417
687355	3048417
687356	3048418
687357	3048419
687358	3048420
687359	3048422
687360	3048423
687361	3048424
687363	3048424
687364	3048425
687366	3048427
687367	3048427
687368	3048427
687369	3048395
687370	3048400
687371	3048401
687373	3048403
687374	3048404
687375	3048405
687376	3048406
687377	3048407
687379	3048380
687380	3048387
688699	3052681
689403	3052040
693426	3052230
693427	3052230
694009	3418604
696746	334207
707384	3431196
707385	3431196
707386	3431196
707387	3431196
707388	3431196
714567	3431196
714978	3241406
720708	337039
735496	333767
742915	3047960
742916	3047963
742917	3047961
742918	3047956
742919	742919
742922	3047964
742923	3047965
742924	3047962
742925	3047962
743300	3052121
743811	334209
743812	333924
745709	3052230
746830	2955746
746831	2955745
746832	1513257
748172	3431196
749340	99182
756495	3431196
756496	3431196
756497	3431196
758863	3432266
763792	3052345
765051	1175850
765052	333924
765054	333924
765055	1175849
765056	337051
767521	3430641
858367	3430631
861519	3428505
862909	1891727
863240	3431196
880562	3431196
880565	3241420
884093	3052345
884094	3052345
884095	3052345
884096	3052345
884097	3052345
884098	3052345
884099	3052345
884100	3052345
884101	3052345
909328	1175849
909329	1175852
909330	1513259
909331	1513257
909332	1175852
909333	1175849
915425	1175848
915426	1175849
915427	1175850
915428	1175851
915429	1175852
927771	337051
931209	1513258
931210	1175851
933438	3428959
934293	3431196
940838	337042
942038	1513257
943084	943084
943908	2955297
944645	3430671
980087	3241420
985691	3432266
988774	2955297
988776	2844800
990302	337051
992212	2748958
992230	3428504
994672	3241449
1000646	3052647
1001061	3431396
1002273	2844800
1003835	2748958
1004889	3052660
1006008	3428500
1046049	3431196
1046251	1972574
1048854	3052665
1049224	99182
1052603	3431302
1052604	3431302
1055684	1513256
1056492	3052345
1069441	3241402
1070408	1513260
1070409	1513256
1070410	1513261
1070411	1175849
1070412	1175849
1070413	1513256
1070414	1513256
1070415	1175852
1070416	337051
1070417	1513262
1070418	333924
1070419	1513260
1070420	1175850
1089795	3052345
1094363	3241420
1094895	3052230
1094898	3052230
1094899	3052230
1094900	3052230
1094901	3052230
1096763	3241406
1101371	3241420
1108925	329641
1108926	329641
1108927	3052041
1110710	1513258
1124795	3241420
1126254	3052505
1133122	3431196
1145295	3241420
1163715	2844802
1165934	1175849
1173138	2955744
1173217	3431196
1175308	3431196
1175309	3431196
1175310	3431196
1175311	3431196
1175312	3431196
1183312	3431196
1183318	3431196
1183319	3431196
1183320	3431196
1184496	3431196
1184497	3431196
1184498	3431196
1195613	3431196
1195614	3431196
1195615	3431196
1195616	3431196
1195617	3431196
1195618	3431196
1195619	3431196
1195620	3431196
1195621	3431196
1195622	3431196
1195623	3431196
1195624	3431196
1195625	3431196
1195626	3431196
1195627	3431196
1195628	3431196
1195629	3431196
1195630	3431196
1195631	3431196
1195632	3431196
1195633	3431196
1195634	3431196
1195635	3431196
1195636	3431196
1195637	3431196
1195638	3431196
1195639	3431196
1195640	3431196
1195791	3431196
1195796	1513256
1203539	1208309
1208062	3052230
1208063	3052230
1208309	1208309
1209820	333924
1214955	2844804
1216927	3052460
1216928	3051992
1219350	3431302
1219351	3431302
1219352	3431302
1219353	3431302
1219381	3428501
1219419	3428504
1221622	3431196
1221623	3431196
1224522	72149
1231709	1231709
1233383	1233383
1235996	3433633
1239565	3430629
1241966	3431196
1241967	3431196
1241968	3431196
1241969	3431196
1241970	3431196
1241971	3431196
1241972	3431196
1241973	3431196
1241974	3431196
1247113	1247113
1247114	1247114
1248136	3428502
1248396	1513263
1260941	3431196
1260944	3431196
1261195	3431196
1261196	3431196
1261197	3431196
1261198	3431196
1261199	3431196
1261200	3431196
1261201	3431196
1261202	3431196
1261203	3431196
1261204	3431196
1261205	3431196
1261206	3431196
1261207	3431196
1261208	3431196
1261209	3431196
1261210	3431196
1261211	3431196
1261212	3431196
1261213	3431196
1261214	3431196
1261215	3431196
1261216	3431196
1261217	3431196
1261218	3431196
1261219	3431196
1261220	3431196
1261221	3431196
1261222	3431196
1261223	3431196
1261224	3431196
1261225	3431196
1261226	3431196
1261227	3431196
1261228	3431196
1261229	3431196
1261230	3431196
1261231	3431196
1261232	3431196
1261233	3431196
1261234	3431196
1261235	3431196
1261236	3431196
1261237	3431196
1261238	3431196
1261239	3431196
1261240	3431196
1261241	3431196
1261242	3431196
1261243	3431196
1261244	3431196
1261245	3431196
1261246	3431196
1261247	3431196
1261248	3431196
1261249	3431196
1261250	3431196
1261251	3431196
1261252	3431196
1261253	3431196
1261254	3431196
1261255	3431196
1261256	3431196
1261257	3431196
1261258	3431196
1261259	3431196
1261260	3431196
1261261	3431196
1261262	3431196
1261263	3431196
1262401	3431196
1263720	3433633
1268361	3431196
1277649	1891745
1280920	3432266
1282342	3431302
1282423	3431196
1282425	3431196
1282430	3431196
1288116	337039
1291872	3431196
1291873	3431196
1295563	3428505
1297549	337039
1298362	3433633
1303334	2955301
1306931	3433633
1312076	3431196
1313215	72149
1315259	1513264
1315260	1513256
1315261	1175850
1315262	1513265
1315263	1513264
1315264	1513264
1315265	1175849
1315266	1513257
1316726	3431196
1325533	3431196
1330491	3428094
1330524	3432241
1331832	3431196
1331833	3431196
1331834	3431196
1331835	3431196
1331836	3431196
1331837	3431196
1331838	3431196
1331839	3431196
1331840	3431196
1331841	3431196
1331842	3431196
1331843	3431196
1331844	3431196
1331845	3431196
1331846	3431196
1331847	3431196
1331848	3431196
1332244	2955291
1335626	3433633
1336082	3431196
1336084	3431196
1336095	3431196
1336100	3431196
1336131	3431196
1337398	3241406
1337425	3431196
1338688	3431196
1341019	3431103
1345637	3047967
1346530	3432266
1346815	1407638
1346816	1407638
1347832	333924
1348500	3047966
1352534	3431103
1379486	3431196
1379487	3431196
1380573	3431196
1380574	3431196
1380575	3431196
1380576	3431196
1380577	3431196
1383577	3431196
1383578	3431196
1383579	3431196
1383580	3431196
1383581	3431196
1383582	3431196
1383583	3431196
1383590	3431196
1383591	3431196
1383596	3431196
1383599	3431196
1383601	3431196
1383602	3431196
1383606	3431196
1383609	3431196
1384672	3052560
1391667	1391667
1395611	3431103
1395615	3431103
1395620	3431103
1406147	3431196
1406148	3431196
1406149	3431196
1406796	3431196
1406797	3431196
1406798	3431196
1406799	3431196
1406800	3431196
1406801	3431196
1406802	3431196
1406805	3431196
1406809	3431196
1415627	2844805
1415628	2844803
1418031	3428504
1419710	1891763
1420544	1175850
1420545	1961678
1425211	3427731
1428581	2956528
1432852	3431196
1432853	3431196
1434782	1961680
1434986	1513256
1434987	1961679
1434988	333926
1435148	3428500
1439707	3049954
1442164	3428502
1449827	1175852
1452514	3052600
1452750	3431482
1458701	3431196
1458702	3431196
1458703	3431196
1458704	3431196
1458705	3431196
1461395	3241406
1472342	1513260
1472343	1961682
1478160	1961681
1484958	333767
1486684	3431196
1486685	3431196
1486687	3431196
1486689	3431196
1486691	3431196
1486692	3431196
1486694	3431196
1486697	3431196
1488574	2844554
1497391	1891728
1498296	3431196
1511785	3431402
1511807	3432189
1511882	3052041
1511883	3052041
1511919	3052770
1514999	3431196
1516081	2844581
1518575	1518574
1520935	3047958
1521028	3241406
1525173	3426330
1529909	3431196
1529910	3431196
1529911	3431196
1529912	3431196
1529913	3431196
1529914	3431196
1529915	3431196
1529916	3431196
1529917	3431196
1529918	3431196
1529919	3431196
1529920	3431196
1529921	3431196
1529922	3431196
1529923	3431196
1529924	3431196
1529925	3431196
1529926	3431196
1529927	3431196
1529928	3431196
1529929	3431196
1529930	3431196
1529931	3431196
1529932	3431196
1535290	3052014
1535291	3052004
1542134	1961681
1544901	3052230
1545700	1513257
1547495	1547495
1560340	3052713
1566828	3431196
1569922	3052664
1582094	1582094
1595998	1595998
1608453	3431103
1623310	3052446
1643649	3241420
1647924	1647924
1649829	3052643
1650736	1961783
1671798	333766
1673681	2844583
1678143	1678143
1678225	3052389
1682339	333928
1682340	2169902
1682341	1513256
1704090	3052606
1729141	3052606
1734223	2955465
1755290	3047959
1792832	2844584
1803956	3431395
1820158	2845897
1820159	2845899
1820160	1820160
1820588	2955291
1823906	2955291
1850255	3060057
1851130	1961683
1859149	3050361
1862824	1862824
1862825	2844585
1867125	3052716
1868658	1868658
1891762	1891762
1891764	1891764
1897519	2955291
1903249	2955291
1904876	1904876
1930509	1930509
1960046	1960046
1965018	1965018
1965344	2734294
1972755	3241420
1983771	1983771
1985415	2844646
1987017	1987017
1987020	1987018
1987021	1987019
2003650	3428096
2003651	3428097
2003652	3428098
2014666	2955291
2015550	3428506
2017081	2017081
2017082	2017082
2017083	2017083
2021738	2021738
2025360	2025360
2038719	3047956
2038720	3047960
2038721	3047961
2038722	3047962
2038723	3047963
2038724	3047964
2038725	3047965
2038728	3047957
2049444	2049444
2055263	2055263
2057931	3052013
2057932	2057932
2057933	2057933
2065036	3048396
2065037	3048397
2065038	3048398
2065044	3048388
2065045	3048389
2065046	3048390
2065047	3048391
2065048	3048392
2065049	3048393
2065050	3048394
2065051	3048381
2065052	3048382
2065053	3048383
2065054	3048384
2065055	3048385
2083199	3426308
2093789	2093789
2169701	3426312
2169863	3050337
2169934	2844967
2169935	2844968
2169936	2844969
2169991	2169991
2170194	3432459
2170195	3432458
2170197	3432451
2170198	3432456
2170203	3432460
2200830	2200830
2259331	1513257
2259332	337039
2259334	333926
2259343	1513257
2304647	3060422
2496633	2845900
2530494	2845010
2560525	3052557
2560602	3052560
2571082	3432911
2576944	3052759
2650411	3428505
2697049	3418604
2749445	2749445
2749447	2749447
2749452	2749452
2749453	2749453
2749454	2749454
2760809	3428500
2760813	3428502
2760818	3428505
2760819	3428505
2760820	3428505
2764122	3431302
2773471	3052041
2777147	3428501
2778524	2778524
2779846	3431196
2779847	3427731
2795181	3060504
2805939	2805939
2809145	2809145
2809199	2809199
2809423	2809423
2825847	3060506
2847137	3431302
2847138	3431302
2847141	3431302
2847144	3052230
2847173	2844074
2847174	2844075
2847176	2844078
2847281	3432241
2847853	3431196
2849477	3428564
2849733	3432266
2853118	2853118
2853119	2853119
2853120	2853120
2905673	3052558
2905917	3052300
2907957	3052299
2913478	3060740
3025750	3427953
3041468	3041468
3048395	3048395
3048415	3048415
3048422	3048422
3050361	3050361
3052001	3052001
3052003	3052003
3052005	3052005
3052006	3052006
3052007	3052007
3052008	3052008
3052009	3052009
3052011	3052011
3052012	3052012
3052015	3052015
3052016	3052016
3052017	3052017
3052018	3052018
3052019	3052019
3052020	3052020
3052021	3052021
3052022	3052022
3052023	3052023
3052024	3052024
3052040	3052040
3052223	3052223
3052225	3052225
3052230	3052230
3052236	3052236
3052244	3052244
3052302	3052302
3052303	3052303
3052307	3052307
3052310	3052310
3052314	3052314
3052317	3052317
3052384	3052384
3052480	3052480
3052498	3052498
3052499	3052499
3052503	3052503
3052505	3052505
3052514	3052514
3052518	3052518
3052714	3052714
3071191	3071191
3071192	3071192
3071193	3071193
3132708	3241406
3132709	3241406
3160821	3160821
3160822	3160822
3160823	3160823
3160824	3160824
3160827	3160827
3160828	3160828
3160829	3160829
3163396	3163396
3298505	3298505
3402314	3402314
3429226	3429226
3429227	3429227
3429808	3429808
3432221	3432221
3432222	3432222
3433571	3433571
