run_id	logical_id	biological_sample	virus_name	legacy_value	v3_unique	v3_unique_transition	v3_equal	v3_equal_transition	v3_host_conservative	v3_host_conservative_transition	n_observed_lanes	host_nonzero_lanes	host_repeated_across_lanes
WS_SKN_KCL10525738__S1__L001__WS	WS_SKN_KCL10525738_S1_L001	WS_SKN_KCL10525738_S1	Cercopithecine herpesvirus	0.0	0.0	absent	0.1722049151955694	new-nonzero	0.0	absent	2	1	False
WS_SKN_KCL10525738__S1__L002__WS	WS_SKN_KCL10525738_S1_L002	WS_SKN_KCL10525738_S1	Cercopithecine herpesvirus	0.0	0.0	absent	1.0700934579439256	new-nonzero	1.0	new-nonzero	2	1	False
WS_SKN_KCL10525738__S1__L001__WS	WS_SKN_KCL10525738_S1_L001	WS_SKN_KCL10525738_S1	Cowpox virus	0.0	0.0	absent	0.0769230769230769	new-nonzero	0.0	absent	2	0	False
WS_SKN_KCL10525738__S1__L002__WS	WS_SKN_KCL10525738_S1_L002	WS_SKN_KCL10525738_S1	Cowpox virus	0.0	0.0	absent	0.1538461538461538	new-nonzero	0.0	absent	2	0	False
WS_SKN_KCL10525738__S1__L001__WS	WS_SKN_KCL10525738_S1_L001	WS_SKN_KCL10525738_S1	Epstein-Barr virus	2.0	0.0	lost	0.0	lost	0.0	lost	2	1	False
WS_SKN_KCL10525738__S1__L002__WS	WS_SKN_KCL10525738_S1_L002	WS_SKN_KCL10525738_S1	Epstein-Barr virus	2.0	1.0	persisted	2.0	persisted	2.0	persisted	2	1	False
WS_SKN_KCL10525738__S1__L001__WS	WS_SKN_KCL10525738_S1_L001	WS_SKN_KCL10525738_S1	Monkeypox virus	0.0	0.0	absent	0.0769230769230769	new-nonzero	0.0	absent	2	0	False
WS_SKN_KCL10525738__S1__L002__WS	WS_SKN_KCL10525738_S1_L002	WS_SKN_KCL10525738_S1	Monkeypox virus	0.0	0.0	absent	0.1538461538461538	new-nonzero	0.0	absent	2	0	False
WS_SKN_KCL10525738__S2__L001__WS	WS_SKN_KCL10525738_S2_L001	WS_SKN_KCL10525738_S2	Cercopithecine herpesvirus	2.058548009367681	0.0	lost	2.1074766355140184	persisted	2.0	persisted	2	2	True
WS_SKN_KCL10525738__S2__L002__WS	WS_SKN_KCL10525738_S2_L002	WS_SKN_KCL10525738_S2	Cercopithecine herpesvirus	0.0	0.0	absent	1.051401869158879	new-nonzero	1.0	new-nonzero	2	2	True
WS_SKN_KCL10525738__S2__L001__WS	WS_SKN_KCL10525738_S2_L001	WS_SKN_KCL10525738_S2	Cowpox virus	0.0	0.0	absent	0.0769230769230769	new-nonzero	0.0	absent	2	0	False
WS_SKN_KCL10525738__S2__L002__WS	WS_SKN_KCL10525738_S2_L002	WS_SKN_KCL10525738_S2	Cowpox virus	0.0	0.0	absent	0.1538461538461538	new-nonzero	0.0	absent	2	0	False
WS_SKN_KCL10525738__S2__L002__WS	WS_SKN_KCL10525738_S2_L002	WS_SKN_KCL10525738_S2	Epstein-Barr virus	2.0	0.0	lost	1.0	persisted	1.0	persisted	2	1	False
WS_SKN_KCL10525738__S2__L001__WS	WS_SKN_KCL10525738_S2_L001	WS_SKN_KCL10525738_S2	Human herpesvirus 6b	2.0	1.0	persisted	1.0	persisted	1.0	persisted	2	1	False
WS_SKN_KCL10525738__S2__L001__WS	WS_SKN_KCL10525738_S2_L001	WS_SKN_KCL10525738_S2	Monkeypox virus	0.0	0.0	absent	0.0769230769230769	new-nonzero	0.0	absent	2	0	False
WS_SKN_KCL10525738__S2__L002__WS	WS_SKN_KCL10525738_S2_L002	WS_SKN_KCL10525738_S2	Monkeypox virus	0.0	0.0	absent	0.1538461538461538	new-nonzero	0.0	absent	2	0	False
WS_SKN_KCL10525738__S3__L001__WS	WS_SKN_KCL10525738_S3_L001	WS_SKN_KCL10525738_S3	Cercopithecine herpesvirus	0.0	0.0	absent	0.0514018691588785	new-nonzero	0.0	absent	1	0	False
WS_SKN_KCL10525738__S3__L001__WS	WS_SKN_KCL10525738_S3_L001	WS_SKN_KCL10525738_S3	Cowpox virus	0.0	0.0	absent	0.0769230769230769	new-nonzero	0.0	absent	1	0	False
WS_SKN_KCL10525738__S3__L001__WS	WS_SKN_KCL10525738_S3_L001	WS_SKN_KCL10525738_S3	Molluscum contagiosum virus	2.0	1.0	persisted	1.0	persisted	1.0	persisted	1	1	False
WS_SKN_KCL10525738__S3__L001__WS	WS_SKN_KCL10525738_S3_L001	WS_SKN_KCL10525738_S3	Monkeypox virus	0.0	0.0	absent	0.0769230769230769	new-nonzero	0.0	absent	1	0	False
WS_SKN_KCL10525738__S4__L001__WS	WS_SKN_KCL10525738_S4_L001	WS_SKN_KCL10525738_S4	Cercopithecine herpesvirus	2.708821233411394	0.0	lost	2.746105919003113	persisted	2.0	persisted	2	1	False
WS_SKN_KCL10525738__S4__L002__WS	WS_SKN_KCL10525738_S4_L002	WS_SKN_KCL10525738_S4	Cercopithecine herpesvirus	0.0	0.0	absent	0.0607476635514018	new-nonzero	0.0	absent	2	1	False
WS_SKN_KCL10525738__S4__L001__WS	WS_SKN_KCL10525738_S4_L001	WS_SKN_KCL10525738_S4	Cowpox virus	0.0	0.0	absent	0.2307692307692307	new-nonzero	0.0	absent	2	0	False
WS_SKN_KCL10525738__S4__L002__WS	WS_SKN_KCL10525738_S4_L002	WS_SKN_KCL10525738_S4	Cowpox virus	0.0	0.0	absent	0.0769230769230769	new-nonzero	0.0	absent	2	0	False
WS_SKN_KCL10525738__S4__L001__WS	WS_SKN_KCL10525738_S4_L001	WS_SKN_KCL10525738_S4	Human herpesvirus 6b	2.0	1.0	persisted	1.0	persisted	1.0	persisted	2	1	False
WS_SKN_KCL10525738__S4__L001__WS	WS_SKN_KCL10525738_S4_L001	WS_SKN_KCL10525738_S4	Monkeypox virus	0.0	0.0	absent	0.2307692307692307	new-nonzero	0.0	absent	2	0	False
WS_SKN_KCL10525738__S4__L002__WS	WS_SKN_KCL10525738_S4_L002	WS_SKN_KCL10525738_S4	Monkeypox virus	0.0	0.0	absent	0.0769230769230769	new-nonzero	0.0	absent	2	0	False
WS_SKN_KCL10525739__S1__L001__WS	WS_SKN_KCL10525739_S1_L001	WS_SKN_KCL10525739_S1	Cercopithecine herpesvirus	2.0453328872532603	0.0	lost	1.0809496837534225	persisted	1.0	persisted	2	2	True
WS_SKN_KCL10525739__S1__L002__WS	WS_SKN_KCL10525739_S1_L002	WS_SKN_KCL10525739_S1	Cercopithecine herpesvirus	2.070115676673052	0.0	lost	2.1534267912772584	persisted	2.0	persisted	2	2	True
WS_SKN_KCL10525739__S1__L001__WS	WS_SKN_KCL10525739_S1_L001	WS_SKN_KCL10525739_S1	Human herpesvirus 6	3.0	1.0	persisted	1.0	persisted	1.0	persisted	2	1	False
WS_SKN_KCL10525739__S1__L001__WS	WS_SKN_KCL10525739_S1_L001	WS_SKN_KCL10525739_S1	Human herpesvirus 8	2.0	1.0	persisted	1.0	persisted	1.0	persisted	2	1	False
WS_SKN_KCL10525739__S2__L001__WS	WS_SKN_KCL10525739_S2_L001	WS_SKN_KCL10525739_S2	Cercopithecine herpesvirus	0.0	0.0	absent	1.093457943925234	new-nonzero	1.0	new-nonzero	1	1	False
WS_SKN_KCL10525739__S2__L001__WS	WS_SKN_KCL10525739_S2_L001	WS_SKN_KCL10525739_S2	Human herpesvirus 1	2.0	1.0	persisted	1.0	persisted	1.0	persisted	1	1	False
WS_SKN_KCL10525739__S2__L001__WS	WS_SKN_KCL10525739_S2_L001	WS_SKN_KCL10525739_S2	Human herpesvirus 6b	2.0	1.0	persisted	1.0	persisted	1.0	persisted	1	1	False
WS_SKN_KCL10525739__S2__L001__WS	WS_SKN_KCL10525739_S2_L001	WS_SKN_KCL10525739_S2	Human herpesvirus 8	5.0	2.0	persisted	2.0	persisted	2.0	persisted	1	1	False
WS_SKN_KCL10525739__S3__L002__WS	WS_SKN_KCL10525739_S3_L002	WS_SKN_KCL10525739_S3	Cercopithecine herpesvirus	0.0	0.0	absent	0.1704899461908808	new-nonzero	0.0	absent	1	0	False
WS_SKN_KCL10525739__S3__L002__WS	WS_SKN_KCL10525739_S3_L002	WS_SKN_KCL10525739_S3	Cowpox virus	0.0	0.0	absent	0.0769230769230769	new-nonzero	0.0	absent	1	0	False
WS_SKN_KCL10525739__S3__L002__WS	WS_SKN_KCL10525739_S3_L002	WS_SKN_KCL10525739_S3	Monkeypox virus	0.0	0.0	absent	0.0769230769230769	new-nonzero	0.0	absent	1	0	False
WS_SKN_KCL10525739__S4__L001__WS	WS_SKN_KCL10525739_S4_L001	WS_SKN_KCL10525739_S4	Cercopithecine herpesvirus	0.0	0.0	absent	0.0514018691588785	new-nonzero	0.0	absent	2	0	False
WS_SKN_KCL10525739__S4__L002__WS	WS_SKN_KCL10525739_S4_L002	WS_SKN_KCL10525739_S4	Cercopithecine herpesvirus	0.0	0.0	absent	0.0514018691588785	new-nonzero	0.0	absent	2	0	False
WS_SKN_KCL10525739__S4__L001__WS	WS_SKN_KCL10525739_S4_L001	WS_SKN_KCL10525739_S4	Epstein-Barr virus	2.0	0.0	lost	0.0	lost	0.0	lost	2	0	False
WS_SKN_KCL10525739__S4__L002__WS	WS_SKN_KCL10525739_S4_L002	WS_SKN_KCL10525739_S4	Epstein-Barr virus	2.0	0.0	lost	0.0	lost	0.0	lost	2	0	False
WS_SKN_KCL10525739__S4__L001__WS	WS_SKN_KCL10525739_S4_L001	WS_SKN_KCL10525739_S4	Human herpesvirus 1	2.0	1.0	persisted	1.0	persisted	1.0	persisted	2	1	False
WS_SKN_KCL10525739__S4__L002__WS	WS_SKN_KCL10525739_S4_L002	WS_SKN_KCL10525739_S4	Human herpesvirus 6b	2.0	1.0	persisted	1.0	persisted	1.0	persisted	2	1	False
WS_SKN_KCL10525739__S4__L001__WS	WS_SKN_KCL10525739_S4_L001	WS_SKN_KCL10525739_S4	Human herpesvirus 8	3.0	1.0	persisted	1.0	persisted	1.0	persisted	2	1	False
WS_SKN_KCL10525739__S4__L002__WS	WS_SKN_KCL10525739_S4_L002	WS_SKN_KCL10525739_S4	Molluscum contagiosum virus	2.0	1.0	persisted	1.0	persisted	1.0	persisted	2	1	False
WS_SKN_KCL10525739__S4__L001__WS	WS_SKN_KCL10525739_S4_L001	WS_SKN_KCL10525739_S4	Yaba-like disease virus	2.0	1.0	persisted	1.0	persisted	1.0	persisted	2	1	False
WS_SKN__KCL10525740__S1__L001__WS	WS_SKN_KCL10525740_S1_L001	WS_SKN_KCL10525740_S1	Cercopithecine herpesvirus	0.0	0.0	absent	0.02803738317757	new-nonzero	0.0	absent	2	0	False
WS_SKN_KCL10525740__S1__L002__WS	WS_SKN_KCL10525740_S1_L002	WS_SKN_KCL10525740_S1	Cercopithecine herpesvirus	0.0	0.0	absent	0.0536675162843387	new-nonzero	0.0	absent	2	0	False
WS_SKN__KCL10525740__S1__L001__WS	WS_SKN_KCL10525740_S1_L001	WS_SKN_KCL10525740_S1	Epstein-Barr virus	2.0	1.0	persisted	1.0	persisted	1.0	persisted	2	1	False
WS_SKN__KCL10525740__S1__L001__WS	WS_SKN_KCL10525740_S1_L001	WS_SKN_KCL10525740_S1	Human herpesvirus 1	2.0	1.0	persisted	1.0	persisted	1.0	persisted	2	1	False
WS_SKN_KCL10525740__S1__L002__WS	WS_SKN_KCL10525740_S1_L002	WS_SKN_KCL10525740_S1	Human herpesvirus 6b	2.0	1.0	persisted	1.0	persisted	1.0	persisted	2	1	False
WS_SKN__KCL10525740__S1__L001__WS	WS_SKN_KCL10525740_S1_L001	WS_SKN_KCL10525740_S1	Human herpesvirus 8	3.0	1.0	persisted	1.0	persisted	1.0	persisted	2	1	False
WS_SKN__KCL10525740__S2__L001__WS	WS_SKN_KCL10525740_S2_L001	WS_SKN_KCL10525740_S2	Cercopithecine herpesvirus	0.0	0.0	absent	1.0233644859813087	new-nonzero	1.0	new-nonzero	2	1	False
WS_SKN_KCL10525740__S2__L002__WS	WS_SKN_KCL10525740_S2_L002	WS_SKN_KCL10525740_S2	Cercopithecine herpesvirus	0.0	0.0	absent	0.014018691588785	new-nonzero	0.0	absent	2	1	False
WS_SKN__KCL10525740__S2__L001__WS	WS_SKN_KCL10525740_S2_L001	WS_SKN_KCL10525740_S2	Epstein-Barr virus	2.0	0.0	lost	0.0	lost	0.0	lost	2	0	False
WS_SKN_KCL10525740__S2__L002__WS	WS_SKN_KCL10525740_S2_L002	WS_SKN_KCL10525740_S2	Human herpesvirus 6b	2.0	1.0	persisted	1.0	persisted	1.0	persisted	2	1	False
WS_SKN__KCL10525740__S2__L001__WS	WS_SKN_KCL10525740_S2_L001	WS_SKN_KCL10525740_S2	Human herpesvirus 8	2.0	1.0	persisted	1.0	persisted	1.0	persisted	2	1	False
WS_SKN_KCL10525740__S3__L002__WS	WS_SKN_KCL10525740_S3_L002	WS_SKN_KCL10525740_S3	Cercopithecine herpesvirus	2.0210772833723656	0.0	lost	2.037383177570094	persisted	2.0	persisted	1	1	False
WS_SKN__KCL10525740__S3__L001__WS	WS_SKN_KCL10525740_S3_L002	WS_SKN_KCL10525740_S3	Cercopithecine herpesvirus	2.0210772833723656	0.0	lost	2.037383177570094	persisted	2.0	persisted	1	1	False
WS_SKN_KCL10525740__S3__L002__WS	WS_SKN_KCL10525740_S3_L002	WS_SKN_KCL10525740_S3	Cowpox virus	0.0	0.0	absent	0.0769230769230769	new-nonzero	0.0	absent	1	0	False
WS_SKN__KCL10525740__S3__L001__WS	WS_SKN_KCL10525740_S3_L002	WS_SKN_KCL10525740_S3	Cowpox virus	0.0	0.0	absent	0.0769230769230769	new-nonzero	0.0	absent	1	0	False
WS_SKN_KCL10525740__S3__L002__WS	WS_SKN_KCL10525740_S3_L002	WS_SKN_KCL10525740_S3	Monkeypox virus	0.0	0.0	absent	0.0769230769230769	new-nonzero	0.0	absent	1	0	False
WS_SKN__KCL10525740__S3__L001__WS	WS_SKN_KCL10525740_S3_L002	WS_SKN_KCL10525740_S3	Monkeypox virus	0.0	0.0	absent	0.0769230769230769	new-nonzero	0.0	absent	1	0	False
WS_SKN_KCL10525740__S4__L002__WS	WS_SKN_KCL10525740_S4_L002	WS_SKN_KCL10525740_S4	Cercopithecine herpesvirus	0.0	0.0	absent	0.02803738317757	new-nonzero	0.0	absent	1	0	False
WS_SKN_KCL10525741__S1__L001__WS	WS_SKN_KCL10525741_S1_L001	WS_SKN_KCL10525741_S1	Cercopithecine herpesvirus	0.0	0.0	absent	0.1650618332861323	new-nonzero	0.0	absent	2	1	False
WS_SKN_KCL10525741__S1__L002__WS	WS_SKN_KCL10525741_S1_L002	WS_SKN_KCL10525741_S1	Cercopithecine herpesvirus	2.7369242779078795	0.0	lost	2.778816199376944	persisted	2.0	persisted	2	1	False
WS_SKN_KCL10525741__S1__L002__WS	WS_SKN_KCL10525741_S1_L002	WS_SKN_KCL10525741_S1	Epstein-Barr virus	2.0	0.0	lost	0.0	lost	0.0	lost	2	0	False
WS_SKN_KCL10525741__S2__L001__WS	WS_SKN_KCL10525741_S2_L001	WS_SKN_KCL10525741_S2	Cercopithecine herpesvirus	0.0	0.0	absent	1.1487538940809976	new-nonzero	1.0	new-nonzero	2	2	True
WS_SKN_KCL10525741__S2__L002__WS	WS_SKN_KCL10525741_S2_L002	WS_SKN_KCL10525741_S2	Cercopithecine herpesvirus	0.0	0.0	absent	1.0841121495327106	new-nonzero	1.0	new-nonzero	2	2	True
WS_SKN_KCL10525741__S2__L001__WS	WS_SKN_KCL10525741_S2_L001	WS_SKN_KCL10525741_S2	Human herpesvirus 8	2.0	1.0	persisted	1.0	persisted	1.0	persisted	2	1	False
WS_SKN_KCL10525741__S3__L001__WS	WS_SKN_KCL10525741_S3_L001	WS_SKN_KCL10525741_S3	Cercopithecine herpesvirus	0.0	0.0	absent	1.084112149532711	new-nonzero	1.0	new-nonzero	2	2	True
WS_SKN_KCL10525741__S3__L002__WS	WS_SKN_KCL10525741_S3_L002	WS_SKN_KCL10525741_S3	Cercopithecine herpesvirus	0.0	0.0	absent	1.755451713395639	new-nonzero	1.0	new-nonzero	2	2	True
WS_SKN_KCL10525741__S4__L001__WS	WS_SKN_KCL10525741_S4_L001	WS_SKN_KCL10525741_S4	Cercopithecine herpesvirus	0.0	0.0	absent	1.1028037383177571	new-nonzero	1.0	new-nonzero	2	2	True
WS_SKN_KCL10525741__S4__L002__WS	WS_SKN_KCL10525741_S4_L002	WS_SKN_KCL10525741_S4	Cercopithecine herpesvirus	0.0	0.0	absent	1.084112149532711	new-nonzero	1.0	new-nonzero	2	2	True
WS_SKN_KCL10525741__S4__L002__WS	WS_SKN_KCL10525741_S4_L002	WS_SKN_KCL10525741_S4	Epstein-Barr virus	2.0	0.0	lost	0.0	lost	0.0	lost	2	0	False
WS_SKN_KCL10525741__S4__L002__WS	WS_SKN_KCL10525741_S4_L002	WS_SKN_KCL10525741_S4	Human herpesvirus 8	2.0	1.0	persisted	1.0	persisted	1.0	persisted	2	1	False
WS_SKN_KCL10525741__S4__L001__WS	WS_SKN_KCL10525741_S4_L001	WS_SKN_KCL10525741_S4	Molluscum contagiosum virus	4.0	2.0	persisted	2.0	persisted	2.0	persisted	2	1	False
WS_SKN_KCL10525742__S1__L001__WS	WS_SKN_KCL10525742_S1_L001	WS_SKN_KCL10525742_S1	Cercopithecine herpesvirus	0.0	0.0	absent	0.6993769470404981	new-nonzero	0.0	absent	2	0	False
WS_SKN_KCL10525742__S1__L002__WS	WS_SKN_KCL10525742_S1_L002	WS_SKN_KCL10525742_S1	Cercopithecine herpesvirus	0.0	0.0	absent	0.0327102803738317	new-nonzero	0.0	absent	2	0	False
WS_SKN_KCL10525742__S1__L002__WS	WS_SKN_KCL10525742_S1_L002	WS_SKN_KCL10525742_S1	Epstein-Barr virus	2.0	1.0	persisted	2.0	persisted	2.0	persisted	2	1	False
WS_SKN_KCL10525742__S1__L002__WS	WS_SKN_KCL10525742_S1_L002	WS_SKN_KCL10525742_S1	Molluscum contagiosum virus	2.0	1.0	persisted	1.0	persisted	1.0	persisted	2	1	False
WS_SKN_KCL10525742__S2__L001__WS	WS_SKN_KCL10525742_S2_L001	WS_SKN_KCL10525742_S2	Cercopithecine herpesvirus	0.0	0.0	absent	1.741433021806854	new-nonzero	1.0	new-nonzero	2	2	True
WS_SKN_KCL10525742__S2__L002__WS	WS_SKN_KCL10525742_S2_L002	WS_SKN_KCL10525742_S2	Cercopithecine herpesvirus	0.0	0.0	absent	1.046728971962617	new-nonzero	1.0	new-nonzero	2	2	True
WS_SKN_KCL10525742__S2__L002__WS	WS_SKN_KCL10525742_S2_L002	WS_SKN_KCL10525742_S2	Epstein-Barr virus	2.0	1.0	persisted	1.0	persisted	1.0	persisted	2	1	False
WS_SKN_KCL10525742__S2__L001__WS	WS_SKN_KCL10525742_S2_L001	WS_SKN_KCL10525742_S2	Human cytomegalovirus	2.0	1.0	persisted	1.0	persisted	1.0	persisted	2	1	False
WS_SKN_KCL10525742__S2__L001__WS	WS_SKN_KCL10525742_S2_L001	WS_SKN_KCL10525742_S2	Human herpesvirus 8	4.0	1.0	persisted	1.0	persisted	1.0	persisted	2	1	False
WS_SKN_KCL10525742__S3__L001__WS	WS_SKN_KCL10525742_S3_L001	WS_SKN_KCL10525742_S3	Cercopithecine herpesvirus	0.0	0.0	absent	1.0669309921646373	new-nonzero	1.0	new-nonzero	2	2	True
WS_SKN_KCL10525742__S3__L002__WS	WS_SKN_KCL10525742_S3_L002	WS_SKN_KCL10525742_S3	Cercopithecine herpesvirus	3.685402029664324	0.0	lost	3.6993769470404976	persisted	3.0	persisted	2	2	True
WS_SKN_KCL10525742__S3__L002__WS	WS_SKN_KCL10525742_S3_L002	WS_SKN_KCL10525742_S3	Cowpox virus	0.0	0.0	absent	0.0769230769230769	new-nonzero	0.0	absent	2	0	False
WS_SKN_KCL10525742__S3__L001__WS	WS_SKN_KCL10525742_S3_L001	WS_SKN_KCL10525742_S3	Human herpesvirus 6b	2.0	1.0	persisted	1.0	persisted	1.0	persisted	2	1	False
WS_SKN_KCL10525742__S3__L001__WS	WS_SKN_KCL10525742_S3_L001	WS_SKN_KCL10525742_S3	Human herpesvirus 7	2.0	1.0	persisted	1.0	persisted	1.0	persisted	2	1	False
WS_SKN_KCL10525742__S3__L002__WS	WS_SKN_KCL10525742_S3_L002	WS_SKN_KCL10525742_S3	Molluscum contagiosum virus	5.0	2.0	persisted	2.0	persisted	2.0	persisted	2	1	False
WS_SKN_KCL10525742__S3__L002__WS	WS_SKN_KCL10525742_S3_L002	WS_SKN_KCL10525742_S3	Monkeypox virus	0.0	0.0	absent	0.0769230769230769	new-nonzero	0.0	absent	2	0	False
WS_SKN_KCL9369632__S1__L001__WS	WS_SKN_KCL9369632_S1_L001	WS_SKN_KCL9369632_S1	Cercopithecine herpesvirus	0.0	0.0	absent	1.8825246231788288	new-nonzero	1.0	new-nonzero	1	1	False
WS_SKN_KCL9369632__S1__L001__WS	WS_SKN_KCL9369632_S1_L001	WS_SKN_KCL9369632_S1	Epstein-Barr virus	2.0	0.0	lost	0.0	lost	0.0	lost	1	0	False
WS_SKN_KCL9369632__S1__L001__WS	WS_SKN_KCL9369632_S1_L001	WS_SKN_KCL9369632_S1	Human herpesvirus 6b	2.0	1.0	persisted	1.0	persisted	1.0	persisted	1	1	False
WS_SKN_KCL9369632__S2__L001__WS	WS_SKN_KCL9369632_S2_L001	WS_SKN_KCL9369632_S2	Cercopithecine herpesvirus	0.0	0.0	absent	2.491433021806846	new-nonzero	1.0	new-nonzero	1	1	False
WS_SKN_KCL9369632__S3__L001__WS	WS_SKN_KCL9369632_S3_L001	WS_SKN_KCL9369632_S3	Cercopithecine herpesvirus	4.454150455321411	0.0	lost	4.990528336322713	persisted	4.0	persisted	1	1	False
WS_SKN_KCL9369632__S4__L001__WS	WS_SKN_KCL9369632_S4_L001	WS_SKN_KCL9369632_S4	Cercopithecine herpesvirus	0.0	0.0	absent	2.8114792787689864	new-nonzero	2.0	new-nonzero	1	1	False
WS_SKN_KCL9369632__S4__L001__WS	WS_SKN_KCL9369632_S4_L001	WS_SKN_KCL9369632_S4	Human herpesvirus 8	2.0	1.0	persisted	1.0	persisted	1.0	persisted	1	1	False
