run_id	logical_id	technical_repeat_group	chemistry	sample_class	expected_target	sample1_name	sample2_name	config_path	summary_path	output_bus_path	matrix_ec_path	transcripts_path	whitelist_path	adata_multimap_path	barcodes_path	genes_path	gene_names_path	adata_path	run_info_path	analysis_path	config_bytes	config_sha256	summary_bytes	summary_sha256	output_bus_bytes	output_bus_sha256	matrix_ec_bytes	matrix_ec_sha256	transcripts_bytes	transcripts_sha256	whitelist_bytes	whitelist_sha256	adata_multimap_bytes	adata_multimap_sha256	barcodes_bytes	barcodes_sha256	genes_bytes	genes_sha256	gene_names_bytes	gene_names_sha256	adata_bytes	adata_sha256	run_info_bytes	run_info_sha256	analysis_bytes	analysis_sha256	index_bytes	index_sha256	t2g_bytes	t2g_sha256	transcriptome_bytes	transcriptome_sha256	reference_hash_id	kb_python_version	kallisto_version	bustools_version
SRR12682296__SRR12682296	SRR12682296		10xv2	ebv_control	EBV	SRR12682296_1.fastq	SRR12682296_2.fastq	SRR12682296/SRR12682296/config.yaml	SRR12682296/SRR12682296/summary.txt	SRR12682296/SRR12682296/kb-python/output.bus	SRR12682296/SRR12682296/kb-python/matrix.ec	SRR12682296/SRR12682296/kb-python/transcripts.txt	SRR12682296/SRR12682296/kb-python/10x_version2_whitelist.txt	SRR12682296/SRR12682296/kb-python/counts_unfiltered/adata_multimap.h5ad	SRR12682296/SRR12682296/kb-python/counts_unfiltered/cells_x_genes.barcodes.txt	SRR12682296/SRR12682296/kb-python/counts_unfiltered/cells_x_genes.genes.txt	SRR12682296/SRR12682296/kb-python/counts_unfiltered/cells_x_genes.genes.names.txt	SRR12682296/SRR12682296/kb-python/counts_unfiltered/adata.h5ad	SRR12682296/SRR12682296/kb-python/run_info.json	SRR12682296/SRR12682296/log/analysis.txt	672	43fc144e4372f89a230cb4b669181b1e15c627e0d1457e97a6caa90ea8c205a2	5173553	021ff211894f709d76de217058f456c5c462bbb0a6853fd00f87b06e6bfc76d4	3130012785	dc362cec0b0c1497aba2ad616b3205d1e4331704ea41f1e487a774f9f48b4001	10906732	02fbf3db0b5985cd8ffdbd0b15b919050e35d4e59a006e785be74d36d51813bb	4127492	8a3e8a49e11a426ea465a8f151e4959dc9e876f8d7b083854361b23645e290e5	12533760	b0dda4b114d8fc7ea8def94fb472e6205c1831a72e3ac245ed13cc332d9f20d1	638467521	a81db4c1453d9a5b28556742fb680016ce50c9a14ebb2ae58fafe20d7615e348	7050155	286cf22e4953d17b4afd5cc0dc74ec108c0c7f19f100bc371416098ac3bc0493	759422	2283ab6be71b53a4d69e125dec986340696524ae56344014c48553d28ff16adf	442984	4e2bf95988b4659c0967c14442f70de94ed83627c18f51825da16de3c39f0631	164806024	69b09d95df7b4bd87a2a0924bf2ac91815a955ff1912e60a207ff4411d456482	821	177182279f487b8c9024e7f4f2f971d04de9372d99859e6429b3742e8af8070d	48449	45371b26d5f6255821e61b32740227cbdbef75c63cb12309c85eb3c6f6340385	413546414	e7671bead44eb04ca698de53ba399f8c004cb98ecc842f1f948ace67ff47bd91	18640025	acff305de73ea5e348ac1cbe6226091f0c29d557ecd2c1d09df826547cc0bbda	454766565	4cb32d6e084cdeb925cbf4285922ebf35366b9490f9e2396662fa0bc88412791	sha256:09264081bd7ec8b62d450d16c947a9f4abbadd2bee3af7c136d152c1f993b416	0.29.5	0.51.1	0.45.1
SRR12682297__SRR12682297	SRR12682297		10xv2	ebv_control	EBV	SRR12682297_1.fastq	SRR12682297_2.fastq	SRR12682297/SRR12682297/config.yaml	SRR12682297/SRR12682297/summary.txt	SRR12682297/SRR12682297/kb-python/output.bus	SRR12682297/SRR12682297/kb-python/matrix.ec	SRR12682297/SRR12682297/kb-python/transcripts.txt	SRR12682297/SRR12682297/kb-python/10x_version2_whitelist.txt	SRR12682297/SRR12682297/kb-python/counts_unfiltered/adata_multimap.h5ad	SRR12682297/SRR12682297/kb-python/counts_unfiltered/cells_x_genes.barcodes.txt	SRR12682297/SRR12682297/kb-python/counts_unfiltered/cells_x_genes.genes.txt	SRR12682297/SRR12682297/kb-python/counts_unfiltered/cells_x_genes.genes.names.txt	SRR12682297/SRR12682297/kb-python/counts_unfiltered/adata.h5ad	SRR12682297/SRR12682297/kb-python/run_info.json	SRR12682297/SRR12682297/log/analysis.txt	672	af349c19a1434fb3215cf8fffc84cd647fc6e018d57411effd9665c878cf15dd	1085129	74a97ef2281be52c41ebfc26f501d0c5d7e533c6e721296e86539042243b21d4	3045856369	6b8edb963c3c5a848c2609c73b87b9f41279ef9db5af3372258e9ec6e627070a	10186128	ec27d17f89eca334d73fba9b5f3989ac77c6a8b78ea5ceeb9fc72807d7abf850	4127492	8a3e8a49e11a426ea465a8f151e4959dc9e876f8d7b083854361b23645e290e5	12533760	b0dda4b114d8fc7ea8def94fb472e6205c1831a72e3ac245ed13cc332d9f20d1	631612065	379db036a7bcc06f33cb4a8d39732d52fa269f36da49502d1ffbb6e063549bc1	6741401	3b7bad8876f97b0df2bbac472e869f1545ef0d51e48acc1ea27bcf34f46a0381	759422	2283ab6be71b53a4d69e125dec986340696524ae56344014c48553d28ff16adf	442984	4e2bf95988b4659c0967c14442f70de94ed83627c18f51825da16de3c39f0631	163693416	4e9d8c9784f583752378c1173bc5c3a11c2019346b185b824490334fbafcf79a	821	f7372373d71881f3e2ef39a6c53dd837140408671bebe7705618890fdfa79e47	48449	75b93b717d43750659c9d7d973b888ed52cfd2b26c2c23322b094e65e270a7b4	413546414	e7671bead44eb04ca698de53ba399f8c004cb98ecc842f1f948ace67ff47bd91	18640025	acff305de73ea5e348ac1cbe6226091f0c29d557ecd2c1d09df826547cc0bbda	454766565	4cb32d6e084cdeb925cbf4285922ebf35366b9490f9e2396662fa0bc88412791	sha256:09264081bd7ec8b62d450d16c947a9f4abbadd2bee3af7c136d152c1f993b416	0.29.5	0.51.1	0.45.1
SRR12682298__SRR12682298	SRR12682298		10xv2	ebv_control	EBV	SRR12682298_1.fastq	SRR12682298_2.fastq	SRR12682298/SRR12682298/config.yaml	SRR12682298/SRR12682298/summary.txt	SRR12682298/SRR12682298/kb-python/output.bus	SRR12682298/SRR12682298/kb-python/matrix.ec	SRR12682298/SRR12682298/kb-python/transcripts.txt	SRR12682298/SRR12682298/kb-python/10x_version2_whitelist.txt	SRR12682298/SRR12682298/kb-python/counts_unfiltered/adata_multimap.h5ad	SRR12682298/SRR12682298/kb-python/counts_unfiltered/cells_x_genes.barcodes.txt	SRR12682298/SRR12682298/kb-python/counts_unfiltered/cells_x_genes.genes.txt	SRR12682298/SRR12682298/kb-python/counts_unfiltered/cells_x_genes.genes.names.txt	SRR12682298/SRR12682298/kb-python/counts_unfiltered/adata.h5ad	SRR12682298/SRR12682298/kb-python/run_info.json	SRR12682298/SRR12682298/log/analysis.txt	672	069a48d02ea16ea3b72bcefd3dbaaf2394a2ef83d070c0b443bcb23cb3fbfc7f	552557	72ba1ba09c5e5b4ca8a13ae729804773dde7a33b58823072cbd2af0bcebcbdbe	3930338961	1448bfdd647a583674911bf55d544fb1c9203da9b868ef2df56f6189df2d795c	12964503	4071144c6827430fd99f386ad17a4dd4ec3aee39a232f7906bc03669b6be45f1	4127492	8a3e8a49e11a426ea465a8f151e4959dc9e876f8d7b083854361b23645e290e5	12533760	b0dda4b114d8fc7ea8def94fb472e6205c1831a72e3ac245ed13cc332d9f20d1	959487601	445cdc5a754c6cbaffee5e97d32be607a64887e5c27788b1610d30d8d0addb8f	6683856	72779fbdd8a5fcc66c94b223575672495645c9678712c7aae6be2beeab07c57e	759422	2283ab6be71b53a4d69e125dec986340696524ae56344014c48553d28ff16adf	442984	4e2bf95988b4659c0967c14442f70de94ed83627c18f51825da16de3c39f0631	236363320	0145c04c7ab8491a9ae7a2fdc1fd57c98a011751acd391ac03e1af47026650a6	821	8a6ffc34afabb0629a280ea73fd285b6ad3c9f24ccc697d7fa468308127e2504	48449	264138dce9b64337229056e0e6284e4b1a5cb560a48fd9f886210ddd65d70eb6	413546414	e7671bead44eb04ca698de53ba399f8c004cb98ecc842f1f948ace67ff47bd91	18640025	acff305de73ea5e348ac1cbe6226091f0c29d557ecd2c1d09df826547cc0bbda	454766565	4cb32d6e084cdeb925cbf4285922ebf35366b9490f9e2396662fa0bc88412791	sha256:09264081bd7ec8b62d450d16c947a9f4abbadd2bee3af7c136d152c1f993b416	0.29.5	0.51.1	0.45.1
SRR6825024__SRR6825024	SRR6825024		10xv2	hiv_control	HIV-1	SRR6825024_1.fastq	SRR6825024_2.fastq	SRR6825024/SRR6825024/config.yaml	SRR6825024/SRR6825024/summary.txt	SRR6825024/SRR6825024/kb-python/output.bus	SRR6825024/SRR6825024/kb-python/matrix.ec	SRR6825024/SRR6825024/kb-python/transcripts.txt	SRR6825024/SRR6825024/kb-python/10x_version2_whitelist.txt	SRR6825024/SRR6825024/kb-python/counts_unfiltered/adata_multimap.h5ad	SRR6825024/SRR6825024/kb-python/counts_unfiltered/cells_x_genes.barcodes.txt	SRR6825024/SRR6825024/kb-python/counts_unfiltered/cells_x_genes.genes.txt	SRR6825024/SRR6825024/kb-python/counts_unfiltered/cells_x_genes.genes.names.txt	SRR6825024/SRR6825024/kb-python/counts_unfiltered/adata.h5ad	SRR6825024/SRR6825024/kb-python/run_info.json	SRR6825024/SRR6825024/log/analysis.txt	668	9a3e33ae7a393eb1f4b0a155e97e16ff843141b1158c7540498633f711ce1c5d	1389	114e81d99ed5df9c276d3a9d0a6bcbcd8d1c51620fb28c81f066b7ea9678f2f0	10257106961	0a8f7de5d29c674c0af0de34db888e52df76b95e36b180d4504354962dfc2a44	16238410	d226a998e85964e01e81d9ea70f0c0e48821492f6c6976d15e30532e2d50ba4d	4127492	8a3e8a49e11a426ea465a8f151e4959dc9e876f8d7b083854361b23645e290e5	12533760	b0dda4b114d8fc7ea8def94fb472e6205c1831a72e3ac245ed13cc332d9f20d1	1599979441	3c5d74cff533c37d8bd425575d693740717a0d1ed8653148c88d982d2412845b	8325512	158eef4055204460c038c6384047806ef3ac78bb440c8d2916cc4b297f99eb69	759422	2283ab6be71b53a4d69e125dec986340696524ae56344014c48553d28ff16adf	442984	4e2bf95988b4659c0967c14442f70de94ed83627c18f51825da16de3c39f0631	354653096	dad3cfe8f0a063a1acc3b322e53300f219e32d6762f84ece03990461d6d2ab97	817	110913bcba4617394b120f08d478660cf420d6e051139a07f49228a7dd26e99d	48449	765faa3787ded0966ab72d7aa7da0677d4214fd496f425fe4e2e80295d6e8248	413546414	e7671bead44eb04ca698de53ba399f8c004cb98ecc842f1f948ace67ff47bd91	18640025	acff305de73ea5e348ac1cbe6226091f0c29d557ecd2c1d09df826547cc0bbda	454766565	4cb32d6e084cdeb925cbf4285922ebf35366b9490f9e2396662fa0bc88412791	sha256:09264081bd7ec8b62d450d16c947a9f4abbadd2bee3af7c136d152c1f993b416	0.29.5	0.51.1	0.45.1
SRR6825025__SRR6825025	SRR6825025	repeat__SRR6825025	10xv2	hiv_control	HIV-1	SRR6825025_1.fastq	SRR6825025_2.fastq	SRR6825025/SRR6825025/config.yaml	SRR6825025/SRR6825025/summary.txt	SRR6825025/SRR6825025/kb-python/output.bus	SRR6825025/SRR6825025/kb-python/matrix.ec	SRR6825025/SRR6825025/kb-python/transcripts.txt	SRR6825025/SRR6825025/kb-python/10x_version2_whitelist.txt	SRR6825025/SRR6825025/kb-python/counts_unfiltered/adata_multimap.h5ad	SRR6825025/SRR6825025/kb-python/counts_unfiltered/cells_x_genes.barcodes.txt	SRR6825025/SRR6825025/kb-python/counts_unfiltered/cells_x_genes.genes.txt	SRR6825025/SRR6825025/kb-python/counts_unfiltered/cells_x_genes.genes.names.txt	SRR6825025/SRR6825025/kb-python/counts_unfiltered/adata.h5ad	SRR6825025/SRR6825025/kb-python/run_info.json	SRR6825025/SRR6825025/log/analysis.txt	508	aa1f13f1375b21b8feb006f8a4f1d913908fa8ff48f19c83d0ad1f2cc6ec6528	1076	5597ad958b42a1ed9dbb9595cde54d8361643a5dfda75996b613a84048b3684d	5448718897	ed100422001dbfae7060a26464bc972d2787f6e47241f75aba4c86a80c30d62f	10780327	fd8ef5616b1ce3376e3177b0c70b07581c5db76a8b39c06b6a1f24d53737a510	4127492	8a3e8a49e11a426ea465a8f151e4959dc9e876f8d7b083854361b23645e290e5	12533760	b0dda4b114d8fc7ea8def94fb472e6205c1831a72e3ac245ed13cc332d9f20d1	413645473	91fb8eb4cadd400f0befb82268bdfbf2e0037617272ab89a33d0e3568d379936	4797383	4fd7477f5817714c321e2341ecf3f7fe733b02e3c9619b498b6f31233ada1ec1	759422	2283ab6be71b53a4d69e125dec986340696524ae56344014c48553d28ff16adf	442984	4e2bf95988b4659c0967c14442f70de94ed83627c18f51825da16de3c39f0631	101364632	95fe04952f9cb0d8372f435c55a0e4e94e78232b35371852f09d7a089649bc07	657	5eb4e77d942b4c0f9c3cff5934064fd6c1c522b2cd9dcf9df14adef166cfb190	48449	d43de85a02121fb3c9605b8e6f53f18f1248d303ae19c2cc58aee02b7b97ef40	413546414	e7671bead44eb04ca698de53ba399f8c004cb98ecc842f1f948ace67ff47bd91	18640025	acff305de73ea5e348ac1cbe6226091f0c29d557ecd2c1d09df826547cc0bbda	454766565	4cb32d6e084cdeb925cbf4285922ebf35366b9490f9e2396662fa0bc88412791	sha256:09264081bd7ec8b62d450d16c947a9f4abbadd2bee3af7c136d152c1f993b416	0.29.5	0.51.1	0.45.1
WS_SKN_KCL10525738__S1__L001__WS	WS_SKN_KCL10525738_S1_L001		10xv3	skin		WS_SKN_KCL10525738_S1_L001_R1_001.fastq.gz	WS_SKN_KCL10525738_S1_L001_R2_001.fastq.gz	WS_SKN_KCL10525738/S1/L001/WS/config.yaml	WS_SKN_KCL10525738/S1/L001/WS/summary.txt	WS_SKN_KCL10525738/S1/L001/WS/kb-python/output.bus	WS_SKN_KCL10525738/S1/L001/WS/kb-python/matrix.ec	WS_SKN_KCL10525738/S1/L001/WS/kb-python/transcripts.txt	WS_SKN_KCL10525738/S1/L001/WS/kb-python/10x_version3_whitelist.txt	WS_SKN_KCL10525738/S1/L001/WS/kb-python/counts_unfiltered/adata_multimap.h5ad	WS_SKN_KCL10525738/S1/L001/WS/kb-python/counts_unfiltered/cells_x_genes.barcodes.txt	WS_SKN_KCL10525738/S1/L001/WS/kb-python/counts_unfiltered/cells_x_genes.genes.txt	WS_SKN_KCL10525738/S1/L001/WS/kb-python/counts_unfiltered/cells_x_genes.genes.names.txt	WS_SKN_KCL10525738/S1/L001/WS/kb-python/counts_unfiltered/adata.h5ad	WS_SKN_KCL10525738/S1/L001/WS/kb-python/run_info.json	WS_SKN_KCL10525738/S1/L001/WS/log/analysis.txt	564	3ad519b43c8568a8e6dcfb838727604b860d7a1eae323dd145069b74f71dcd38	533	0574f40d58659c8388575a8153d49252cd852cffc04cedbc004546a2be60d1e1	1231481617	2a2df139e3bc25b4b8a714342c10f79dc75e17ce97768e9fb7dcc48269d87ae0	12341704	4b317563609a3317ab7abcfb9de901fe8c7e4d66e7f69383288401ba6415f072	4127492	8a3e8a49e11a426ea465a8f151e4959dc9e876f8d7b083854361b23645e290e5	115512960	843a6f7038db8cb3c06f3dc21cc69d04139ffa10689780518d7a9e42dc2e819b	698163089	f048d585cb7f26c7d2050687c6daa4094e346bf68d375b3251660d3e87f93881	10490292	5d6c922b6e165368c3cb927212cbaa31bef2f29d3abe60fe166120dd579f650f	759422	2283ab6be71b53a4d69e125dec986340696524ae56344014c48553d28ff16adf	442984	4e2bf95988b4659c0967c14442f70de94ed83627c18f51825da16de3c39f0631	177457064	f1bfca06e245b43a20f2c109382653f29a62dc797fe3e1d47be41d705b5b0d60	710	b732a4713c1752856e43ca3a51cd4b66aa38bfd4280443d03003bedbb6935dbb	48449	5ba1a9cd87789e0e16a7629d27cc3531eb53ad0f6be91d3bde8ab5dcc3326208	413546414	e7671bead44eb04ca698de53ba399f8c004cb98ecc842f1f948ace67ff47bd91	18640025	acff305de73ea5e348ac1cbe6226091f0c29d557ecd2c1d09df826547cc0bbda	454766565	4cb32d6e084cdeb925cbf4285922ebf35366b9490f9e2396662fa0bc88412791	sha256:09264081bd7ec8b62d450d16c947a9f4abbadd2bee3af7c136d152c1f993b416	0.29.5	0.51.1	0.45.1
WS_SKN_KCL10525738__S1__L002__WS	WS_SKN_KCL10525738_S1_L002		10xv3	skin		WS_SKN_KCL10525738_S1_L002_R1_001.fastq.gz	WS_SKN_KCL10525738_S1_L002_R2_001.fastq.gz	WS_SKN_KCL10525738/S1/L002/WS/config.yaml	WS_SKN_KCL10525738/S1/L002/WS/summary.txt	WS_SKN_KCL10525738/S1/L002/WS/kb-python/output.bus	WS_SKN_KCL10525738/S1/L002/WS/kb-python/matrix.ec	WS_SKN_KCL10525738/S1/L002/WS/kb-python/transcripts.txt	WS_SKN_KCL10525738/S1/L002/WS/kb-python/10x_version3_whitelist.txt	WS_SKN_KCL10525738/S1/L002/WS/kb-python/counts_unfiltered/adata_multimap.h5ad	WS_SKN_KCL10525738/S1/L002/WS/kb-python/counts_unfiltered/cells_x_genes.barcodes.txt	WS_SKN_KCL10525738/S1/L002/WS/kb-python/counts_unfiltered/cells_x_genes.genes.txt	WS_SKN_KCL10525738/S1/L002/WS/kb-python/counts_unfiltered/cells_x_genes.genes.names.txt	WS_SKN_KCL10525738/S1/L002/WS/kb-python/counts_unfiltered/adata.h5ad	WS_SKN_KCL10525738/S1/L002/WS/kb-python/run_info.json	WS_SKN_KCL10525738/S1/L002/WS/log/analysis.txt	564	d0bb41f52359ddf8552ed20fd278ceea777a1ad45219e504e5557e6f3e9d4f74	533	2b542eeefde605c8cc6c073bd5e23b1be3300b7aa82a2d055e80db196132a291	1233205553	0d247dedd444d5830f9805037ac1708ee8ab124516487f773e653108d8783442	12351229	0d099ca59e55e9246b98f3e16a31a2128a86d2077e7a2e4fc1c07643983261c0	4127492	8a3e8a49e11a426ea465a8f151e4959dc9e876f8d7b083854361b23645e290e5	115512960	843a6f7038db8cb3c06f3dc21cc69d04139ffa10689780518d7a9e42dc2e819b	699354593	2f01531ae87eb9bf969c255b245cb0d98799d56a7bd2f43052303417c7addff4	10428905	2529a599e76de7fb5cbf60c6e58d7e5fef7d0742a6af3a555a493b241333db8d	759422	2283ab6be71b53a4d69e125dec986340696524ae56344014c48553d28ff16adf	442984	4e2bf95988b4659c0967c14442f70de94ed83627c18f51825da16de3c39f0631	177405432	efead838f39fec72ba7ef7fbe45ece3d5a8e2312c1ab5b39ff9a8ebca14fa29f	710	91bdf0ac1c0b399fd4768a27f5747a5a2e3b81667013ad30b2e2df70ed38a164	48449	8ea7efba28f0f70fad6e85d51065550f9eca2acaa907a9a09134a6306cf12fbd	413546414	e7671bead44eb04ca698de53ba399f8c004cb98ecc842f1f948ace67ff47bd91	18640025	acff305de73ea5e348ac1cbe6226091f0c29d557ecd2c1d09df826547cc0bbda	454766565	4cb32d6e084cdeb925cbf4285922ebf35366b9490f9e2396662fa0bc88412791	sha256:09264081bd7ec8b62d450d16c947a9f4abbadd2bee3af7c136d152c1f993b416	0.29.5	0.51.1	0.45.1
WS_SKN_KCL10525738__S2__L001__WS	WS_SKN_KCL10525738_S2_L001		10xv3	skin		WS_SKN_KCL10525738_S2_L001_R1_001.fastq.gz	WS_SKN_KCL10525738_S2_L001_R2_001.fastq.gz	WS_SKN_KCL10525738/S2/L001/WS/config.yaml	WS_SKN_KCL10525738/S2/L001/WS/summary.txt	WS_SKN_KCL10525738/S2/L001/WS/kb-python/output.bus	WS_SKN_KCL10525738/S2/L001/WS/kb-python/matrix.ec	WS_SKN_KCL10525738/S2/L001/WS/kb-python/transcripts.txt	WS_SKN_KCL10525738/S2/L001/WS/kb-python/10x_version3_whitelist.txt	WS_SKN_KCL10525738/S2/L001/WS/kb-python/counts_unfiltered/adata_multimap.h5ad	WS_SKN_KCL10525738/S2/L001/WS/kb-python/counts_unfiltered/cells_x_genes.barcodes.txt	WS_SKN_KCL10525738/S2/L001/WS/kb-python/counts_unfiltered/cells_x_genes.genes.txt	WS_SKN_KCL10525738/S2/L001/WS/kb-python/counts_unfiltered/cells_x_genes.genes.names.txt	WS_SKN_KCL10525738/S2/L001/WS/kb-python/counts_unfiltered/adata.h5ad	WS_SKN_KCL10525738/S2/L001/WS/kb-python/run_info.json	WS_SKN_KCL10525738/S2/L001/WS/log/analysis.txt	564	9530840bd0fd61ca8b0c4d15357ceab8fca2ef92a01cd59ff69888c70ba6f964	1826	8876d1a81295045ddf8da316e9f817dd521b248ccc2b2aefae68184c10a8c711	1338421617	2ba38c723883c30f0ac9a4ef970ea150765cb7c8594e9b4b97b750f152d28dd4	12747982	535bb0b98548e66b51addd3de33f9c0643cc51dd42265af42bbfe334bb1bf443	4127492	8a3e8a49e11a426ea465a8f151e4959dc9e876f8d7b083854361b23645e290e5	115512960	843a6f7038db8cb3c06f3dc21cc69d04139ffa10689780518d7a9e42dc2e819b	755266449	60508dda0ce11a0d504ca55d5769aaf2f639d7166ad8ca909e0ba69d4fcb9e20	11158494	fa98d287456974576cb4088b03f153cbf428b3c8d44fe0cbf8ed6ecee935a3b8	759422	2283ab6be71b53a4d69e125dec986340696524ae56344014c48553d28ff16adf	442984	4e2bf95988b4659c0967c14442f70de94ed83627c18f51825da16de3c39f0631	191265192	1ed53b36b37bdf72e1d32bad7f20af9fac7cef23928dc023b34d8408c0bb7f17	710	a1f14146d247b31dde7918fc2a01f8a7f24029106a2983bdcf5d2d0c2de1e990	48449	1769e7fad396c4f7aa18c2887cebd472c117e04bd8d7c6ca51eb64467eaa0715	413546414	e7671bead44eb04ca698de53ba399f8c004cb98ecc842f1f948ace67ff47bd91	18640025	acff305de73ea5e348ac1cbe6226091f0c29d557ecd2c1d09df826547cc0bbda	454766565	4cb32d6e084cdeb925cbf4285922ebf35366b9490f9e2396662fa0bc88412791	sha256:09264081bd7ec8b62d450d16c947a9f4abbadd2bee3af7c136d152c1f993b416	0.29.5	0.51.1	0.45.1
WS_SKN_KCL10525738__S2__L002__WS	WS_SKN_KCL10525738_S2_L002		10xv3	skin		WS_SKN_KCL10525738_S2_L002_R1_001.fastq.gz	WS_SKN_KCL10525738_S2_L002_R2_001.fastq.gz	WS_SKN_KCL10525738/S2/L002/WS/config.yaml	WS_SKN_KCL10525738/S2/L002/WS/summary.txt	WS_SKN_KCL10525738/S2/L002/WS/kb-python/output.bus	WS_SKN_KCL10525738/S2/L002/WS/kb-python/matrix.ec	WS_SKN_KCL10525738/S2/L002/WS/kb-python/transcripts.txt	WS_SKN_KCL10525738/S2/L002/WS/kb-python/10x_version3_whitelist.txt	WS_SKN_KCL10525738/S2/L002/WS/kb-python/counts_unfiltered/adata_multimap.h5ad	WS_SKN_KCL10525738/S2/L002/WS/kb-python/counts_unfiltered/cells_x_genes.barcodes.txt	WS_SKN_KCL10525738/S2/L002/WS/kb-python/counts_unfiltered/cells_x_genes.genes.txt	WS_SKN_KCL10525738/S2/L002/WS/kb-python/counts_unfiltered/cells_x_genes.genes.names.txt	WS_SKN_KCL10525738/S2/L002/WS/kb-python/counts_unfiltered/adata.h5ad	WS_SKN_KCL10525738/S2/L002/WS/kb-python/run_info.json	WS_SKN_KCL10525738/S2/L002/WS/log/analysis.txt	564	c76374035e0364306fccfbc141046c75126ebb47291da03035d8927abe1c4180	533	fe30abe86ebbfbb6b1866a71dda40fb63d0b41594e1a71004bcf394b546ce0b3	1334787441	3c3cee6d2d1b917ddfb10612755a7db4a4170f7969168e1706280295875fd65e	12729497	69171abddf6713f2627445f33fadb00b42fea4853d22b62356715be3444f909b	4127492	8a3e8a49e11a426ea465a8f151e4959dc9e876f8d7b083854361b23645e290e5	115512960	843a6f7038db8cb3c06f3dc21cc69d04139ffa10689780518d7a9e42dc2e819b	754052097	7c71359a80c7cc4ad3c01fa4dab0b27d59df5c3aa95b918f8894a06bbea9285d	11071573	d1efbb90a2401abcf5434a38c2b63cc0648fb5e41d936304b8285f21f566b417	759422	2283ab6be71b53a4d69e125dec986340696524ae56344014c48553d28ff16adf	442984	4e2bf95988b4659c0967c14442f70de94ed83627c18f51825da16de3c39f0631	190782488	65b09aeffb2f7b767f7d5aa11fe37d150330474ff399c3c5881d0a41390fbfb1	710	78c5a0809312a81bdb61439aec77a676c91323e629b0a0a750a8b00e461cad57	48449	b819a3203b22f69a276a770138d97c21420b762380a169b11757608a01e22445	413546414	e7671bead44eb04ca698de53ba399f8c004cb98ecc842f1f948ace67ff47bd91	18640025	acff305de73ea5e348ac1cbe6226091f0c29d557ecd2c1d09df826547cc0bbda	454766565	4cb32d6e084cdeb925cbf4285922ebf35366b9490f9e2396662fa0bc88412791	sha256:09264081bd7ec8b62d450d16c947a9f4abbadd2bee3af7c136d152c1f993b416	0.29.5	0.51.1	0.45.1
WS_SKN_KCL10525738__S3__L001__WS	WS_SKN_KCL10525738_S3_L001		10xv3	skin		WS_SKN_KCL10525738_S3_L001_R1_001.fastq.gz	WS_SKN_KCL10525738_S3_L001_R2_001.fastq.gz	WS_SKN_KCL10525738/S3/L001/WS/config.yaml	WS_SKN_KCL10525738/S3/L001/WS/summary.txt	WS_SKN_KCL10525738/S3/L001/WS/kb-python/output.bus	WS_SKN_KCL10525738/S3/L001/WS/kb-python/matrix.ec	WS_SKN_KCL10525738/S3/L001/WS/kb-python/transcripts.txt	WS_SKN_KCL10525738/S3/L001/WS/kb-python/10x_version3_whitelist.txt	WS_SKN_KCL10525738/S3/L001/WS/kb-python/counts_unfiltered/adata_multimap.h5ad	WS_SKN_KCL10525738/S3/L001/WS/kb-python/counts_unfiltered/cells_x_genes.barcodes.txt	WS_SKN_KCL10525738/S3/L001/WS/kb-python/counts_unfiltered/cells_x_genes.genes.txt	WS_SKN_KCL10525738/S3/L001/WS/kb-python/counts_unfiltered/cells_x_genes.genes.names.txt	WS_SKN_KCL10525738/S3/L001/WS/kb-python/counts_unfiltered/adata.h5ad	WS_SKN_KCL10525738/S3/L001/WS/kb-python/run_info.json	WS_SKN_KCL10525738/S3/L001/WS/log/analysis.txt	564	924f9031073a679680bd3b9d0e2a3e357d4f1d8f943f2e4cc0309c33d0593d7f	543	2f15b467c0166904e00744c35e794ee3a414e72bc82cd06462d0230a523a9c6e	1239367089	0ece52df6a96cc02550af35cbfc90d2db0136ffedfa18a8e6f958a8355058a83	12453708	ff6182add2ae7fec4e513a3aad446c527b430020e9ea9b414070120efe51031a	4127492	8a3e8a49e11a426ea465a8f151e4959dc9e876f8d7b083854361b23645e290e5	115512960	843a6f7038db8cb3c06f3dc21cc69d04139ffa10689780518d7a9e42dc2e819b	708771473	1321bd338dd0e5da0f4ab5f032a5e53421126988041e2d2f7098353c46789361	10531364	4dcd9b870c314180d829f5edad773d4773e10cf3b26ff24593d64ff835f03f68	759422	2283ab6be71b53a4d69e125dec986340696524ae56344014c48553d28ff16adf	442984	4e2bf95988b4659c0967c14442f70de94ed83627c18f51825da16de3c39f0631	179922088	1da9cf13bd14b86f6bf219bd2dda0df2338c5b75263edc5e716285257af05c10	710	43a86fa8b5147162eff23aa9325f0073d0b2683d53ea24b6eec569663d1df440	48449	2cbfdf6712afeecfdc97931a05dd0f41e17978b0db5efe77371474366861f2aa	413546414	e7671bead44eb04ca698de53ba399f8c004cb98ecc842f1f948ace67ff47bd91	18640025	acff305de73ea5e348ac1cbe6226091f0c29d557ecd2c1d09df826547cc0bbda	454766565	4cb32d6e084cdeb925cbf4285922ebf35366b9490f9e2396662fa0bc88412791	sha256:09264081bd7ec8b62d450d16c947a9f4abbadd2bee3af7c136d152c1f993b416	0.29.5	0.51.1	0.45.1
WS_SKN_KCL10525738__S4__L001__WS	WS_SKN_KCL10525738_S4_L001		10xv3	skin		WS_SKN_KCL10525738_S4_L001_R1_001.fastq.gz	WS_SKN_KCL10525738_S4_L001_R2_001.fastq.gz	WS_SKN_KCL10525738/S4/L001/WS/config.yaml	WS_SKN_KCL10525738/S4/L001/WS/summary.txt	WS_SKN_KCL10525738/S4/L001/WS/kb-python/output.bus	WS_SKN_KCL10525738/S4/L001/WS/kb-python/matrix.ec	WS_SKN_KCL10525738/S4/L001/WS/kb-python/transcripts.txt	WS_SKN_KCL10525738/S4/L001/WS/kb-python/10x_version3_whitelist.txt	WS_SKN_KCL10525738/S4/L001/WS/kb-python/counts_unfiltered/adata_multimap.h5ad	WS_SKN_KCL10525738/S4/L001/WS/kb-python/counts_unfiltered/cells_x_genes.barcodes.txt	WS_SKN_KCL10525738/S4/L001/WS/kb-python/counts_unfiltered/cells_x_genes.genes.txt	WS_SKN_KCL10525738/S4/L001/WS/kb-python/counts_unfiltered/cells_x_genes.genes.names.txt	WS_SKN_KCL10525738/S4/L001/WS/kb-python/counts_unfiltered/adata.h5ad	WS_SKN_KCL10525738/S4/L001/WS/kb-python/run_info.json	WS_SKN_KCL10525738/S4/L001/WS/log/analysis.txt	564	7d3e644afc6f8ae6b555d3c8361ddb73851e1b095600dd8dc477d79d64591acb	1668	54b3f51ce0e8cfd355dc2b81e111f0f0b38aae4070a1171c4d7d5843386bb572	1163538193	35f990b4b5dee6239804fe100525013a4f4448b4d76e9545b1e946252457cd9b	12252174	796ebdda15be7faedb33d4cfc3c425f1f943e85e8dfd8fe5e0665a5769c7e0f8	4127492	8a3e8a49e11a426ea465a8f151e4959dc9e876f8d7b083854361b23645e290e5	115512960	843a6f7038db8cb3c06f3dc21cc69d04139ffa10689780518d7a9e42dc2e819b	689256769	7e6838fb8d7e558aaec72f6b61d0fc276add40f9170e1718924809d72f52e831	10240511	bf2f35dfd99dbc1e3732fb34e7ac513aba9be900a66f4fa65adbca78eacfa9a7	759422	2283ab6be71b53a4d69e125dec986340696524ae56344014c48553d28ff16adf	442984	4e2bf95988b4659c0967c14442f70de94ed83627c18f51825da16de3c39f0631	174923096	5233e700c0a62261022781a7c30491a9b14d47cb85c5914b57c5dc111195be81	710	d99cd69fae3e4f91cbbfa52d9ff240cc6ae5ab997c1dab40efe4fcfc61809507	48449	3781b38d6cd33689ec6355f85c190801db735a7b7f5b503114825bef8d7ba3f8	413546414	e7671bead44eb04ca698de53ba399f8c004cb98ecc842f1f948ace67ff47bd91	18640025	acff305de73ea5e348ac1cbe6226091f0c29d557ecd2c1d09df826547cc0bbda	454766565	4cb32d6e084cdeb925cbf4285922ebf35366b9490f9e2396662fa0bc88412791	sha256:09264081bd7ec8b62d450d16c947a9f4abbadd2bee3af7c136d152c1f993b416	0.29.5	0.51.1	0.45.1
WS_SKN_KCL10525738__S4__L002__WS	WS_SKN_KCL10525738_S4_L002		10xv3	skin		WS_SKN_KCL10525738_S4_L002_R1_001.fastq.gz	WS_SKN_KCL10525738_S4_L002_R2_001.fastq.gz	WS_SKN_KCL10525738/S4/L002/WS/config.yaml	WS_SKN_KCL10525738/S4/L002/WS/summary.txt	WS_SKN_KCL10525738/S4/L002/WS/kb-python/output.bus	WS_SKN_KCL10525738/S4/L002/WS/kb-python/matrix.ec	WS_SKN_KCL10525738/S4/L002/WS/kb-python/transcripts.txt	WS_SKN_KCL10525738/S4/L002/WS/kb-python/10x_version3_whitelist.txt	WS_SKN_KCL10525738/S4/L002/WS/kb-python/counts_unfiltered/adata_multimap.h5ad	WS_SKN_KCL10525738/S4/L002/WS/kb-python/counts_unfiltered/cells_x_genes.barcodes.txt	WS_SKN_KCL10525738/S4/L002/WS/kb-python/counts_unfiltered/cells_x_genes.genes.txt	WS_SKN_KCL10525738/S4/L002/WS/kb-python/counts_unfiltered/cells_x_genes.genes.names.txt	WS_SKN_KCL10525738/S4/L002/WS/kb-python/counts_unfiltered/adata.h5ad	WS_SKN_KCL10525738/S4/L002/WS/kb-python/run_info.json	WS_SKN_KCL10525738/S4/L002/WS/log/analysis.txt	564	8c891cca6d290045d6ba17b088eb8b18d2fac9cb78aa7c271b1a8b508c756983	299	d365ccf6b78a7ca151ee67eec6442f316410479e188e68ba5c068df264a0851c	1160496337	0c1d802d18fc796ba98ea3619bf60712d139982e2465dba9b3f0e8b6df8327e2	12268716	0c5e0366399a6015f3fcc9041c0954c2c3004989a8a1969c7881ac33f18acdd0	4127492	8a3e8a49e11a426ea465a8f151e4959dc9e876f8d7b083854361b23645e290e5	115512960	843a6f7038db8cb3c06f3dc21cc69d04139ffa10689780518d7a9e42dc2e819b	687647409	031b633a725dfce2a9eec1ae9299271da06a172b454b48b9d81784f740e0d622	10142982	bc4efab619128dd77a4cf00e9d25b59d319f95950cff23631ba6942633e88c8e	759422	2283ab6be71b53a4d69e125dec986340696524ae56344014c48553d28ff16adf	442984	4e2bf95988b4659c0967c14442f70de94ed83627c18f51825da16de3c39f0631	174357728	b5fdb902a837069ce4b74b03284920bf58e60aa30439a0d48ff2dd2a01f7a171	710	03d921812c5a0297f8b7c276ee12694eef8e383526ac45a2b098c2c0734bbaa1	48449	7db8a2d1c66849edaf82fe2862ee749673002f76286553d1cbb6eaba73055b3f	413546414	e7671bead44eb04ca698de53ba399f8c004cb98ecc842f1f948ace67ff47bd91	18640025	acff305de73ea5e348ac1cbe6226091f0c29d557ecd2c1d09df826547cc0bbda	454766565	4cb32d6e084cdeb925cbf4285922ebf35366b9490f9e2396662fa0bc88412791	sha256:09264081bd7ec8b62d450d16c947a9f4abbadd2bee3af7c136d152c1f993b416	0.29.5	0.51.1	0.45.1
WS_SKN_KCL10525739__S1__L001__WS	WS_SKN_KCL10525739_S1_L001		10xv3	skin		WS_SKN_KCL10525739_S1_L001_R1_001.fastq.gz	WS_SKN_KCL10525739_S1_L001_R2_001.fastq.gz	WS_SKN_KCL10525739/S1/L001/WS/config.yaml	WS_SKN_KCL10525739/S1/L001/WS/summary.txt	WS_SKN_KCL10525739/S1/L001/WS/kb-python/output.bus	WS_SKN_KCL10525739/S1/L001/WS/kb-python/matrix.ec	WS_SKN_KCL10525739/S1/L001/WS/kb-python/transcripts.txt	WS_SKN_KCL10525739/S1/L001/WS/kb-python/10x_version3_whitelist.txt	WS_SKN_KCL10525739/S1/L001/WS/kb-python/counts_unfiltered/adata_multimap.h5ad	WS_SKN_KCL10525739/S1/L001/WS/kb-python/counts_unfiltered/cells_x_genes.barcodes.txt	WS_SKN_KCL10525739/S1/L001/WS/kb-python/counts_unfiltered/cells_x_genes.genes.txt	WS_SKN_KCL10525739/S1/L001/WS/kb-python/counts_unfiltered/cells_x_genes.genes.names.txt	WS_SKN_KCL10525739/S1/L001/WS/kb-python/counts_unfiltered/adata.h5ad	WS_SKN_KCL10525739/S1/L001/WS/kb-python/run_info.json	WS_SKN_KCL10525739/S1/L001/WS/log/analysis.txt	564	91b54f8aa72a2194276a431cfef7314bc246b7db5d206a4c39c322caf7348666	1729	c3fa821f43d4b990304d6d0e2730c1d4fe17543ee89e6178c42cf6dd67f7ea06	1398985233	0bc841067f42b82c4809d49c48a50e2336db3afd69bf778f6f4e99594ff17cd1	13384491	26ee7e429879d74adae5cd146d9cd33f8f4656abb4b3299d9bbd68b57efccf39	4127492	8a3e8a49e11a426ea465a8f151e4959dc9e876f8d7b083854361b23645e290e5	115512960	843a6f7038db8cb3c06f3dc21cc69d04139ffa10689780518d7a9e42dc2e819b	754965777	c9e948a50547d41d9e5fd42d1b50e7fb0727a2ae5ca7908eb16131cf8a6d20cb	10732406	811397677b90d932205dbb0471619fa8022eab1342d6f85d45b885d576e65818	759422	2283ab6be71b53a4d69e125dec986340696524ae56344014c48553d28ff16adf	442984	4e2bf95988b4659c0967c14442f70de94ed83627c18f51825da16de3c39f0631	196658472	d18c604817e1ef0a587ea5322a7d144e44220fda84b03dfddcc720ca12ba6219	711	5c9b816ca72a5e7ca4f83d264650172f8152ff0267a14ebe17266939d179b1aa	48449	92d297f5ec573f0a50885c2a662d96572073f2793505387fe2252bd13f0fc4ca	413546414	e7671bead44eb04ca698de53ba399f8c004cb98ecc842f1f948ace67ff47bd91	18640025	acff305de73ea5e348ac1cbe6226091f0c29d557ecd2c1d09df826547cc0bbda	454766565	4cb32d6e084cdeb925cbf4285922ebf35366b9490f9e2396662fa0bc88412791	sha256:09264081bd7ec8b62d450d16c947a9f4abbadd2bee3af7c136d152c1f993b416	0.29.5	0.51.1	0.45.1
WS_SKN_KCL10525739__S1__L002__WS	WS_SKN_KCL10525739_S1_L002		10xv3	skin		WS_SKN_KCL10525739_S1_L002_R1_001.fastq.gz	WS_SKN_KCL10525739_S1_L002_R2_001.fastq.gz	WS_SKN_KCL10525739/S1/L002/WS/config.yaml	WS_SKN_KCL10525739/S1/L002/WS/summary.txt	WS_SKN_KCL10525739/S1/L002/WS/kb-python/output.bus	WS_SKN_KCL10525739/S1/L002/WS/kb-python/matrix.ec	WS_SKN_KCL10525739/S1/L002/WS/kb-python/transcripts.txt	WS_SKN_KCL10525739/S1/L002/WS/kb-python/10x_version3_whitelist.txt	WS_SKN_KCL10525739/S1/L002/WS/kb-python/counts_unfiltered/adata_multimap.h5ad	WS_SKN_KCL10525739/S1/L002/WS/kb-python/counts_unfiltered/cells_x_genes.barcodes.txt	WS_SKN_KCL10525739/S1/L002/WS/kb-python/counts_unfiltered/cells_x_genes.genes.txt	WS_SKN_KCL10525739/S1/L002/WS/kb-python/counts_unfiltered/cells_x_genes.genes.names.txt	WS_SKN_KCL10525739/S1/L002/WS/kb-python/counts_unfiltered/adata.h5ad	WS_SKN_KCL10525739/S1/L002/WS/kb-python/run_info.json	WS_SKN_KCL10525739/S1/L002/WS/log/analysis.txt	564	23cd86ee664a970128fc09d1f0da1f754e093e29cdee04a58a0996de98a4228e	1471	f4e37591c7578cb66d2fa0d5620406349dcd10ca3849f86a202453cc1d06676e	1385285041	83c3ddba00d91c07d7a0d25ccf686bcf00d197596a3cf7130f96c4f0b5b4e55a	13294628	7abee0d3a825583d254d7991a86473b546f8e78a53a9becfc967cae653740bee	4127492	8a3e8a49e11a426ea465a8f151e4959dc9e876f8d7b083854361b23645e290e5	115512960	843a6f7038db8cb3c06f3dc21cc69d04139ffa10689780518d7a9e42dc2e819b	751587281	473bfa275850a6f7ad0150cd4cd793ec45b65c23c645d5e3db41c9e396bc4be2	10600418	02a9c36de45aef0ca1a9f03456fc2c83aee84b55da349bc72047f19734b6b7ef	759422	2283ab6be71b53a4d69e125dec986340696524ae56344014c48553d28ff16adf	442984	4e2bf95988b4659c0967c14442f70de94ed83627c18f51825da16de3c39f0631	195503592	6b60f61d3a2682dcd8b804aff5691747304cfbb778fc60dce0f236bb5e6bd231	711	822e2c71dcefbf49c12de6dbcba094186a8a953d4f1b332f0cf979996179a540	48449	7705f9a8fc66c1d6047e2c891ee3afaa1e9f50692d1d80b138ac43940a381324	413546414	e7671bead44eb04ca698de53ba399f8c004cb98ecc842f1f948ace67ff47bd91	18640025	acff305de73ea5e348ac1cbe6226091f0c29d557ecd2c1d09df826547cc0bbda	454766565	4cb32d6e084cdeb925cbf4285922ebf35366b9490f9e2396662fa0bc88412791	sha256:09264081bd7ec8b62d450d16c947a9f4abbadd2bee3af7c136d152c1f993b416	0.29.5	0.51.1	0.45.1
WS_SKN_KCL10525739__S2__L001__WS	WS_SKN_KCL10525739_S2_L001		10xv3	skin		WS_SKN_KCL10525739_S2_L001_R1_001.fastq.gz	WS_SKN_KCL10525739_S2_L001_R2_001.fastq.gz	WS_SKN_KCL10525739/S2/L001/WS/config.yaml	WS_SKN_KCL10525739/S2/L001/WS/summary.txt	WS_SKN_KCL10525739/S2/L001/WS/kb-python/output.bus	WS_SKN_KCL10525739/S2/L001/WS/kb-python/matrix.ec	WS_SKN_KCL10525739/S2/L001/WS/kb-python/transcripts.txt	WS_SKN_KCL10525739/S2/L001/WS/kb-python/10x_version3_whitelist.txt	WS_SKN_KCL10525739/S2/L001/WS/kb-python/counts_unfiltered/adata_multimap.h5ad	WS_SKN_KCL10525739/S2/L001/WS/kb-python/counts_unfiltered/cells_x_genes.barcodes.txt	WS_SKN_KCL10525739/S2/L001/WS/kb-python/counts_unfiltered/cells_x_genes.genes.txt	WS_SKN_KCL10525739/S2/L001/WS/kb-python/counts_unfiltered/cells_x_genes.genes.names.txt	WS_SKN_KCL10525739/S2/L001/WS/kb-python/counts_unfiltered/adata.h5ad	WS_SKN_KCL10525739/S2/L001/WS/kb-python/run_info.json	WS_SKN_KCL10525739/S2/L001/WS/log/analysis.txt	564	2b9bbe8d00390f6df024f70522c916661e1f5a4e3326da0483017f504bcbdc4d	891	c2ee5cc2bae09219377bd37919d98da1b8cc5dd4bde5f2521c0650a42ddd4e83	1380378705	b1062f9e46cb9b62d2d511cb475d1ad8a094bd17e2fb3f442b401b6bda51528f	13264291	ccf5294c10e6ad2b9a033fc444316d177a890a3e28709a25d38e66c6fecec2f4	4127492	8a3e8a49e11a426ea465a8f151e4959dc9e876f8d7b083854361b23645e290e5	115512960	843a6f7038db8cb3c06f3dc21cc69d04139ffa10689780518d7a9e42dc2e819b	738283505	c3318333ec45d85918df083eb22e159bf9449fadee63fa76185beb04e1417d30	10513412	0577674ce87055f4797d7e48e18d0fd1b90207fe642f3459b80482f833e8c994	759422	2283ab6be71b53a4d69e125dec986340696524ae56344014c48553d28ff16adf	442984	4e2bf95988b4659c0967c14442f70de94ed83627c18f51825da16de3c39f0631	192398856	e3195aa4ff151f7e16c52c47b89e8b469669f47e673cbad6d233b97dd1a41ecc	711	e058e8603e449e8a35d954ab6a7c680f3ba0f3bdddab41fbfb9e9dc896a5a09e	48449	aed94ed4ffea9b4d902b7b64b2be9b7799f971b19dcfeed46b3b581dfce0802d	413546414	e7671bead44eb04ca698de53ba399f8c004cb98ecc842f1f948ace67ff47bd91	18640025	acff305de73ea5e348ac1cbe6226091f0c29d557ecd2c1d09df826547cc0bbda	454766565	4cb32d6e084cdeb925cbf4285922ebf35366b9490f9e2396662fa0bc88412791	sha256:09264081bd7ec8b62d450d16c947a9f4abbadd2bee3af7c136d152c1f993b416	0.29.5	0.51.1	0.45.1
WS_SKN_KCL10525739__S3__L002__WS	WS_SKN_KCL10525739_S3_L002		10xv3	skin		WS_SKN_KCL10525739_S3_L002_R1_001.fastq.gz	WS_SKN_KCL10525739_S3_L002_R2_001.fastq.gz	WS_SKN_KCL10525739/S3/L002/WS/config.yaml	WS_SKN_KCL10525739/S3/L002/WS/summary.txt	WS_SKN_KCL10525739/S3/L002/WS/kb-python/output.bus	WS_SKN_KCL10525739/S3/L002/WS/kb-python/matrix.ec	WS_SKN_KCL10525739/S3/L002/WS/kb-python/transcripts.txt	WS_SKN_KCL10525739/S3/L002/WS/kb-python/10x_version3_whitelist.txt	WS_SKN_KCL10525739/S3/L002/WS/kb-python/counts_unfiltered/adata_multimap.h5ad	WS_SKN_KCL10525739/S3/L002/WS/kb-python/counts_unfiltered/cells_x_genes.barcodes.txt	WS_SKN_KCL10525739/S3/L002/WS/kb-python/counts_unfiltered/cells_x_genes.genes.txt	WS_SKN_KCL10525739/S3/L002/WS/kb-python/counts_unfiltered/cells_x_genes.genes.names.txt	WS_SKN_KCL10525739/S3/L002/WS/kb-python/counts_unfiltered/adata.h5ad	WS_SKN_KCL10525739/S3/L002/WS/kb-python/run_info.json	WS_SKN_KCL10525739/S3/L002/WS/log/analysis.txt	564	2e6a412f7f11e12ba7ec7d3486515aaf8805930c31f3d41616c3511ed0347382	299	00c961d07f325f401bd71dbe7f4667266527f9ad6c675aea1c5d8a7e8d21530f	1463086385	b1550350a471f1fc89be72b4f588b53f7d9d8895160c59baadf49505038178ec	13476356	83f64aafb30d997ac6a268d58a46c8c59ab672c67ea80f4554ba102cdcc33c89	4127492	8a3e8a49e11a426ea465a8f151e4959dc9e876f8d7b083854361b23645e290e5	115512960	843a6f7038db8cb3c06f3dc21cc69d04139ffa10689780518d7a9e42dc2e819b	765412113	16a33a1b83fa64b9825e5d3ba8e309358d6b3f20fb9179d1a87f139cf4eae1f2	10836310	095a5e7b3420b6da32157204d32cc9bb7e37abca5105f7ad807a2ca5a6d3d53a	759422	2283ab6be71b53a4d69e125dec986340696524ae56344014c48553d28ff16adf	442984	4e2bf95988b4659c0967c14442f70de94ed83627c18f51825da16de3c39f0631	199307560	f8944c937a42ff6859514897ccf27dd0ab0d5ecf4c2820a502c8517a375a4187	711	037ea30ed13df87406779d4689aee88401d8deaa2aaa27b15d4ee9e34bcfef31	48449	9300c9c2cceb714d4d6fbd652096b571c79e3ea7829eb16d2823b815f3df0937	413546414	e7671bead44eb04ca698de53ba399f8c004cb98ecc842f1f948ace67ff47bd91	18640025	acff305de73ea5e348ac1cbe6226091f0c29d557ecd2c1d09df826547cc0bbda	454766565	4cb32d6e084cdeb925cbf4285922ebf35366b9490f9e2396662fa0bc88412791	sha256:09264081bd7ec8b62d450d16c947a9f4abbadd2bee3af7c136d152c1f993b416	0.29.5	0.51.1	0.45.1
WS_SKN_KCL10525739__S4__L001__WS	WS_SKN_KCL10525739_S4_L001		10xv3	skin		WS_SKN_KCL10525739_S4_L001_R1_001.fastq.gz	WS_SKN_KCL10525739_S4_L001_R2_001.fastq.gz	WS_SKN_KCL10525739/S4/L001/WS/config.yaml	WS_SKN_KCL10525739/S4/L001/WS/summary.txt	WS_SKN_KCL10525739/S4/L001/WS/kb-python/output.bus	WS_SKN_KCL10525739/S4/L001/WS/kb-python/matrix.ec	WS_SKN_KCL10525739/S4/L001/WS/kb-python/transcripts.txt	WS_SKN_KCL10525739/S4/L001/WS/kb-python/10x_version3_whitelist.txt	WS_SKN_KCL10525739/S4/L001/WS/kb-python/counts_unfiltered/adata_multimap.h5ad	WS_SKN_KCL10525739/S4/L001/WS/kb-python/counts_unfiltered/cells_x_genes.barcodes.txt	WS_SKN_KCL10525739/S4/L001/WS/kb-python/counts_unfiltered/cells_x_genes.genes.txt	WS_SKN_KCL10525739/S4/L001/WS/kb-python/counts_unfiltered/cells_x_genes.genes.names.txt	WS_SKN_KCL10525739/S4/L001/WS/kb-python/counts_unfiltered/adata.h5ad	WS_SKN_KCL10525739/S4/L001/WS/kb-python/run_info.json	WS_SKN_KCL10525739/S4/L001/WS/log/analysis.txt	564	859bc3689486268c9c91bba5cc4f2b0fbe89dcddd85a4eac7aa20f4237bcb7ea	1042	6b18374d073b6eb2805c43a126a113d30a539a04dba5a65f8edc82f6fc8f3604	1148776017	6843ece4b0d5a4333cb68236213ee8e4920ab40a77165a274456f817d256cdae	12732414	5c1de20ae229b4d3aceaabc5e98cf556fbe4809d22e2615b9e258d1287817c2d	4127492	8a3e8a49e11a426ea465a8f151e4959dc9e876f8d7b083854361b23645e290e5	115512960	843a6f7038db8cb3c06f3dc21cc69d04139ffa10689780518d7a9e42dc2e819b	663263393	2d8a209fd28c269db806c07a1c9a43304b991b9e4db5393a880ada7a5f66c0c2	9406933	2c8e2530d9de379489a2daf383b949af47e79972ef0898a3dc1a501780971458	759422	2283ab6be71b53a4d69e125dec986340696524ae56344014c48553d28ff16adf	442984	4e2bf95988b4659c0967c14442f70de94ed83627c18f51825da16de3c39f0631	173065912	4ab6695c63198654d9c8169ea4e18604f5df7af2f369f7c81cbc2153c42cc68b	711	acaa50e44dcb524d2fcb5aeb866e8feae7dee5287a995af2e805a24bdac2138d	48449	ed4b4ba66a6a8c4a570067c7c5a08d7034019efc586a352d2774a04b6aa649d9	413546414	e7671bead44eb04ca698de53ba399f8c004cb98ecc842f1f948ace67ff47bd91	18640025	acff305de73ea5e348ac1cbe6226091f0c29d557ecd2c1d09df826547cc0bbda	454766565	4cb32d6e084cdeb925cbf4285922ebf35366b9490f9e2396662fa0bc88412791	sha256:09264081bd7ec8b62d450d16c947a9f4abbadd2bee3af7c136d152c1f993b416	0.29.5	0.51.1	0.45.1
WS_SKN_KCL10525739__S4__L002__WS	WS_SKN_KCL10525739_S4_L002		10xv3	skin		WS_SKN_KCL10525739_S4_L002_R1_001.fastq.gz	WS_SKN_KCL10525739_S4_L002_R2_001.fastq.gz	WS_SKN_KCL10525739/S4/L002/WS/config.yaml	WS_SKN_KCL10525739/S4/L002/WS/summary.txt	WS_SKN_KCL10525739/S4/L002/WS/kb-python/output.bus	WS_SKN_KCL10525739/S4/L002/WS/kb-python/matrix.ec	WS_SKN_KCL10525739/S4/L002/WS/kb-python/transcripts.txt	WS_SKN_KCL10525739/S4/L002/WS/kb-python/10x_version3_whitelist.txt	WS_SKN_KCL10525739/S4/L002/WS/kb-python/counts_unfiltered/adata_multimap.h5ad	WS_SKN_KCL10525739/S4/L002/WS/kb-python/counts_unfiltered/cells_x_genes.barcodes.txt	WS_SKN_KCL10525739/S4/L002/WS/kb-python/counts_unfiltered/cells_x_genes.genes.txt	WS_SKN_KCL10525739/S4/L002/WS/kb-python/counts_unfiltered/cells_x_genes.genes.names.txt	WS_SKN_KCL10525739/S4/L002/WS/kb-python/counts_unfiltered/adata.h5ad	WS_SKN_KCL10525739/S4/L002/WS/kb-python/run_info.json	WS_SKN_KCL10525739/S4/L002/WS/log/analysis.txt	564	2472c1b88d2e87a63b1a3d1545d7d9465eb3aacd67978286fbf14d1e3b1f9c5b	865	141c6eec2440d403707afd905bcc05fadf5a2ab5089aca5b3a6766af4ed9610b	1136950385	a9cf0b1b3382ec4e7b77aa867adee24633988041688f4b726773c42c14dd9ed0	12714305	36b529998822a49b6a87669f658f06205411681a74137dada421f76ac6554f25	4127492	8a3e8a49e11a426ea465a8f151e4959dc9e876f8d7b083854361b23645e290e5	115512960	843a6f7038db8cb3c06f3dc21cc69d04139ffa10689780518d7a9e42dc2e819b	659926817	bf1b9270b7f161f9bec5dc7b292c42d9a1bdbaca1d58a0df7703ee6f81a790f2	9271613	c451afe4c1042cff7ce8d7c525fdc3b7d75b81a23dd776f72cc5f746729fbbd7	759422	2283ab6be71b53a4d69e125dec986340696524ae56344014c48553d28ff16adf	442984	4e2bf95988b4659c0967c14442f70de94ed83627c18f51825da16de3c39f0631	171910968	969b00450fb2fc415437052226b92f72cda0feee278c0fb9ceaee1e9caa5bd21	711	a8b35876f9affba0153ca7fd9156932e9c5b9550cd2495c48a514f39912f238a	48449	5624ddbbc43c0c70e1a3c8156251acf862042a44faffc91df0268f221f236d24	413546414	e7671bead44eb04ca698de53ba399f8c004cb98ecc842f1f948ace67ff47bd91	18640025	acff305de73ea5e348ac1cbe6226091f0c29d557ecd2c1d09df826547cc0bbda	454766565	4cb32d6e084cdeb925cbf4285922ebf35366b9490f9e2396662fa0bc88412791	sha256:09264081bd7ec8b62d450d16c947a9f4abbadd2bee3af7c136d152c1f993b416	0.29.5	0.51.1	0.45.1
WS_SKN_KCL10525740__S1__L002__WS	WS_SKN_KCL10525740_S1_L002		10xv3	skin		WS_SKN_KCL10525740_S1_L002_R1_001.fastq.gz	WS_SKN_KCL10525740_S1_L002_R2_001.fastq.gz	WS_SKN_KCL10525740/S1/L002/WS/config.yaml	WS_SKN_KCL10525740/S1/L002/WS/summary.txt	WS_SKN_KCL10525740/S1/L002/WS/kb-python/output.bus	WS_SKN_KCL10525740/S1/L002/WS/kb-python/matrix.ec	WS_SKN_KCL10525740/S1/L002/WS/kb-python/transcripts.txt	WS_SKN_KCL10525740/S1/L002/WS/kb-python/10x_version3_whitelist.txt	WS_SKN_KCL10525740/S1/L002/WS/kb-python/counts_unfiltered/adata_multimap.h5ad	WS_SKN_KCL10525740/S1/L002/WS/kb-python/counts_unfiltered/cells_x_genes.barcodes.txt	WS_SKN_KCL10525740/S1/L002/WS/kb-python/counts_unfiltered/cells_x_genes.genes.txt	WS_SKN_KCL10525740/S1/L002/WS/kb-python/counts_unfiltered/cells_x_genes.genes.names.txt	WS_SKN_KCL10525740/S1/L002/WS/kb-python/counts_unfiltered/adata.h5ad	WS_SKN_KCL10525740/S1/L002/WS/kb-python/run_info.json	WS_SKN_KCL10525740/S1/L002/WS/log/analysis.txt	564	99227cf46e30ef905241853a423aab4acee1892ddfebacc3d0ad96061d84bf02	525	afcf677d8ab8c16b53e3ea8f7caaec79115e778c0d731c72a365ffede41f1344	1100266833	6794530527157b79fc5ab0a476bdbe643031f29132e55979238e1ca7efdebebe	12715298	c60cc405bff4f73c8ff79ce8a511959cdd581129f34cb1a2828ea3cc5bcaad48	4127492	8a3e8a49e11a426ea465a8f151e4959dc9e876f8d7b083854361b23645e290e5	115512960	843a6f7038db8cb3c06f3dc21cc69d04139ffa10689780518d7a9e42dc2e819b	827055569	d68ba39a364cf956b3b10791fa0dc3478c07c3f494723d5e260f371b32bf59c4	6886054	c8ed8e67d988a670b94d7adb5c79bd78dcf9912f3bd35214367967426c2b19bc	759422	2283ab6be71b53a4d69e125dec986340696524ae56344014c48553d28ff16adf	442984	4e2bf95988b4659c0967c14442f70de94ed83627c18f51825da16de3c39f0631	208498584	e0ef27de4627794cd6f10add30574529dedc8c7a1518ed7ec82106ba9bc649b0	711	3b22a462a011c288d57420b6891b49bd05a5a20f0795a902e2425966a1ff62be	48449	928e144283f2c4615f85a002157aeef721f96bf9181921c7a8851c17bf6a8851	413546414	e7671bead44eb04ca698de53ba399f8c004cb98ecc842f1f948ace67ff47bd91	18640025	acff305de73ea5e348ac1cbe6226091f0c29d557ecd2c1d09df826547cc0bbda	454766565	4cb32d6e084cdeb925cbf4285922ebf35366b9490f9e2396662fa0bc88412791	sha256:09264081bd7ec8b62d450d16c947a9f4abbadd2bee3af7c136d152c1f993b416	0.29.5	0.51.1	0.45.1
WS_SKN_KCL10525740__S2__L002__WS	WS_SKN_KCL10525740_S2_L002		10xv3	skin		WS_SKN_KCL10525740_S2_L002_R1_001.fastq.gz	WS_SKN_KCL10525740_S2_L002_R2_001.fastq.gz	WS_SKN_KCL10525740/S2/L002/WS/config.yaml	WS_SKN_KCL10525740/S2/L002/WS/summary.txt	WS_SKN_KCL10525740/S2/L002/WS/kb-python/output.bus	WS_SKN_KCL10525740/S2/L002/WS/kb-python/matrix.ec	WS_SKN_KCL10525740/S2/L002/WS/kb-python/transcripts.txt	WS_SKN_KCL10525740/S2/L002/WS/kb-python/10x_version3_whitelist.txt	WS_SKN_KCL10525740/S2/L002/WS/kb-python/counts_unfiltered/adata_multimap.h5ad	WS_SKN_KCL10525740/S2/L002/WS/kb-python/counts_unfiltered/cells_x_genes.barcodes.txt	WS_SKN_KCL10525740/S2/L002/WS/kb-python/counts_unfiltered/cells_x_genes.genes.txt	WS_SKN_KCL10525740/S2/L002/WS/kb-python/counts_unfiltered/cells_x_genes.genes.names.txt	WS_SKN_KCL10525740/S2/L002/WS/kb-python/counts_unfiltered/adata.h5ad	WS_SKN_KCL10525740/S2/L002/WS/kb-python/run_info.json	WS_SKN_KCL10525740/S2/L002/WS/log/analysis.txt	564	64db8351859039195b473673b381b16dc79cc0e051498a0724dbac505177d4e1	525	6ab12586311e6b346b4a242e7fd095b362cd03a24988eee840b8128f9da2df37	1068718257	c3e216be8ddede67b2c564938a971f90d85a7cf51732705914459de6911bacc2	12629880	30fcbd9eb689387a99695e2e1556a6d6f560ea706ed939c41baf348c7e61734c	4127492	8a3e8a49e11a426ea465a8f151e4959dc9e876f8d7b083854361b23645e290e5	115512960	843a6f7038db8cb3c06f3dc21cc69d04139ffa10689780518d7a9e42dc2e819b	805486305	932f4d96b281addb2e7a82ac187bb34652e8f1aab5b524b7e67122dfd401c7cb	6673095	f12940fbaa538646d6d6f556a2a8bd637a195022c0185d535de7f3009809c00e	759422	2283ab6be71b53a4d69e125dec986340696524ae56344014c48553d28ff16adf	442984	4e2bf95988b4659c0967c14442f70de94ed83627c18f51825da16de3c39f0631	203111592	843fc1b45cb73130414f9db7c9f8e5a73c5fa0a6d4f00588b76a951fc2d7a016	711	87e59e50e753d54f29e4b855bf629539ec0de23b538e78cfd5aad798bf654288	48449	14e5dff860fbca505cef878848a86d257d4fb3a19377243cebf02a74c7cd1419	413546414	e7671bead44eb04ca698de53ba399f8c004cb98ecc842f1f948ace67ff47bd91	18640025	acff305de73ea5e348ac1cbe6226091f0c29d557ecd2c1d09df826547cc0bbda	454766565	4cb32d6e084cdeb925cbf4285922ebf35366b9490f9e2396662fa0bc88412791	sha256:09264081bd7ec8b62d450d16c947a9f4abbadd2bee3af7c136d152c1f993b416	0.29.5	0.51.1	0.45.1
WS_SKN_KCL10525740__S3__L002__WS	WS_SKN_KCL10525740_S3_L002	repeat__WS_SKN_KCL10525740_S3_L002	10xv3	skin		WS_SKN_KCL10525740_S3_L002_R1_001.fastq.gz	WS_SKN_KCL10525740_S3_L002_R2_001.fastq.gz	WS_SKN_KCL10525740/S3/L002/WS/config.yaml	WS_SKN_KCL10525740/S3/L002/WS/summary.txt	WS_SKN_KCL10525740/S3/L002/WS/kb-python/output.bus	WS_SKN_KCL10525740/S3/L002/WS/kb-python/matrix.ec	WS_SKN_KCL10525740/S3/L002/WS/kb-python/transcripts.txt	WS_SKN_KCL10525740/S3/L002/WS/kb-python/10x_version3_whitelist.txt	WS_SKN_KCL10525740/S3/L002/WS/kb-python/counts_unfiltered/adata_multimap.h5ad	WS_SKN_KCL10525740/S3/L002/WS/kb-python/counts_unfiltered/cells_x_genes.barcodes.txt	WS_SKN_KCL10525740/S3/L002/WS/kb-python/counts_unfiltered/cells_x_genes.genes.txt	WS_SKN_KCL10525740/S3/L002/WS/kb-python/counts_unfiltered/cells_x_genes.genes.names.txt	WS_SKN_KCL10525740/S3/L002/WS/kb-python/counts_unfiltered/adata.h5ad	WS_SKN_KCL10525740/S3/L002/WS/kb-python/run_info.json	WS_SKN_KCL10525740/S3/L002/WS/log/analysis.txt	564	fba2535fc49a2159080298249f050f73815a54808b894d86b47230018d8b6bed	1071	508e57b0c4fe2940020a8375662731e77ebc76dbfb1207479608fd6c9f0f89e9	1247350225	50849ee7a64302eb0c694059d759b5a12ac61c6b6b5254be2ee2bd9960a575d9	13018870	155599d8a394fe2b397921603187e599e124e69203534cd9909696a11d8ec303	4127492	8a3e8a49e11a426ea465a8f151e4959dc9e876f8d7b083854361b23645e290e5	115512960	843a6f7038db8cb3c06f3dc21cc69d04139ffa10689780518d7a9e42dc2e819b	882698353	25703337d9709dd9da9201dd9ae034e23061eaf8ea9fec1343af6986bfaae6e8	7090224	c9706ec3008bc0c86c385062a9394e30012f049e5f0f0795dc22eb036f57b530	759422	2283ab6be71b53a4d69e125dec986340696524ae56344014c48553d28ff16adf	442984	4e2bf95988b4659c0967c14442f70de94ed83627c18f51825da16de3c39f0631	221837624	149432a2e646055de3ee55746c00a4a52e8389150f610f07e96748982a9f1e5b	711	c63e1ac4f516fc774ec6ce666fce13bbb45c569b9bce257d637c5ece86e26c53	48449	a22c0138c75ba0966443e68d6ed8c65ab386aae60cda8d7e872e20629f51d729	413546414	e7671bead44eb04ca698de53ba399f8c004cb98ecc842f1f948ace67ff47bd91	18640025	acff305de73ea5e348ac1cbe6226091f0c29d557ecd2c1d09df826547cc0bbda	454766565	4cb32d6e084cdeb925cbf4285922ebf35366b9490f9e2396662fa0bc88412791	sha256:09264081bd7ec8b62d450d16c947a9f4abbadd2bee3af7c136d152c1f993b416	0.29.5	0.51.1	0.45.1
WS_SKN_KCL10525740__S4__L002__WS	WS_SKN_KCL10525740_S4_L002		10xv3	skin		WS_SKN_KCL10525740_S4_L002_R1_001.fastq.gz	WS_SKN_KCL10525740_S4_L002_R2_001.fastq.gz	WS_SKN_KCL10525740/S4/L002/WS/config.yaml	WS_SKN_KCL10525740/S4/L002/WS/summary.txt	WS_SKN_KCL10525740/S4/L002/WS/kb-python/output.bus	WS_SKN_KCL10525740/S4/L002/WS/kb-python/matrix.ec	WS_SKN_KCL10525740/S4/L002/WS/kb-python/transcripts.txt	WS_SKN_KCL10525740/S4/L002/WS/kb-python/10x_version3_whitelist.txt	WS_SKN_KCL10525740/S4/L002/WS/kb-python/counts_unfiltered/adata_multimap.h5ad	WS_SKN_KCL10525740/S4/L002/WS/kb-python/counts_unfiltered/cells_x_genes.barcodes.txt	WS_SKN_KCL10525740/S4/L002/WS/kb-python/counts_unfiltered/cells_x_genes.genes.txt	WS_SKN_KCL10525740/S4/L002/WS/kb-python/counts_unfiltered/cells_x_genes.genes.names.txt	WS_SKN_KCL10525740/S4/L002/WS/kb-python/counts_unfiltered/adata.h5ad	WS_SKN_KCL10525740/S4/L002/WS/kb-python/run_info.json	WS_SKN_KCL10525740/S4/L002/WS/log/analysis.txt	564	015928eeaedac5359b69c6f84bae95b874d4fc2da087cb59b185afd727a16bf5	299	087a078661d40b8069c61b3550c068471467ae3dbb3a138b9554da9f74972cad	1085117905	589b59015c39fbd5ec9fde88f0b6462fab822932b1cdaf2d21c97dbf33ea0aa7	12689282	3c48839df6d4271d5d8eceae91c485548731dfb82fd9f50728f08d0b713136d7	4127492	8a3e8a49e11a426ea465a8f151e4959dc9e876f8d7b083854361b23645e290e5	115512960	843a6f7038db8cb3c06f3dc21cc69d04139ffa10689780518d7a9e42dc2e819b	817911361	d6f8c4cd5c8158add2a16fbe5abfd78eae98145a71f0280207a4e068424ede2a	6715357	c47dc41bd6dbf217e15c636a1b8056f1b09e15b2cd4e50c14cc81ecdaadad905	759422	2283ab6be71b53a4d69e125dec986340696524ae56344014c48553d28ff16adf	442984	4e2bf95988b4659c0967c14442f70de94ed83627c18f51825da16de3c39f0631	206057248	e9cbe84b2ca2b26164cdf3d606007bb045ad8ce143f7edd92443c818520ec590	711	911fc6db3dc435b895dc42a7d2b7df74c1805821e06a08e77a08d4076a9a5e5d	48449	ddb03126f270c4ec07937eb8b4816a929bb3ccc1f282f75f9fa1080799b6fd84	413546414	e7671bead44eb04ca698de53ba399f8c004cb98ecc842f1f948ace67ff47bd91	18640025	acff305de73ea5e348ac1cbe6226091f0c29d557ecd2c1d09df826547cc0bbda	454766565	4cb32d6e084cdeb925cbf4285922ebf35366b9490f9e2396662fa0bc88412791	sha256:09264081bd7ec8b62d450d16c947a9f4abbadd2bee3af7c136d152c1f993b416	0.29.5	0.51.1	0.45.1
WS_SKN_KCL10525741__S1__L001__WS	WS_SKN_KCL10525741_S1_L001		10xv3	skin		WS_SKN_KCL10525741_S1_L001_R1_001.fastq.gz	WS_SKN_KCL10525741_S1_L001_R2_001.fastq.gz	WS_SKN_KCL10525741/S1/L001/WS/config.yaml	WS_SKN_KCL10525741/S1/L001/WS/summary.txt	WS_SKN_KCL10525741/S1/L001/WS/kb-python/output.bus	WS_SKN_KCL10525741/S1/L001/WS/kb-python/matrix.ec	WS_SKN_KCL10525741/S1/L001/WS/kb-python/transcripts.txt	WS_SKN_KCL10525741/S1/L001/WS/kb-python/10x_version3_whitelist.txt	WS_SKN_KCL10525741/S1/L001/WS/kb-python/counts_unfiltered/adata_multimap.h5ad	WS_SKN_KCL10525741/S1/L001/WS/kb-python/counts_unfiltered/cells_x_genes.barcodes.txt	WS_SKN_KCL10525741/S1/L001/WS/kb-python/counts_unfiltered/cells_x_genes.genes.txt	WS_SKN_KCL10525741/S1/L001/WS/kb-python/counts_unfiltered/cells_x_genes.genes.names.txt	WS_SKN_KCL10525741/S1/L001/WS/kb-python/counts_unfiltered/adata.h5ad	WS_SKN_KCL10525741/S1/L001/WS/kb-python/run_info.json	WS_SKN_KCL10525741/S1/L001/WS/log/analysis.txt	564	a5b90e204807e254dbf01e797f594b68cc0b37e5272bac81f37a2f74be448658	299	0a5f4ede0cbd11b0b02fec19f91a3dd06bcffc4204dd2ef16bc08c01993f09e8	1452403729	b2a9a1de86d6369fe5202ffabd95d99e9da25027794919b8e47589f503f23c65	13258946	1c7fb8ad3bfbf484c76a551986a9541b5e5d427da90b350ab293ac781dda604f	4127492	8a3e8a49e11a426ea465a8f151e4959dc9e876f8d7b083854361b23645e290e5	115512960	843a6f7038db8cb3c06f3dc21cc69d04139ffa10689780518d7a9e42dc2e819b	628186049	9851f0ced976b2a09776dea200ba003c20f8cea3703026e299aab012d32ba96e	9858215	c665de2b63cf12e6afa45a647eea64c922f75f16cd2e38cec8f813f6fe1d4e9e	759422	2283ab6be71b53a4d69e125dec986340696524ae56344014c48553d28ff16adf	442984	4e2bf95988b4659c0967c14442f70de94ed83627c18f51825da16de3c39f0631	165539800	eb2d9948333bacd46f5cf34bed22caaeff40fa455656a3ccd67b85a5947e9b3f	710	32798eb04df2f19f76fefecb6755fd76475371ad7717a7061912ceeebf5346ec	48449	085696df950e0c41a06e58a6d6823c30e715199154e4cef0c8b0422eced9e3ad	413546414	e7671bead44eb04ca698de53ba399f8c004cb98ecc842f1f948ace67ff47bd91	18640025	acff305de73ea5e348ac1cbe6226091f0c29d557ecd2c1d09df826547cc0bbda	454766565	4cb32d6e084cdeb925cbf4285922ebf35366b9490f9e2396662fa0bc88412791	sha256:09264081bd7ec8b62d450d16c947a9f4abbadd2bee3af7c136d152c1f993b416	0.29.5	0.51.1	0.45.1
WS_SKN_KCL10525741__S1__L002__WS	WS_SKN_KCL10525741_S1_L002		10xv3	skin		WS_SKN_KCL10525741_S1_L002_R1_001.fastq.gz	WS_SKN_KCL10525741_S1_L002_R2_001.fastq.gz	WS_SKN_KCL10525741/S1/L002/WS/config.yaml	WS_SKN_KCL10525741/S1/L002/WS/summary.txt	WS_SKN_KCL10525741/S1/L002/WS/kb-python/output.bus	WS_SKN_KCL10525741/S1/L002/WS/kb-python/matrix.ec	WS_SKN_KCL10525741/S1/L002/WS/kb-python/transcripts.txt	WS_SKN_KCL10525741/S1/L002/WS/kb-python/10x_version3_whitelist.txt	WS_SKN_KCL10525741/S1/L002/WS/kb-python/counts_unfiltered/adata_multimap.h5ad	WS_SKN_KCL10525741/S1/L002/WS/kb-python/counts_unfiltered/cells_x_genes.barcodes.txt	WS_SKN_KCL10525741/S1/L002/WS/kb-python/counts_unfiltered/cells_x_genes.genes.txt	WS_SKN_KCL10525741/S1/L002/WS/kb-python/counts_unfiltered/cells_x_genes.genes.names.txt	WS_SKN_KCL10525741/S1/L002/WS/kb-python/counts_unfiltered/adata.h5ad	WS_SKN_KCL10525741/S1/L002/WS/kb-python/run_info.json	WS_SKN_KCL10525741/S1/L002/WS/log/analysis.txt	564	ed2d41b67740bbe7af21be7a291faccf68fa0fb9498a2b91240b89de382250d3	2115	70533eed7ae39c0f63675ca2a6de8d6131c709ab5d31329d4ea68473495638a8	1439144881	9786501bb6c9aadc8ba12acf219156833369e26bb19fb87670862f110e734770	13228858	9e43ffa7cf3d0215b228e6815950e9d70b539f8a6252028defce271e477cddc1	4127492	8a3e8a49e11a426ea465a8f151e4959dc9e876f8d7b083854361b23645e290e5	115512960	843a6f7038db8cb3c06f3dc21cc69d04139ffa10689780518d7a9e42dc2e819b	625258305	d93c12b2d09c9ebade7684b2583d4bfdea09c5354cdb3dc5ab6b163bc1a512dd	9700319	a021eed6762632855ea61c5a8ad2c2e9ade40020b163e0a0b6b052940c0fde10	759422	2283ab6be71b53a4d69e125dec986340696524ae56344014c48553d28ff16adf	442984	4e2bf95988b4659c0967c14442f70de94ed83627c18f51825da16de3c39f0631	164407640	cd7c48087d375b023ab0adc8136b889aae84c2b501d2e0db0a59c80fff4e830a	710	075b0ccd9013e885af6c197b8b989a0e6e314b9917c17fd9d9ea580544fe4e5f	48449	aa66d654dcbfc09a57111feedb78af42597d147b690eece6d68c42fc1494200d	413546414	e7671bead44eb04ca698de53ba399f8c004cb98ecc842f1f948ace67ff47bd91	18640025	acff305de73ea5e348ac1cbe6226091f0c29d557ecd2c1d09df826547cc0bbda	454766565	4cb32d6e084cdeb925cbf4285922ebf35366b9490f9e2396662fa0bc88412791	sha256:09264081bd7ec8b62d450d16c947a9f4abbadd2bee3af7c136d152c1f993b416	0.29.5	0.51.1	0.45.1
WS_SKN_KCL10525741__S2__L001__WS	WS_SKN_KCL10525741_S2_L001		10xv3	skin		WS_SKN_KCL10525741_S2_L001_R1_001.fastq.gz	WS_SKN_KCL10525741_S2_L001_R2_001.fastq.gz	WS_SKN_KCL10525741/S2/L001/WS/config.yaml	WS_SKN_KCL10525741/S2/L001/WS/summary.txt	WS_SKN_KCL10525741/S2/L001/WS/kb-python/output.bus	WS_SKN_KCL10525741/S2/L001/WS/kb-python/matrix.ec	WS_SKN_KCL10525741/S2/L001/WS/kb-python/transcripts.txt	WS_SKN_KCL10525741/S2/L001/WS/kb-python/10x_version3_whitelist.txt	WS_SKN_KCL10525741/S2/L001/WS/kb-python/counts_unfiltered/adata_multimap.h5ad	WS_SKN_KCL10525741/S2/L001/WS/kb-python/counts_unfiltered/cells_x_genes.barcodes.txt	WS_SKN_KCL10525741/S2/L001/WS/kb-python/counts_unfiltered/cells_x_genes.genes.txt	WS_SKN_KCL10525741/S2/L001/WS/kb-python/counts_unfiltered/cells_x_genes.genes.names.txt	WS_SKN_KCL10525741/S2/L001/WS/kb-python/counts_unfiltered/adata.h5ad	WS_SKN_KCL10525741/S2/L001/WS/kb-python/run_info.json	WS_SKN_KCL10525741/S2/L001/WS/log/analysis.txt	564	d84ccffd60845518774d12fb348629300889140bc21c86ea748742421a91df1a	543	70bc776fa38121b0204a221b88181b8119924efe65625fee780c646cb836669f	1060276017	d873773bce58b22d7c18f897b937ca2756e59f6c2009c3b1fe8649fa8265d01b	12290503	ff13319ac6dfec1eddb943b5ad8f2e1907af8e93eb78cbc49e88a96742de76ad	4127492	8a3e8a49e11a426ea465a8f151e4959dc9e876f8d7b083854361b23645e290e5	115512960	843a6f7038db8cb3c06f3dc21cc69d04139ffa10689780518d7a9e42dc2e819b	517573857	80580c8a1d00036d3b93551624acc6357a24bf358098c64bfd5955897163b447	8129638	cd9ef09694589269fff86a59abd5cefe2d1b2ae9b7ea1789d2ba92507365cbd9	759422	2283ab6be71b53a4d69e125dec986340696524ae56344014c48553d28ff16adf	442984	4e2bf95988b4659c0967c14442f70de94ed83627c18f51825da16de3c39f0631	136795928	1bd6bcc34fd9283735a6643a6e5ae8a87ab41419361267092be7ede3de8de8ed	710	cf965b461cd728f26fdcb920ca48b457f53f21824d3b2d66cadd7a73f35ed729	48449	35bf629be36972a4322f31efa235a154077c5a33cfb5b23eb82f904cc91f5472	413546414	e7671bead44eb04ca698de53ba399f8c004cb98ecc842f1f948ace67ff47bd91	18640025	acff305de73ea5e348ac1cbe6226091f0c29d557ecd2c1d09df826547cc0bbda	454766565	4cb32d6e084cdeb925cbf4285922ebf35366b9490f9e2396662fa0bc88412791	sha256:09264081bd7ec8b62d450d16c947a9f4abbadd2bee3af7c136d152c1f993b416	0.29.5	0.51.1	0.45.1
WS_SKN_KCL10525741__S2__L002__WS	WS_SKN_KCL10525741_S2_L002		10xv3	skin		WS_SKN_KCL10525741_S2_L002_R1_001.fastq.gz	WS_SKN_KCL10525741_S2_L002_R2_001.fastq.gz	WS_SKN_KCL10525741/S2/L002/WS/config.yaml	WS_SKN_KCL10525741/S2/L002/WS/summary.txt	WS_SKN_KCL10525741/S2/L002/WS/kb-python/output.bus	WS_SKN_KCL10525741/S2/L002/WS/kb-python/matrix.ec	WS_SKN_KCL10525741/S2/L002/WS/kb-python/transcripts.txt	WS_SKN_KCL10525741/S2/L002/WS/kb-python/10x_version3_whitelist.txt	WS_SKN_KCL10525741/S2/L002/WS/kb-python/counts_unfiltered/adata_multimap.h5ad	WS_SKN_KCL10525741/S2/L002/WS/kb-python/counts_unfiltered/cells_x_genes.barcodes.txt	WS_SKN_KCL10525741/S2/L002/WS/kb-python/counts_unfiltered/cells_x_genes.genes.txt	WS_SKN_KCL10525741/S2/L002/WS/kb-python/counts_unfiltered/cells_x_genes.genes.names.txt	WS_SKN_KCL10525741/S2/L002/WS/kb-python/counts_unfiltered/adata.h5ad	WS_SKN_KCL10525741/S2/L002/WS/kb-python/run_info.json	WS_SKN_KCL10525741/S2/L002/WS/log/analysis.txt	564	639db2280c3ab31c2d67e1186589add182042276f1654fa996c2930ccfc92260	299	777cb9f8b77cb298aa743139f8cb66f0e40d321461be2a5621563d669a10c636	1052588625	071412be379ed4084241819b2c153113c8746d7b68496ee403a9dded461fa0a0	12233398	6df6199763e1ddbacc4df8f69b36aac9ddccada6bc70b902da0f1353f17121ff	4127492	8a3e8a49e11a426ea465a8f151e4959dc9e876f8d7b083854361b23645e290e5	115512960	843a6f7038db8cb3c06f3dc21cc69d04139ffa10689780518d7a9e42dc2e819b	515401409	4cba730a37c3fd4584e1e2aa6629c484d8fe9e5eb68dcdecd64d9762f22e55ed	7982180	8eb5692f05b42f9859f951ca268e736cc369bd9859391c99a05dce75baf6eb82	759422	2283ab6be71b53a4d69e125dec986340696524ae56344014c48553d28ff16adf	442984	4e2bf95988b4659c0967c14442f70de94ed83627c18f51825da16de3c39f0631	135923960	fc57fb2f9a5f34127eb259b40c06bf573fbaf759e986829caf68ff20418b1e5b	710	bb78f0504fc1893ab1892085fd6e690cb9bcc2946185ce74ede8133b2ba1f655	48449	043a97c88e36dcbc35289c0cb73ca0c7a4907df66dc3695ccb80aeca3f4de2be	413546414	e7671bead44eb04ca698de53ba399f8c004cb98ecc842f1f948ace67ff47bd91	18640025	acff305de73ea5e348ac1cbe6226091f0c29d557ecd2c1d09df826547cc0bbda	454766565	4cb32d6e084cdeb925cbf4285922ebf35366b9490f9e2396662fa0bc88412791	sha256:09264081bd7ec8b62d450d16c947a9f4abbadd2bee3af7c136d152c1f993b416	0.29.5	0.51.1	0.45.1
WS_SKN_KCL10525741__S3__L001__WS	WS_SKN_KCL10525741_S3_L001		10xv3	skin		WS_SKN_KCL10525741_S3_L001_R1_001.fastq.gz	WS_SKN_KCL10525741_S3_L001_R2_001.fastq.gz	WS_SKN_KCL10525741/S3/L001/WS/config.yaml	WS_SKN_KCL10525741/S3/L001/WS/summary.txt	WS_SKN_KCL10525741/S3/L001/WS/kb-python/output.bus	WS_SKN_KCL10525741/S3/L001/WS/kb-python/matrix.ec	WS_SKN_KCL10525741/S3/L001/WS/kb-python/transcripts.txt	WS_SKN_KCL10525741/S3/L001/WS/kb-python/10x_version3_whitelist.txt	WS_SKN_KCL10525741/S3/L001/WS/kb-python/counts_unfiltered/adata_multimap.h5ad	WS_SKN_KCL10525741/S3/L001/WS/kb-python/counts_unfiltered/cells_x_genes.barcodes.txt	WS_SKN_KCL10525741/S3/L001/WS/kb-python/counts_unfiltered/cells_x_genes.genes.txt	WS_SKN_KCL10525741/S3/L001/WS/kb-python/counts_unfiltered/cells_x_genes.genes.names.txt	WS_SKN_KCL10525741/S3/L001/WS/kb-python/counts_unfiltered/adata.h5ad	WS_SKN_KCL10525741/S3/L001/WS/kb-python/run_info.json	WS_SKN_KCL10525741/S3/L001/WS/log/analysis.txt	564	54736692b1228cb384a960bed9d10f9ef3891441a47186d61779c4f7340acf8f	299	c4a7f8ee53fa0ddc4e7039d18199ff3536887270988c1b7c2066bebf205f7cc1	1037357841	a257cafe91b4dec148f834991d70be0113e9114c4c6425296982613dee7a6280	12222942	560f5fccb9142a8c3338ede90521195ba84c58dfe821e8b3a69dbcdf08284d8f	4127492	8a3e8a49e11a426ea465a8f151e4959dc9e876f8d7b083854361b23645e290e5	115512960	843a6f7038db8cb3c06f3dc21cc69d04139ffa10689780518d7a9e42dc2e819b	512706897	b9855fe3ce173557858756d06b8ec039438315a84b75dc82940cad4a2dad2593	8074269	2b589fa71f40b77684a05de4b871ed3976fe1324151b8a69430ef8d4e2d4c876	759422	2283ab6be71b53a4d69e125dec986340696524ae56344014c48553d28ff16adf	442984	4e2bf95988b4659c0967c14442f70de94ed83627c18f51825da16de3c39f0631	135466888	2ade0a20914bccfdead9f3786de4fe38cd757148da67d5ebc7236af5c4d4c3e9	710	3a802bf22d01aa580c3a28e62eb09f4e7c49f127d413b92449edb5c0e60f8a91	48449	919bce734b23c393698c326201a2a5c779a02104f5d15ed0cc5240c4d5674aa9	413546414	e7671bead44eb04ca698de53ba399f8c004cb98ecc842f1f948ace67ff47bd91	18640025	acff305de73ea5e348ac1cbe6226091f0c29d557ecd2c1d09df826547cc0bbda	454766565	4cb32d6e084cdeb925cbf4285922ebf35366b9490f9e2396662fa0bc88412791	sha256:09264081bd7ec8b62d450d16c947a9f4abbadd2bee3af7c136d152c1f993b416	0.29.5	0.51.1	0.45.1
WS_SKN_KCL10525741__S3__L002__WS	WS_SKN_KCL10525741_S3_L002		10xv3	skin		WS_SKN_KCL10525741_S3_L002_R1_001.fastq.gz	WS_SKN_KCL10525741_S3_L002_R2_001.fastq.gz	WS_SKN_KCL10525741/S3/L002/WS/config.yaml	WS_SKN_KCL10525741/S3/L002/WS/summary.txt	WS_SKN_KCL10525741/S3/L002/WS/kb-python/output.bus	WS_SKN_KCL10525741/S3/L002/WS/kb-python/matrix.ec	WS_SKN_KCL10525741/S3/L002/WS/kb-python/transcripts.txt	WS_SKN_KCL10525741/S3/L002/WS/kb-python/10x_version3_whitelist.txt	WS_SKN_KCL10525741/S3/L002/WS/kb-python/counts_unfiltered/adata_multimap.h5ad	WS_SKN_KCL10525741/S3/L002/WS/kb-python/counts_unfiltered/cells_x_genes.barcodes.txt	WS_SKN_KCL10525741/S3/L002/WS/kb-python/counts_unfiltered/cells_x_genes.genes.txt	WS_SKN_KCL10525741/S3/L002/WS/kb-python/counts_unfiltered/cells_x_genes.genes.names.txt	WS_SKN_KCL10525741/S3/L002/WS/kb-python/counts_unfiltered/adata.h5ad	WS_SKN_KCL10525741/S3/L002/WS/kb-python/run_info.json	WS_SKN_KCL10525741/S3/L002/WS/log/analysis.txt	564	e93e1393e8c004147cd219bd91a88dea5c26edae2d16886ab1b8adfa4263f686	299	b17101f73c8365984743de72702003005f369e43236d39fed89dcb0aa468d3b9	1028644145	5f1f9e59edbce2a1d23adf8646526ce8650e0a9fc27a1fe45c0a93c5a5fa08c0	12187723	36dfada83dfd1dcb668016778fa409fe2128fb864264ac4ccf6d230fc896d5fd	4127492	8a3e8a49e11a426ea465a8f151e4959dc9e876f8d7b083854361b23645e290e5	115512960	843a6f7038db8cb3c06f3dc21cc69d04139ffa10689780518d7a9e42dc2e819b	510685505	f2e6be691ba3bfd186771d0a127215ebc99df37ebcb6d13f73ee7305b7d87791	7955184	85935526b3322c05d5725ba771c8a23f5fd689c315daa417de143509edfb0b3e	759422	2283ab6be71b53a4d69e125dec986340696524ae56344014c48553d28ff16adf	442984	4e2bf95988b4659c0967c14442f70de94ed83627c18f51825da16de3c39f0631	134695720	abf884c12a4fadee27bfb5166d3263f08457f3a2f25ae8f75c7bbcc07961e97b	710	766ba3fd159d49695b0f657ed3a26d58e7496dd608dfa141e5f6a9c44d41ecae	48449	f6b90005d4e3e75ad278f19328114d755782cb2b9b8e89ce36e370cc8da23fd7	413546414	e7671bead44eb04ca698de53ba399f8c004cb98ecc842f1f948ace67ff47bd91	18640025	acff305de73ea5e348ac1cbe6226091f0c29d557ecd2c1d09df826547cc0bbda	454766565	4cb32d6e084cdeb925cbf4285922ebf35366b9490f9e2396662fa0bc88412791	sha256:09264081bd7ec8b62d450d16c947a9f4abbadd2bee3af7c136d152c1f993b416	0.29.5	0.51.1	0.45.1
WS_SKN_KCL10525741__S4__L001__WS	WS_SKN_KCL10525741_S4_L001		10xv3	skin		WS_SKN_KCL10525741_S4_L001_R1_001.fastq.gz	WS_SKN_KCL10525741_S4_L001_R2_001.fastq.gz	WS_SKN_KCL10525741/S4/L001/WS/config.yaml	WS_SKN_KCL10525741/S4/L001/WS/summary.txt	WS_SKN_KCL10525741/S4/L001/WS/kb-python/output.bus	WS_SKN_KCL10525741/S4/L001/WS/kb-python/matrix.ec	WS_SKN_KCL10525741/S4/L001/WS/kb-python/transcripts.txt	WS_SKN_KCL10525741/S4/L001/WS/kb-python/10x_version3_whitelist.txt	WS_SKN_KCL10525741/S4/L001/WS/kb-python/counts_unfiltered/adata_multimap.h5ad	WS_SKN_KCL10525741/S4/L001/WS/kb-python/counts_unfiltered/cells_x_genes.barcodes.txt	WS_SKN_KCL10525741/S4/L001/WS/kb-python/counts_unfiltered/cells_x_genes.genes.txt	WS_SKN_KCL10525741/S4/L001/WS/kb-python/counts_unfiltered/cells_x_genes.genes.names.txt	WS_SKN_KCL10525741/S4/L001/WS/kb-python/counts_unfiltered/adata.h5ad	WS_SKN_KCL10525741/S4/L001/WS/kb-python/run_info.json	WS_SKN_KCL10525741/S4/L001/WS/log/analysis.txt	564	a2719188c6923adf675e088a25a019d31ebd4fc36c0d1e13f7b5df9ba84640dd	563	5e6ff2da60904cc5aff85913b873162f28c6d21bf3f397a22e0937633105c671	1047838929	5459611c6c322d44f58a06f4afcacfc6508ece7ac56398c34a4d7271708cb775	12168106	2f3a2d9956d05eda45ee4f697b65ec3392f1ce496d2329f07d92fe460e86f782	4127492	8a3e8a49e11a426ea465a8f151e4959dc9e876f8d7b083854361b23645e290e5	115512960	843a6f7038db8cb3c06f3dc21cc69d04139ffa10689780518d7a9e42dc2e819b	507983681	3e585da7edbf9f7050df09684cca83799ed5d9d78f7f63bfd6659096746a06a9	7951376	ba6b651dbd9cb554b2a49de029b9daf88987b11057f2072ea63442dfd8b590f3	759422	2283ab6be71b53a4d69e125dec986340696524ae56344014c48553d28ff16adf	442984	4e2bf95988b4659c0967c14442f70de94ed83627c18f51825da16de3c39f0631	134138408	0239fbcd277caaf9f6f8f66678356a2f5109793a753024338368cc8588b86c25	710	f05dea7c12a314938587faf229e7a0b222d5ca692dd93fae61780766a6af2794	48449	0dee2e58e582eeec74576d6fb17bec8ca979cff5f75a2603e5e214e517ddfb69	413546414	e7671bead44eb04ca698de53ba399f8c004cb98ecc842f1f948ace67ff47bd91	18640025	acff305de73ea5e348ac1cbe6226091f0c29d557ecd2c1d09df826547cc0bbda	454766565	4cb32d6e084cdeb925cbf4285922ebf35366b9490f9e2396662fa0bc88412791	sha256:09264081bd7ec8b62d450d16c947a9f4abbadd2bee3af7c136d152c1f993b416	0.29.5	0.51.1	0.45.1
WS_SKN_KCL10525741__S4__L002__WS	WS_SKN_KCL10525741_S4_L002		10xv3	skin		WS_SKN_KCL10525741_S4_L002_R1_001.fastq.gz	WS_SKN_KCL10525741_S4_L002_R2_001.fastq.gz	WS_SKN_KCL10525741/S4/L002/WS/config.yaml	WS_SKN_KCL10525741/S4/L002/WS/summary.txt	WS_SKN_KCL10525741/S4/L002/WS/kb-python/output.bus	WS_SKN_KCL10525741/S4/L002/WS/kb-python/matrix.ec	WS_SKN_KCL10525741/S4/L002/WS/kb-python/transcripts.txt	WS_SKN_KCL10525741/S4/L002/WS/kb-python/10x_version3_whitelist.txt	WS_SKN_KCL10525741/S4/L002/WS/kb-python/counts_unfiltered/adata_multimap.h5ad	WS_SKN_KCL10525741/S4/L002/WS/kb-python/counts_unfiltered/cells_x_genes.barcodes.txt	WS_SKN_KCL10525741/S4/L002/WS/kb-python/counts_unfiltered/cells_x_genes.genes.txt	WS_SKN_KCL10525741/S4/L002/WS/kb-python/counts_unfiltered/cells_x_genes.genes.names.txt	WS_SKN_KCL10525741/S4/L002/WS/kb-python/counts_unfiltered/adata.h5ad	WS_SKN_KCL10525741/S4/L002/WS/kb-python/run_info.json	WS_SKN_KCL10525741/S4/L002/WS/log/analysis.txt	564	34963b4c00da6fe5ddac910c417709e9b69242dfd93df3d9fc4f7173120c74d9	708	a8b02f2b9a9f1fae3be9b1ad8406d79bdc3f595ada833877d29ca9ba0384e15e	1038731441	67985df4b54f4a59f4c7e3f9775c5b97f2d08b12028d3568f371355d4b7ef894	12159519	d452955b0ee3dda4215471a9a3b78ab5ad024ab76b517230d78225164a5db52e	4127492	8a3e8a49e11a426ea465a8f151e4959dc9e876f8d7b083854361b23645e290e5	115512960	843a6f7038db8cb3c06f3dc21cc69d04139ffa10689780518d7a9e42dc2e819b	505581745	0b355bd9b4ff90cd901bf80559ced9230a4dfa6a53a3215be0f493eb0c1bd137	7812503	b1d8bd0c8e4cf8d64aa0f6aabed89e3dddac37647b11cf1ae2ae84fbd3aeb80e	759422	2283ab6be71b53a4d69e125dec986340696524ae56344014c48553d28ff16adf	442984	4e2bf95988b4659c0967c14442f70de94ed83627c18f51825da16de3c39f0631	133186456	eddfb9b810855bbaed237d104b0e833d269116270f930d1b8d71e475c32de30d	710	7b1b8f0426c4845661509b82ef4d66311414210e02a301810bccd9f9304ceada	48449	7302e696b3076ce15eee94c3360d5316470d8f8d7174a81d5cca76329b6b75b2	413546414	e7671bead44eb04ca698de53ba399f8c004cb98ecc842f1f948ace67ff47bd91	18640025	acff305de73ea5e348ac1cbe6226091f0c29d557ecd2c1d09df826547cc0bbda	454766565	4cb32d6e084cdeb925cbf4285922ebf35366b9490f9e2396662fa0bc88412791	sha256:09264081bd7ec8b62d450d16c947a9f4abbadd2bee3af7c136d152c1f993b416	0.29.5	0.51.1	0.45.1
WS_SKN_KCL10525742__S1__L001__WS	WS_SKN_KCL10525742_S1_L001		10xv3	skin		WS_SKN_KCL10525742_S1_L001_R1_001.fastq.gz	WS_SKN_KCL10525742_S1_L001_R2_001.fastq.gz	WS_SKN_KCL10525742/S1/L001/WS/config.yaml	WS_SKN_KCL10525742/S1/L001/WS/summary.txt	WS_SKN_KCL10525742/S1/L001/WS/kb-python/output.bus	WS_SKN_KCL10525742/S1/L001/WS/kb-python/matrix.ec	WS_SKN_KCL10525742/S1/L001/WS/kb-python/transcripts.txt	WS_SKN_KCL10525742/S1/L001/WS/kb-python/10x_version3_whitelist.txt	WS_SKN_KCL10525742/S1/L001/WS/kb-python/counts_unfiltered/adata_multimap.h5ad	WS_SKN_KCL10525742/S1/L001/WS/kb-python/counts_unfiltered/cells_x_genes.barcodes.txt	WS_SKN_KCL10525742/S1/L001/WS/kb-python/counts_unfiltered/cells_x_genes.genes.txt	WS_SKN_KCL10525742/S1/L001/WS/kb-python/counts_unfiltered/cells_x_genes.genes.names.txt	WS_SKN_KCL10525742/S1/L001/WS/kb-python/counts_unfiltered/adata.h5ad	WS_SKN_KCL10525742/S1/L001/WS/kb-python/run_info.json	WS_SKN_KCL10525742/S1/L001/WS/log/analysis.txt	564	e4bee1fba067bb33e825d98289502537ebb09389985c9aec351af1ad3ac0dbe7	299	ae6e078e45e5d0bd2ad8e7058671c6f41671d60e04d4e09b6e0ec268644df44b	1051640369	22e2a45ecf5409c19df3fad85f4ec971760753f99fec1605d77061d959b1a5a0	13138334	537bcd8fee751f76893949b590b63b2f7098bc0e11427c1321cab693b7dc4db5	4127492	8a3e8a49e11a426ea465a8f151e4959dc9e876f8d7b083854361b23645e290e5	115512960	843a6f7038db8cb3c06f3dc21cc69d04139ffa10689780518d7a9e42dc2e819b	738325137	e927e4c87f8e9767bcc5533e87d533f2dcd7ff9574d30cbb777a0c65ecb50302	9815630	cf9403968e99d5c3ff1e8bfa36c756334bc79b5f0c4eb0347a20899d2cfaf08e	759422	2283ab6be71b53a4d69e125dec986340696524ae56344014c48553d28ff16adf	442984	4e2bf95988b4659c0967c14442f70de94ed83627c18f51825da16de3c39f0631	188047016	ad1c32e3727122609c30418dff1665c5947ad4073857a79990aaed8ea388c58c	710	eaacc3cbef6f3b43cc17c0c478e188a0dab182613e2472d893cf3ff173d5f99b	48449	f8056f87bdda6e864af71e962e7b215da75ada0d6903c5b38bd8135e8bf59373	413546414	e7671bead44eb04ca698de53ba399f8c004cb98ecc842f1f948ace67ff47bd91	18640025	acff305de73ea5e348ac1cbe6226091f0c29d557ecd2c1d09df826547cc0bbda	454766565	4cb32d6e084cdeb925cbf4285922ebf35366b9490f9e2396662fa0bc88412791	sha256:09264081bd7ec8b62d450d16c947a9f4abbadd2bee3af7c136d152c1f993b416	0.29.5	0.51.1	0.45.1
WS_SKN_KCL10525742__S1__L002__WS	WS_SKN_KCL10525742_S1_L002		10xv3	skin		WS_SKN_KCL10525742_S1_L002_R1_001.fastq.gz	WS_SKN_KCL10525742_S1_L002_R2_001.fastq.gz	WS_SKN_KCL10525742/S1/L002/WS/config.yaml	WS_SKN_KCL10525742/S1/L002/WS/summary.txt	WS_SKN_KCL10525742/S1/L002/WS/kb-python/output.bus	WS_SKN_KCL10525742/S1/L002/WS/kb-python/matrix.ec	WS_SKN_KCL10525742/S1/L002/WS/kb-python/transcripts.txt	WS_SKN_KCL10525742/S1/L002/WS/kb-python/10x_version3_whitelist.txt	WS_SKN_KCL10525742/S1/L002/WS/kb-python/counts_unfiltered/adata_multimap.h5ad	WS_SKN_KCL10525742/S1/L002/WS/kb-python/counts_unfiltered/cells_x_genes.barcodes.txt	WS_SKN_KCL10525742/S1/L002/WS/kb-python/counts_unfiltered/cells_x_genes.genes.txt	WS_SKN_KCL10525742/S1/L002/WS/kb-python/counts_unfiltered/cells_x_genes.genes.names.txt	WS_SKN_KCL10525742/S1/L002/WS/kb-python/counts_unfiltered/adata.h5ad	WS_SKN_KCL10525742/S1/L002/WS/kb-python/run_info.json	WS_SKN_KCL10525742/S1/L002/WS/log/analysis.txt	564	6906b462999962bf0e932fa75473df6e1670d1ef941518aaa7caa7852f067f8b	708	5fa0c949cf1bc30a0111a2c052c67264964b1417dbe5414f0b42d79d7cd16d64	1042684817	6607c0088b2c42c1a2c18b9cf548a23b88394a9d38ebab80873385d715e55994	13144340	5f669879b5442b22678673604093132561d6143521bb88c705d6cf9c6a5f85ed	4127492	8a3e8a49e11a426ea465a8f151e4959dc9e876f8d7b083854361b23645e290e5	115512960	843a6f7038db8cb3c06f3dc21cc69d04139ffa10689780518d7a9e42dc2e819b	735936961	d09dca8e9c740144f67c5a497a8d44d5002af3ad4b379a847c951598f1a97fec	9706609	cdbd625fcb12fbd4547dfa56e47842ea1db1ca8785eeeb39fb12126f2641590c	759422	2283ab6be71b53a4d69e125dec986340696524ae56344014c48553d28ff16adf	442984	4e2bf95988b4659c0967c14442f70de94ed83627c18f51825da16de3c39f0631	187005400	e3750d75ff00b60c70f425c0cbc1443c3522e6dd137d25c2397cdcf2eb306aaf	710	855e04531d5d22793f0d5e79cee636b8c573677fec876b2b3db67159f2d47335	48449	0860f29870b4b6295631b51ac7b31776f5e75fd712cb9673c3fe198064524f10	413546414	e7671bead44eb04ca698de53ba399f8c004cb98ecc842f1f948ace67ff47bd91	18640025	acff305de73ea5e348ac1cbe6226091f0c29d557ecd2c1d09df826547cc0bbda	454766565	4cb32d6e084cdeb925cbf4285922ebf35366b9490f9e2396662fa0bc88412791	sha256:09264081bd7ec8b62d450d16c947a9f4abbadd2bee3af7c136d152c1f993b416	0.29.5	0.51.1	0.45.1
WS_SKN_KCL10525742__S2__L001__WS	WS_SKN_KCL10525742_S2_L001		10xv3	skin		WS_SKN_KCL10525742_S2_L001_R1_001.fastq.gz	WS_SKN_KCL10525742_S2_L001_R2_001.fastq.gz	WS_SKN_KCL10525742/S2/L001/WS/config.yaml	WS_SKN_KCL10525742/S2/L001/WS/summary.txt	WS_SKN_KCL10525742/S2/L001/WS/kb-python/output.bus	WS_SKN_KCL10525742/S2/L001/WS/kb-python/matrix.ec	WS_SKN_KCL10525742/S2/L001/WS/kb-python/transcripts.txt	WS_SKN_KCL10525742/S2/L001/WS/kb-python/10x_version3_whitelist.txt	WS_SKN_KCL10525742/S2/L001/WS/kb-python/counts_unfiltered/adata_multimap.h5ad	WS_SKN_KCL10525742/S2/L001/WS/kb-python/counts_unfiltered/cells_x_genes.barcodes.txt	WS_SKN_KCL10525742/S2/L001/WS/kb-python/counts_unfiltered/cells_x_genes.genes.txt	WS_SKN_KCL10525742/S2/L001/WS/kb-python/counts_unfiltered/cells_x_genes.genes.names.txt	WS_SKN_KCL10525742/S2/L001/WS/kb-python/counts_unfiltered/adata.h5ad	WS_SKN_KCL10525742/S2/L001/WS/kb-python/run_info.json	WS_SKN_KCL10525742/S2/L001/WS/log/analysis.txt	564	2820ce6abe32e36d58687e8167619b2651e9b28c53e8bcbd9817285224337f71	716	be9deab6b4414c7674762d4db2dbba87abd75e2a6b5537fc2f62e70294acfe79	1134726289	23feec8a15258d4e62e1db90cc842db03a262156486d17b2631e0d6a119aedff	13197703	92aeb9f2bb11f2d3df43ce9d4c26d222e364b00742f5715745a99d2f97f9b393	4127492	8a3e8a49e11a426ea465a8f151e4959dc9e876f8d7b083854361b23645e290e5	115512960	843a6f7038db8cb3c06f3dc21cc69d04139ffa10689780518d7a9e42dc2e819b	751402097	1dadc2605f59f3aedd94978e36b3ccaee49a0032c3b9f655ed9a52057142ec51	9955404	242a28872429de6a10379217e2248de8a014c064a3fe764c6a6ed1b8194ed612	759422	2283ab6be71b53a4d69e125dec986340696524ae56344014c48553d28ff16adf	442984	4e2bf95988b4659c0967c14442f70de94ed83627c18f51825da16de3c39f0631	191251080	0fc2b7f4c2032f0f2355be38b9984ff6c400547b9761c0f2dc290f3405a77561	710	b7760d0918308fc74c2a2cdd7115bd97fe9663c6048fbeee858071757dd4819c	48449	26cb36e1a420321d584b018e73130639d9703c61174c2747342271c2d05eae8f	413546414	e7671bead44eb04ca698de53ba399f8c004cb98ecc842f1f948ace67ff47bd91	18640025	acff305de73ea5e348ac1cbe6226091f0c29d557ecd2c1d09df826547cc0bbda	454766565	4cb32d6e084cdeb925cbf4285922ebf35366b9490f9e2396662fa0bc88412791	sha256:09264081bd7ec8b62d450d16c947a9f4abbadd2bee3af7c136d152c1f993b416	0.29.5	0.51.1	0.45.1
WS_SKN_KCL10525742__S2__L002__WS	WS_SKN_KCL10525742_S2_L002		10xv3	skin		WS_SKN_KCL10525742_S2_L002_R1_001.fastq.gz	WS_SKN_KCL10525742_S2_L002_R2_001.fastq.gz	WS_SKN_KCL10525742/S2/L002/WS/config.yaml	WS_SKN_KCL10525742/S2/L002/WS/summary.txt	WS_SKN_KCL10525742/S2/L002/WS/kb-python/output.bus	WS_SKN_KCL10525742/S2/L002/WS/kb-python/matrix.ec	WS_SKN_KCL10525742/S2/L002/WS/kb-python/transcripts.txt	WS_SKN_KCL10525742/S2/L002/WS/kb-python/10x_version3_whitelist.txt	WS_SKN_KCL10525742/S2/L002/WS/kb-python/counts_unfiltered/adata_multimap.h5ad	WS_SKN_KCL10525742/S2/L002/WS/kb-python/counts_unfiltered/cells_x_genes.barcodes.txt	WS_SKN_KCL10525742/S2/L002/WS/kb-python/counts_unfiltered/cells_x_genes.genes.txt	WS_SKN_KCL10525742/S2/L002/WS/kb-python/counts_unfiltered/cells_x_genes.genes.names.txt	WS_SKN_KCL10525742/S2/L002/WS/kb-python/counts_unfiltered/adata.h5ad	WS_SKN_KCL10525742/S2/L002/WS/kb-python/run_info.json	WS_SKN_KCL10525742/S2/L002/WS/log/analysis.txt	564	d9b96615ea1923b91f76415dfa8e1ffa6b91b966c88b7753677ef159fe533ef9	533	0b137c47bbdba32c951420526bec3535fe6d4e6d0d3a7c209afdf1f0a84dfba4	1128428753	1bd7f3855ab816cbc870e158abaadba4f29af290f3f0f1dc88ac998e9386ec0f	13195689	ae64411b27b06ee599d79913183f48d73867d5d55120e955f1875cdf962331c9	4127492	8a3e8a49e11a426ea465a8f151e4959dc9e876f8d7b083854361b23645e290e5	115512960	843a6f7038db8cb3c06f3dc21cc69d04139ffa10689780518d7a9e42dc2e819b	750232273	d86a3b337f80cce443a90e1f8975863f1dc8519abbc3daee2d9c97b18da886dc	9857042	b783917019f97d75d984cc85db320dd3e0c8cc36c8b8db3e85be8cd23d88a0dd	759422	2283ab6be71b53a4d69e125dec986340696524ae56344014c48553d28ff16adf	442984	4e2bf95988b4659c0967c14442f70de94ed83627c18f51825da16de3c39f0631	190631144	0f2c214b91f5228c562baba9dc757f8317b1e2a04cab5f29690e2f3b6fc55864	710	41b0ad77c1cd9eb33f1f323ba73f1bdbfcc92c05bf79d799b796cff0d3a0cc54	48449	0204b71121b50e9d52d9ae6286fb624cff196a9f7457d6105bf1d17d512c98a0	413546414	e7671bead44eb04ca698de53ba399f8c004cb98ecc842f1f948ace67ff47bd91	18640025	acff305de73ea5e348ac1cbe6226091f0c29d557ecd2c1d09df826547cc0bbda	454766565	4cb32d6e084cdeb925cbf4285922ebf35366b9490f9e2396662fa0bc88412791	sha256:09264081bd7ec8b62d450d16c947a9f4abbadd2bee3af7c136d152c1f993b416	0.29.5	0.51.1	0.45.1
WS_SKN_KCL10525742__S3__L001__WS	WS_SKN_KCL10525742_S3_L001		10xv3	skin		WS_SKN_KCL10525742_S3_L001_R1_001.fastq.gz	WS_SKN_KCL10525742_S3_L001_R2_001.fastq.gz	WS_SKN_KCL10525742/S3/L001/WS/config.yaml	WS_SKN_KCL10525742/S3/L001/WS/summary.txt	WS_SKN_KCL10525742/S3/L001/WS/kb-python/output.bus	WS_SKN_KCL10525742/S3/L001/WS/kb-python/matrix.ec	WS_SKN_KCL10525742/S3/L001/WS/kb-python/transcripts.txt	WS_SKN_KCL10525742/S3/L001/WS/kb-python/10x_version3_whitelist.txt	WS_SKN_KCL10525742/S3/L001/WS/kb-python/counts_unfiltered/adata_multimap.h5ad	WS_SKN_KCL10525742/S3/L001/WS/kb-python/counts_unfiltered/cells_x_genes.barcodes.txt	WS_SKN_KCL10525742/S3/L001/WS/kb-python/counts_unfiltered/cells_x_genes.genes.txt	WS_SKN_KCL10525742/S3/L001/WS/kb-python/counts_unfiltered/cells_x_genes.genes.names.txt	WS_SKN_KCL10525742/S3/L001/WS/kb-python/counts_unfiltered/adata.h5ad	WS_SKN_KCL10525742/S3/L001/WS/kb-python/run_info.json	WS_SKN_KCL10525742/S3/L001/WS/log/analysis.txt	564	41b859bdf66af29f056102c5ad900eee415b7c4e6b59a9095f2c8683d2dff3ed	692	ea69a047519b41a4de38041f71fe045e19fac9e1bf7696b2c736c0dee27bb3b6	1094680849	5b57efaff063fe66a579c83419fb500322f324ad71b11caf97e8a486fd9650b1	13276209	dd6ecc761a31729b152d0683bd78e2a479c1fdd58a0f7cbd119f0c2eb887c4d0	4127492	8a3e8a49e11a426ea465a8f151e4959dc9e876f8d7b083854361b23645e290e5	115512960	843a6f7038db8cb3c06f3dc21cc69d04139ffa10689780518d7a9e42dc2e819b	765381585	00857fc91e2d305959af5be4682643913a6f42e153ab7162676cdef6e55274e8	10222882	ab4ff7ea569ff4c2c0b911b11e061ea0b686e91cc80eac01a7d2e6907756314f	759422	2283ab6be71b53a4d69e125dec986340696524ae56344014c48553d28ff16adf	442984	4e2bf95988b4659c0967c14442f70de94ed83627c18f51825da16de3c39f0631	195006440	14b772baee44ea4e9930f3e21a5649086e21d70b5f2077fd9e1617f5baf8a8d5	710	c5b1e09db2a9be8595a637c1ef2eb9ffe1392f067d2af694cd048784c70de0d4	48449	84b52b335ce63c4486b34509ee51e23f0b9361b30bab396765291a9f9b7a29e5	413546414	e7671bead44eb04ca698de53ba399f8c004cb98ecc842f1f948ace67ff47bd91	18640025	acff305de73ea5e348ac1cbe6226091f0c29d557ecd2c1d09df826547cc0bbda	454766565	4cb32d6e084cdeb925cbf4285922ebf35366b9490f9e2396662fa0bc88412791	sha256:09264081bd7ec8b62d450d16c947a9f4abbadd2bee3af7c136d152c1f993b416	0.29.5	0.51.1	0.45.1
WS_SKN_KCL10525742__S3__L002__WS	WS_SKN_KCL10525742_S3_L002		10xv3	skin		WS_SKN_KCL10525742_S3_L002_R1_001.fastq.gz	WS_SKN_KCL10525742_S3_L002_R2_001.fastq.gz	WS_SKN_KCL10525742/S3/L002/WS/config.yaml	WS_SKN_KCL10525742/S3/L002/WS/summary.txt	WS_SKN_KCL10525742/S3/L002/WS/kb-python/output.bus	WS_SKN_KCL10525742/S3/L002/WS/kb-python/matrix.ec	WS_SKN_KCL10525742/S3/L002/WS/kb-python/transcripts.txt	WS_SKN_KCL10525742/S3/L002/WS/kb-python/10x_version3_whitelist.txt	WS_SKN_KCL10525742/S3/L002/WS/kb-python/counts_unfiltered/adata_multimap.h5ad	WS_SKN_KCL10525742/S3/L002/WS/kb-python/counts_unfiltered/cells_x_genes.barcodes.txt	WS_SKN_KCL10525742/S3/L002/WS/kb-python/counts_unfiltered/cells_x_genes.genes.txt	WS_SKN_KCL10525742/S3/L002/WS/kb-python/counts_unfiltered/cells_x_genes.genes.names.txt	WS_SKN_KCL10525742/S3/L002/WS/kb-python/counts_unfiltered/adata.h5ad	WS_SKN_KCL10525742/S3/L002/WS/kb-python/run_info.json	WS_SKN_KCL10525742/S3/L002/WS/log/analysis.txt	564	d216303c73e475553906ee27369d5496dc251981530d55a99b9acff257e7330b	1285	04a980c717b3044e7f3916436ce1f3dd221550938ffc24a2233fbf9854dd6343	1086372017	be0f3acd7aa07b44753bc8aeb5bcc2c6afd0ccc5087bb1d48fb5d5f4f6526251	13318882	c10298820baddaf3023ad6083f0678d202380ab31d668be9edf69b736def2a05	4127492	8a3e8a49e11a426ea465a8f151e4959dc9e876f8d7b083854361b23645e290e5	115512960	843a6f7038db8cb3c06f3dc21cc69d04139ffa10689780518d7a9e42dc2e819b	762408609	b6f9597240896b6dc6680de6a0fe5cbaf22aebddcef69a73cbed61319e67fe71	10095263	9780c06bf6011a9b8638f23ad2278425820bc10ace6a0d416fecb2703b36b981	759422	2283ab6be71b53a4d69e125dec986340696524ae56344014c48553d28ff16adf	442984	4e2bf95988b4659c0967c14442f70de94ed83627c18f51825da16de3c39f0631	193950904	e03968451877a1921073e2f00a609f2c13f960a70265c781f463a46a1cab00ed	710	1aeb65e06b2f65ef142989afbbb32bdb4a0692b273094e570ae2cb6e7c2549fd	48449	3191aaa81018fa92ab3b496838342805d04b46cd8a2830f8f589e290862b10f0	413546414	e7671bead44eb04ca698de53ba399f8c004cb98ecc842f1f948ace67ff47bd91	18640025	acff305de73ea5e348ac1cbe6226091f0c29d557ecd2c1d09df826547cc0bbda	454766565	4cb32d6e084cdeb925cbf4285922ebf35366b9490f9e2396662fa0bc88412791	sha256:09264081bd7ec8b62d450d16c947a9f4abbadd2bee3af7c136d152c1f993b416	0.29.5	0.51.1	0.45.1
WS_SKN_KCL9369632__S1__L001__WS	WS_SKN_KCL9369632_S1_L001		10xv3	skin		WS_SKN_KCL9369632_S1_L001_R1_001.fastq.gz	WS_SKN_KCL9369632_S1_L001_R2_001.fastq.gz	WS_SKN_KCL9369632/S1/L001/WS/config.yaml	WS_SKN_KCL9369632/S1/L001/WS/summary.txt	WS_SKN_KCL9369632/S1/L001/WS/kb-python/output.bus	WS_SKN_KCL9369632/S1/L001/WS/kb-python/matrix.ec	WS_SKN_KCL9369632/S1/L001/WS/kb-python/transcripts.txt	WS_SKN_KCL9369632/S1/L001/WS/kb-python/10x_version3_whitelist.txt	WS_SKN_KCL9369632/S1/L001/WS/kb-python/counts_unfiltered/adata_multimap.h5ad	WS_SKN_KCL9369632/S1/L001/WS/kb-python/counts_unfiltered/cells_x_genes.barcodes.txt	WS_SKN_KCL9369632/S1/L001/WS/kb-python/counts_unfiltered/cells_x_genes.genes.txt	WS_SKN_KCL9369632/S1/L001/WS/kb-python/counts_unfiltered/cells_x_genes.genes.names.txt	WS_SKN_KCL9369632/S1/L001/WS/kb-python/counts_unfiltered/adata.h5ad	WS_SKN_KCL9369632/S1/L001/WS/kb-python/run_info.json	WS_SKN_KCL9369632/S1/L001/WS/log/analysis.txt	548	c538cf3ca3d06b7c71dcc03a43bbd72db001db2cef4981711f4e2e316f8a3921	690	f2e7fa1b7828f68c4ebc9c4589f0f61b06fe91215bcef7e5ef0b302b3d4a27d6	1674654641	a41bc7a93fd1064f776a5d209995a267c6118902f5c6c08e0b8ffd462093d5c0	11646018	99529ba6cdc22455d6d0b86c6666179e404fc58662dc16699c9d9262152ac4af	4127492	8a3e8a49e11a426ea465a8f151e4959dc9e876f8d7b083854361b23645e290e5	115512960	843a6f7038db8cb3c06f3dc21cc69d04139ffa10689780518d7a9e42dc2e819b	695823009	42eaa20f661a06b2cced4f4d89175c7a5eddf952ec95dcf26a35e9ecff1ceef9	13302517	6845989d87dda7bf99b56340818d9ca7a564373fc95de66b7ad03b578623a170	759422	2283ab6be71b53a4d69e125dec986340696524ae56344014c48553d28ff16adf	442984	4e2bf95988b4659c0967c14442f70de94ed83627c18f51825da16de3c39f0631	187389112	6ec58649f09fbb7ff3379aa8e453f5974b3b12a40d618545f328cd72f69ee3db	696	22e6a419a6ea8e3075ef9d0c0af7ab379162d1374056a3b39db3c08b431afb40	48449	caef375395458310dc4da2c216677753c3cae37d909a79a69518af2931cefe5f	413546414	e7671bead44eb04ca698de53ba399f8c004cb98ecc842f1f948ace67ff47bd91	18640025	acff305de73ea5e348ac1cbe6226091f0c29d557ecd2c1d09df826547cc0bbda	454766565	4cb32d6e084cdeb925cbf4285922ebf35366b9490f9e2396662fa0bc88412791	sha256:09264081bd7ec8b62d450d16c947a9f4abbadd2bee3af7c136d152c1f993b416	0.29.5	0.51.1	0.45.1
WS_SKN_KCL9369632__S2__L001__WS	WS_SKN_KCL9369632_S2_L001		10xv3	skin		WS_SKN_KCL9369632_S2_L001_R1_001.fastq.gz	WS_SKN_KCL9369632_S2_L001_R2_001.fastq.gz	WS_SKN_KCL9369632/S2/L001/WS/config.yaml	WS_SKN_KCL9369632/S2/L001/WS/summary.txt	WS_SKN_KCL9369632/S2/L001/WS/kb-python/output.bus	WS_SKN_KCL9369632/S2/L001/WS/kb-python/matrix.ec	WS_SKN_KCL9369632/S2/L001/WS/kb-python/transcripts.txt	WS_SKN_KCL9369632/S2/L001/WS/kb-python/10x_version3_whitelist.txt	WS_SKN_KCL9369632/S2/L001/WS/kb-python/counts_unfiltered/adata_multimap.h5ad	WS_SKN_KCL9369632/S2/L001/WS/kb-python/counts_unfiltered/cells_x_genes.barcodes.txt	WS_SKN_KCL9369632/S2/L001/WS/kb-python/counts_unfiltered/cells_x_genes.genes.txt	WS_SKN_KCL9369632/S2/L001/WS/kb-python/counts_unfiltered/cells_x_genes.genes.names.txt	WS_SKN_KCL9369632/S2/L001/WS/kb-python/counts_unfiltered/adata.h5ad	WS_SKN_KCL9369632/S2/L001/WS/kb-python/run_info.json	WS_SKN_KCL9369632/S2/L001/WS/log/analysis.txt	548	e6091d2816ba30fc14a0df31ec012f3989c01fb3ca9b4336360350f32445c7b4	299	9003625d5ac4880d7e64bd0195a44bc82318ea147235e8a600d51d74c34e80a7	1743896433	8dc7617368617cd9498a4530db5354cbb64c6705118f8ae499f012e007574b70	11740420	f6c7f27e48278b8551d641e74807b6145a142d9f4e848db7f05d620af441a38c	4127492	8a3e8a49e11a426ea465a8f151e4959dc9e876f8d7b083854361b23645e290e5	115512960	843a6f7038db8cb3c06f3dc21cc69d04139ffa10689780518d7a9e42dc2e819b	703986593	e08a5c82ac73adcce98cd38ea5f52fb18df5bc4ab37f3fe291a551e4bc500edc	13463813	389ac23378f8a54e4820ddad63646ae064c72239a347798c69be67d7d86f363c	759422	2283ab6be71b53a4d69e125dec986340696524ae56344014c48553d28ff16adf	442984	4e2bf95988b4659c0967c14442f70de94ed83627c18f51825da16de3c39f0631	189823416	f93c18e1e70573d663b850cb50f7ac74c00cef2e20dcb25a8fc71c3799813cb6	696	b505c15e59ffdd04fa1eed983e5c626784e5644c33737ce6456e9b3d62465c90	48449	cdcc0580e30fff944af04947af343dc0606ca30a288740da55ca65f828598b04	413546414	e7671bead44eb04ca698de53ba399f8c004cb98ecc842f1f948ace67ff47bd91	18640025	acff305de73ea5e348ac1cbe6226091f0c29d557ecd2c1d09df826547cc0bbda	454766565	4cb32d6e084cdeb925cbf4285922ebf35366b9490f9e2396662fa0bc88412791	sha256:09264081bd7ec8b62d450d16c947a9f4abbadd2bee3af7c136d152c1f993b416	0.29.5	0.51.1	0.45.1
WS_SKN_KCL9369632__S3__L001__WS	WS_SKN_KCL9369632_S3_L001		10xv3	skin		WS_SKN_KCL9369632_S3_L001_R1_001.fastq.gz	WS_SKN_KCL9369632_S3_L001_R2_001.fastq.gz	WS_SKN_KCL9369632/S3/L001/WS/config.yaml	WS_SKN_KCL9369632/S3/L001/WS/summary.txt	WS_SKN_KCL9369632/S3/L001/WS/kb-python/output.bus	WS_SKN_KCL9369632/S3/L001/WS/kb-python/matrix.ec	WS_SKN_KCL9369632/S3/L001/WS/kb-python/transcripts.txt	WS_SKN_KCL9369632/S3/L001/WS/kb-python/10x_version3_whitelist.txt	WS_SKN_KCL9369632/S3/L001/WS/kb-python/counts_unfiltered/adata_multimap.h5ad	WS_SKN_KCL9369632/S3/L001/WS/kb-python/counts_unfiltered/cells_x_genes.barcodes.txt	WS_SKN_KCL9369632/S3/L001/WS/kb-python/counts_unfiltered/cells_x_genes.genes.txt	WS_SKN_KCL9369632/S3/L001/WS/kb-python/counts_unfiltered/cells_x_genes.genes.names.txt	WS_SKN_KCL9369632/S3/L001/WS/kb-python/counts_unfiltered/adata.h5ad	WS_SKN_KCL9369632/S3/L001/WS/kb-python/run_info.json	WS_SKN_KCL9369632/S3/L001/WS/log/analysis.txt	548	af4654d6f4b8f2514abdb8362fd0be42c7e963733e0b7c71c7fcbb4db9e9c29b	6427	98ae8be778f9caff27c42005e8e307ac1aee06f6af831380384ee9c878084ad4	1959702993	f886d3a24cefbaa2df7ce2fc21afc3097f27c1b6b7088bfbd0135ae465a2814d	12000378	e921aa0064511ba5b03062ccc245b7d8f61a0896a9deac069e470d2b0a817065	4127492	8a3e8a49e11a426ea465a8f151e4959dc9e876f8d7b083854361b23645e290e5	115512960	843a6f7038db8cb3c06f3dc21cc69d04139ffa10689780518d7a9e42dc2e819b	739730001	be88b106a6cc215b25d0c9c2952998980ec7d640e0e0620fa23e3c854b39be9e	14110986	0f2ea3de131cfea2bbfdca6dbee56ef527e1f2c148eda80d6d92394a3afb685b	759422	2283ab6be71b53a4d69e125dec986340696524ae56344014c48553d28ff16adf	442984	4e2bf95988b4659c0967c14442f70de94ed83627c18f51825da16de3c39f0631	199174760	f9c7c23e4c510916433e75a18cb9e060b984a29f1f8f1f1b843734798607d33d	696	7c1be3484fd631d2163c79f4d7feb3cd638ab838d869f785d99a6ef04686440a	48449	56ff6995d34c527977445f3ec4dbd71a64c99816b0a2ede20de1686d3285abbe	413546414	e7671bead44eb04ca698de53ba399f8c004cb98ecc842f1f948ace67ff47bd91	18640025	acff305de73ea5e348ac1cbe6226091f0c29d557ecd2c1d09df826547cc0bbda	454766565	4cb32d6e084cdeb925cbf4285922ebf35366b9490f9e2396662fa0bc88412791	sha256:09264081bd7ec8b62d450d16c947a9f4abbadd2bee3af7c136d152c1f993b416	0.29.5	0.51.1	0.45.1
WS_SKN_KCL9369632__S4__L001__WS	WS_SKN_KCL9369632_S4_L001		10xv3	skin		WS_SKN_KCL9369632_S4_L001_R1_001.fastq.gz	WS_SKN_KCL9369632_S4_L001_R2_001.fastq.gz	WS_SKN_KCL9369632/S4/L001/WS/config.yaml	WS_SKN_KCL9369632/S4/L001/WS/summary.txt	WS_SKN_KCL9369632/S4/L001/WS/kb-python/output.bus	WS_SKN_KCL9369632/S4/L001/WS/kb-python/matrix.ec	WS_SKN_KCL9369632/S4/L001/WS/kb-python/transcripts.txt	WS_SKN_KCL9369632/S4/L001/WS/kb-python/10x_version3_whitelist.txt	WS_SKN_KCL9369632/S4/L001/WS/kb-python/counts_unfiltered/adata_multimap.h5ad	WS_SKN_KCL9369632/S4/L001/WS/kb-python/counts_unfiltered/cells_x_genes.barcodes.txt	WS_SKN_KCL9369632/S4/L001/WS/kb-python/counts_unfiltered/cells_x_genes.genes.txt	WS_SKN_KCL9369632/S4/L001/WS/kb-python/counts_unfiltered/cells_x_genes.genes.names.txt	WS_SKN_KCL9369632/S4/L001/WS/kb-python/counts_unfiltered/adata.h5ad	WS_SKN_KCL9369632/S4/L001/WS/kb-python/run_info.json	WS_SKN_KCL9369632/S4/L001/WS/log/analysis.txt	548	3482a646a79b37e7ce37209256c7b22ea2d93abad4472b557a8c296e4667668f	543	0163a34e192e1c3c40b783a0f7cc4c68ac3e4d849124830e72c1f510780b9664	1410730705	7a5754c105e8f5ee5075fa3b1b7e3292fd6d222fcd01fb37576315aff7e14b58	11166837	3001bd76d1e04af6eae3d9fd88eba21642e054416139f97ec8f713558435abff	4127492	8a3e8a49e11a426ea465a8f151e4959dc9e876f8d7b083854361b23645e290e5	115512960	843a6f7038db8cb3c06f3dc21cc69d04139ffa10689780518d7a9e42dc2e819b	633920097	30f99e7ade9e45d62009d0639125ae6565a10deba3267e080580acdfddcd5650	12110001	f808d85f11e9a6b2d8c0a32a9758ed4a90fd768856a9e7433b995e13be12eec8	759422	2283ab6be71b53a4d69e125dec986340696524ae56344014c48553d28ff16adf	442984	4e2bf95988b4659c0967c14442f70de94ed83627c18f51825da16de3c39f0631	170986616	bb6825cbe04fdc69ecf3520382945e10998b613cbc7798a8f400bcc4e11dac80	695	893d2aad0691694f312fcc3fd9d854982b541c9edbd463b7bda7d67c88aabdb6	48449	c988ee0301b60379f1c031ec19c6167ae8fd587810a747e846afc227b95b16e7	413546414	e7671bead44eb04ca698de53ba399f8c004cb98ecc842f1f948ace67ff47bd91	18640025	acff305de73ea5e348ac1cbe6226091f0c29d557ecd2c1d09df826547cc0bbda	454766565	4cb32d6e084cdeb925cbf4285922ebf35366b9490f9e2396662fa0bc88412791	sha256:09264081bd7ec8b62d450d16c947a9f4abbadd2bee3af7c136d152c1f993b416	0.29.5	0.51.1	0.45.1
WS_SKN__KCL10525740__S1__L001__WS	WS_SKN_KCL10525740_S1_L001		10xv3	skin		WS_SKN_KCL10525740_S1_L001_R1_001.fastq.gz	WS_SKN_KCL10525740_S1_L001_R2_001.fastq.gz	WS_SKN__KCL10525740/S1/L001/WS/config.yaml	WS_SKN__KCL10525740/S1/L001/WS/summary.txt	WS_SKN__KCL10525740/S1/L001/WS/kb-python/output.bus	WS_SKN__KCL10525740/S1/L001/WS/kb-python/matrix.ec	WS_SKN__KCL10525740/S1/L001/WS/kb-python/transcripts.txt	WS_SKN__KCL10525740/S1/L001/WS/kb-python/10x_version3_whitelist.txt	WS_SKN__KCL10525740/S1/L001/WS/kb-python/counts_unfiltered/adata_multimap.h5ad	WS_SKN__KCL10525740/S1/L001/WS/kb-python/counts_unfiltered/cells_x_genes.barcodes.txt	WS_SKN__KCL10525740/S1/L001/WS/kb-python/counts_unfiltered/cells_x_genes.genes.txt	WS_SKN__KCL10525740/S1/L001/WS/kb-python/counts_unfiltered/cells_x_genes.genes.names.txt	WS_SKN__KCL10525740/S1/L001/WS/kb-python/counts_unfiltered/adata.h5ad	WS_SKN__KCL10525740/S1/L001/WS/kb-python/run_info.json	WS_SKN__KCL10525740/S1/L001/WS/log/analysis.txt	559	4f3c00104dc55cf68a912d53dc5eb27c3fbca8abb38383cef341ec0b1fc87142	879	8386e2adccce340af3f151ea210c5feaad6edf8a72c3eb4b82615b07c5dbfcf0	1114835857	fc83b10998e94faa6f1baaa7a3fc0b79681e594174bfe65eb2389bc12b99bdf6	12755203	9692d7272330ba28d8d11035bbb886141e7dcab33fe6a704fc1b5338ba85086e	4127492	8a3e8a49e11a426ea465a8f151e4959dc9e876f8d7b083854361b23645e290e5	115512960	843a6f7038db8cb3c06f3dc21cc69d04139ffa10689780518d7a9e42dc2e819b	832386865	89f2f6cc294d837b93277e47411c7df4e6011f0451a9a11b02bab2169a98cecd	7015900	3b669104f6cb6b89ad8f515657a6fe35375f362b5573554bf1345144ed9c9ac4	759422	2283ab6be71b53a4d69e125dec986340696524ae56344014c48553d28ff16adf	442984	4e2bf95988b4659c0967c14442f70de94ed83627c18f51825da16de3c39f0631	210265080	02eb6c078ac183c20ae63b7b6678a1c3fa00903dbb555cb7d6b1ddf497a5609b	706	5b303a82e12c881afd77e2313b8437874ab466636792a61c0f9436a53b14b59d	48449	5fdea5a8a69cb98c3e2ecee251022f0bd7a10d7eef45616173435afe9643927d	413546414	e7671bead44eb04ca698de53ba399f8c004cb98ecc842f1f948ace67ff47bd91	18640025	acff305de73ea5e348ac1cbe6226091f0c29d557ecd2c1d09df826547cc0bbda	454766565	4cb32d6e084cdeb925cbf4285922ebf35366b9490f9e2396662fa0bc88412791	sha256:09264081bd7ec8b62d450d16c947a9f4abbadd2bee3af7c136d152c1f993b416	0.29.5	0.51.1	0.45.1
WS_SKN__KCL10525740__S2__L001__WS	WS_SKN_KCL10525740_S2_L001		10xv3	skin		WS_SKN_KCL10525740_S2_L001_R1_001.fastq.gz	WS_SKN_KCL10525740_S2_L001_R2_001.fastq.gz	WS_SKN__KCL10525740/S2/L001/WS/config.yaml	WS_SKN__KCL10525740/S2/L001/WS/summary.txt	WS_SKN__KCL10525740/S2/L001/WS/kb-python/output.bus	WS_SKN__KCL10525740/S2/L001/WS/kb-python/matrix.ec	WS_SKN__KCL10525740/S2/L001/WS/kb-python/transcripts.txt	WS_SKN__KCL10525740/S2/L001/WS/kb-python/10x_version3_whitelist.txt	WS_SKN__KCL10525740/S2/L001/WS/kb-python/counts_unfiltered/adata_multimap.h5ad	WS_SKN__KCL10525740/S2/L001/WS/kb-python/counts_unfiltered/cells_x_genes.barcodes.txt	WS_SKN__KCL10525740/S2/L001/WS/kb-python/counts_unfiltered/cells_x_genes.genes.txt	WS_SKN__KCL10525740/S2/L001/WS/kb-python/counts_unfiltered/cells_x_genes.genes.names.txt	WS_SKN__KCL10525740/S2/L001/WS/kb-python/counts_unfiltered/adata.h5ad	WS_SKN__KCL10525740/S2/L001/WS/kb-python/run_info.json	WS_SKN__KCL10525740/S2/L001/WS/log/analysis.txt	559	4a8f2fe7afe38267950f6c60391cb6e9086db50c8234eed4fa21e5b30861144e	708	e0926087813abec9f658b38aae1aff388ad35f6c5397cd3d4fff908049b39634	1080078769	3a2e42f1449f1da15bec7d9334c048756c7cf29763154ccd7b1626ce08eeed8a	12627657	1fb5780a7c96f739ac3b8a8b3b19bebcc7f26337bafd7435505455d77fdb42ed	4127492	8a3e8a49e11a426ea465a8f151e4959dc9e876f8d7b083854361b23645e290e5	115512960	843a6f7038db8cb3c06f3dc21cc69d04139ffa10689780518d7a9e42dc2e819b	809025345	8bd8d4b40f238157e52881edcb9fc09f17fc78ca41dd044e8c2f9c388324a0be	6786349	0a813fe8ac3feb532bfc410ccdb6d82c41c135a9b5861121e8865ea2bd67c786	759422	2283ab6be71b53a4d69e125dec986340696524ae56344014c48553d28ff16adf	442984	4e2bf95988b4659c0967c14442f70de94ed83627c18f51825da16de3c39f0631	204260616	8acf565cd9d431efcdd48d09d03f86ea4118cc47d8f2546bf653a0fee535ddb5	706	b54a90413e71c5a903af26e72660a964a2768432fac6233350cffa14d424f14d	48449	5b56b1014cc4cfd2ab3f132253fdbe6f4438b95c47b79da24e0d7cc3987daf24	413546414	e7671bead44eb04ca698de53ba399f8c004cb98ecc842f1f948ace67ff47bd91	18640025	acff305de73ea5e348ac1cbe6226091f0c29d557ecd2c1d09df826547cc0bbda	454766565	4cb32d6e084cdeb925cbf4285922ebf35366b9490f9e2396662fa0bc88412791	sha256:09264081bd7ec8b62d450d16c947a9f4abbadd2bee3af7c136d152c1f993b416	0.29.5	0.51.1	0.45.1
WS_SKN__KCL10525740__S3__L001__WS	WS_SKN_KCL10525740_S3_L002	repeat__WS_SKN_KCL10525740_S3_L002	10xv3	skin		WS_SKN_KCL10525740_S3_L002_R1_001.fastq.gz	WS_SKN_KCL10525740_S3_L002_R2_001.fastq.gz	WS_SKN__KCL10525740/S3/L001/WS/config.yaml	WS_SKN__KCL10525740/S3/L001/WS/summary.txt	WS_SKN__KCL10525740/S3/L001/WS/kb-python/output.bus	WS_SKN__KCL10525740/S3/L001/WS/kb-python/matrix.ec	WS_SKN__KCL10525740/S3/L001/WS/kb-python/transcripts.txt	WS_SKN__KCL10525740/S3/L001/WS/kb-python/10x_version3_whitelist.txt	WS_SKN__KCL10525740/S3/L001/WS/kb-python/counts_unfiltered/adata_multimap.h5ad	WS_SKN__KCL10525740/S3/L001/WS/kb-python/counts_unfiltered/cells_x_genes.barcodes.txt	WS_SKN__KCL10525740/S3/L001/WS/kb-python/counts_unfiltered/cells_x_genes.genes.txt	WS_SKN__KCL10525740/S3/L001/WS/kb-python/counts_unfiltered/cells_x_genes.genes.names.txt	WS_SKN__KCL10525740/S3/L001/WS/kb-python/counts_unfiltered/adata.h5ad	WS_SKN__KCL10525740/S3/L001/WS/kb-python/run_info.json	WS_SKN__KCL10525740/S3/L001/WS/log/analysis.txt	559	9df9227ed0b48c0ca65ee52915965d7ff89d257b3eb44474383c0e98e1d6d16e	1071	faac82b8d314c277cf460e77b8920858c3d4736fd09ad07e57ca8c88d0590180	1247350225	bd892d28c1575a58cecf3c201a20285cd8e05f5668aecae87b56f5b44dc4f5fd	13018870	3506cbe004b464254b221a1cf36f3f3fda5943f1e1825b3305738acc3efd03e0	4127492	8a3e8a49e11a426ea465a8f151e4959dc9e876f8d7b083854361b23645e290e5	115512960	843a6f7038db8cb3c06f3dc21cc69d04139ffa10689780518d7a9e42dc2e819b	882698353	1d55d4b28fb3d36448971d8a873dc246280863d605e82e6b0f46b46ca89643d5	7090224	c9706ec3008bc0c86c385062a9394e30012f049e5f0f0795dc22eb036f57b530	759422	2283ab6be71b53a4d69e125dec986340696524ae56344014c48553d28ff16adf	442984	4e2bf95988b4659c0967c14442f70de94ed83627c18f51825da16de3c39f0631	221837624	40696b7b00f30085ff13a3aa68827e35d4131eb6d70b73824b2125460c71f080	706	8af7e4ee7195c123aaaacb70f99c2aa49bc94e9a58e5a79e75edd47fdf5d4ebe	48449	38743b75f412a823f9abf4aaf2464df70cef26e07d605fc443cc35c4f3cc061d	413546414	e7671bead44eb04ca698de53ba399f8c004cb98ecc842f1f948ace67ff47bd91	18640025	acff305de73ea5e348ac1cbe6226091f0c29d557ecd2c1d09df826547cc0bbda	454766565	4cb32d6e084cdeb925cbf4285922ebf35366b9490f9e2396662fa0bc88412791	sha256:09264081bd7ec8b62d450d16c947a9f4abbadd2bee3af7c136d152c1f993b416	0.29.5	0.51.1	0.45.1
old__SRR6825025	SRR6825025	repeat__SRR6825025	10xv2	hiv_control	HIV-1	SRR6825025_1.fastq	SRR6825025_2.fastq	old/SRR6825025/config.yaml	old/SRR6825025/summary.txt	old/SRR6825025/kb-python/output.bus	old/SRR6825025/kb-python/matrix.ec	old/SRR6825025/kb-python/transcripts.txt	old/SRR6825025/kb-python/10x_version2_whitelist.txt	old/SRR6825025/kb-python/counts_unfiltered/adata_multimap.h5ad	old/SRR6825025/kb-python/counts_unfiltered/cells_x_genes.barcodes.txt	old/SRR6825025/kb-python/counts_unfiltered/cells_x_genes.genes.txt	old/SRR6825025/kb-python/counts_unfiltered/cells_x_genes.genes.names.txt	old/SRR6825025/kb-python/counts_unfiltered/adata.h5ad	old/SRR6825025/kb-python/run_info.json	old/SRR6825025/log/analysis.txt	668	c2b87594d07df605422850ab791bd665a824da28bf9c4b14b71cd32bf4c23b68	1075	f830787319e9ff1581365a41db37900b1242d4f90cb0fa4122e1ae9e6d2bff13	5448718897	bbdc6c9b968ee21f9ed52b357e51c5ebeefb761710733fbe1368765a2efd8419	10780327	d1ad68b8a096b8732cb4717d8610d74f26a1e8bb9ad6bb01516c98806f2ef9fd	4127492	8a3e8a49e11a426ea465a8f151e4959dc9e876f8d7b083854361b23645e290e5	12533760	b0dda4b114d8fc7ea8def94fb472e6205c1831a72e3ac245ed13cc332d9f20d1	413645473	7501424440cf78eb530c78803adce55e995369fa88107b9a2ee52ea8ef95e1bb	4797383	4fd7477f5817714c321e2341ecf3f7fe733b02e3c9619b498b6f31233ada1ec1	759422	2283ab6be71b53a4d69e125dec986340696524ae56344014c48553d28ff16adf	442984	4e2bf95988b4659c0967c14442f70de94ed83627c18f51825da16de3c39f0631	101364632	c548d5349b10b99d661561c86c94abdca7f958c12fa7823c47a18225833bdb38	817	b39f09edc58958d9048e7c7d3548ac3ca4a86f2c6810c835932be8ecf4465424	48449	c4befc4c936f7db45ef37e4ec4dab8917b636f9315ef4678be7dabb4d0c59a01	413546414	e7671bead44eb04ca698de53ba399f8c004cb98ecc842f1f948ace67ff47bd91	18640025	acff305de73ea5e348ac1cbe6226091f0c29d557ecd2c1d09df826547cc0bbda	454766565	4cb32d6e084cdeb925cbf4285922ebf35366b9490f9e2396662fa0bc88412791	sha256:09264081bd7ec8b62d450d16c947a9f4abbadd2bee3af7c136d152c1f993b416	0.29.5	0.51.1	0.45.1
