sample_id	virus	fresh_v2	fresh_v3_host_conservative	archived_v2	archived_v3_host_conservative
SRR12682296	Cercopithecine herpesvirus		0.0		1.0
SRR12682296	Epstein-Barr virus	1792859.9999999993	874039.0	1792859.9999999993	874038.9999999936
SRR12682296	Yaba-like disease virus	2.0	0.0	2.0	0.0
SRR12682297	Epstein-Barr virus	262393.9999999997	121749.0	262393.9999999997	121748.99999999993
SRR12682298	Cercopithecine herpesvirus	5.0	5.0	5.0	5.0
SRR12682298	Epstein-Barr virus	31011.333333333336	18343.0	31011.333333333336	18344.999999999964
SRR6825024	Cercopithecine herpesvirus		0.0		1.0
SRR6825024	Human herpesvirus 1	2.0	0.0	2.0	0.0
SRR6825024	Human herpesvirus 6b	6.0	2.0	6.0	2.0
SRR6825024	Human herpesvirus 8	6.0	0.0	6.0	0.0
SRR6825024	IMMUNO_HIV1gp1		338344.0		0.0
SRR6825024	IMMUNO_HIV1gp10		40.0		0.0
SRR6825024	IMMUNO_HIV1gp2		65223.0		0.0
SRR6825024	IMMUNO_HIV1gp3		7880.5		0.0
SRR6825024	IMMUNO_HIV1gp4		8301.0		0.0
SRR6825024	IMMUNO_HIV1gp5		104421.0		0.0
SRR6825024	IMMUNO_HIV1gp6		28956.666667		0.0
SRR6825024	IMMUNO_HIV1gp7		382.666667		0.0
SRR6825024	IMMUNO_HIV1gp8		12659.0		0.0
SRR6825024	IMMUNO_HIV1gp9		178352.0		0.0
SRR6825024	Monkeypox virus	4.0	1.0	4.0	1.0
SRR6825024	Vesicular stomatitis virus	20.0	6.0	20.0	6.0
SRR6825025	Cercopithecine herpesvirus		0.0		1.0
SRR6825025	Human herpesvirus 1	2.0	0.0	2.0	0.0
SRR6825025	Human herpesvirus 6b	6.0	3.0	6.0	3.0
SRR6825025	Human parainfluenza	2.0	0.0	2.0	0.0
SRR6825025	IMMUNO_HIV1gp1		28225.0		0.0
SRR6825025	IMMUNO_HIV1gp10		15.0		0.0
SRR6825025	IMMUNO_HIV1gp2		5223.0		0.0
SRR6825025	IMMUNO_HIV1gp3		678.0		0.0
SRR6825025	IMMUNO_HIV1gp4		147.0		0.0
SRR6825025	IMMUNO_HIV1gp5		16771.0		0.0
SRR6825025	IMMUNO_HIV1gp6		5230.0		0.0
SRR6825025	IMMUNO_HIV1gp7		35.333333		0.0
SRR6825025	IMMUNO_HIV1gp8		1573.666667		0.0
SRR6825025	IMMUNO_HIV1gp9		32562.0		0.0
SRR6825025	Molluscum contagiosum virus	2.0	1.0	2.0	1.0
