run_id	logical_id	row_status	record_type	identifier	reconstructed_value	summary_value	delta	audit_status
SRR12682296__SRR12682296	SRR12682296	success	gene	EPSTEIN_HHV4_A73	5745.333333333322	5745.333333333332	-1.000444171950221e-11	match
SRR12682296__SRR12682296	SRR12682296	success	gene	EPSTEIN_HHV4_BALF1	17701.0	17701.0	0.0	match
SRR12682296__SRR12682296	SRR12682296	success	gene	EPSTEIN_HHV4_BALF2	24819.5	24819.5	0.0	match
SRR12682296__SRR12682296	SRR12682296	success	gene	EPSTEIN_HHV4_BALF3	32422.83333333333	32422.833333333332	-3.637978807091713e-12	match
SRR12682296__SRR12682296	SRR12682296	success	gene	EPSTEIN_HHV4_BALF4	11054.333333333336	11054.333333333336	0.0	match
SRR12682296__SRR12682296	SRR12682296	success	gene	EPSTEIN_HHV4_BALF5	305.6666666666665	305.6666666666667	-1.7053025658242404e-13	match
SRR12682296__SRR12682296	SRR12682296	success	gene	EPSTEIN_HHV4_BARF0	6063.333333333317	6063.333333333332	-1.546140993013978e-11	match
SRR12682296__SRR12682296	SRR12682296	success	gene	EPSTEIN_HHV4_BARF1.2	19878.0	19878.0	0.0	match
SRR12682296__SRR12682296	SRR12682296	success	gene	EPSTEIN_HHV4_BBLF1	4137.199999999946	4137.2	-5.3660187404602766e-11	match
SRR12682296__SRR12682296	SRR12682296	success	gene	EPSTEIN_HHV4_BBLF2/BBLF3	32253.0	32253.0	0.0	match
SRR12682296__SRR12682296	SRR12682296	success	gene	EPSTEIN_HHV4_BBLF4	8933.0	8933.0	0.0	match
SRR12682296__SRR12682296	SRR12682296	success	gene	EPSTEIN_HHV4_BBRF1	3467.5	3467.5	0.0	match
SRR12682296__SRR12682296	SRR12682296	success	gene	EPSTEIN_HHV4_BBRF2	2940.5	2940.5	0.0	match
SRR12682296__SRR12682296	SRR12682296	success	gene	EPSTEIN_HHV4_BBRF3	65184.0	65184.0	0.0	match
SRR12682296__SRR12682296	SRR12682296	success	gene	EPSTEIN_HHV4_BCRF1.1	5498.0	5498.0	0.0	match
SRR12682296__SRR12682296	SRR12682296	success	gene	EPSTEIN_HHV4_BDLF1	20156.5000000001	20156.499999999985	1.127773430198431e-10	match
SRR12682296__SRR12682296	SRR12682296	success	gene	EPSTEIN_HHV4_BDLF2	17562.500000000186	17562.49999999999	1.964508555829525e-10	match
SRR12682296__SRR12682296	SRR12682296	success	gene	EPSTEIN_HHV4_BDLF3	16293.000000000276	16293.0	2.764863893389702e-10	match
SRR12682296__SRR12682296	SRR12682296	success	gene	EPSTEIN_HHV4_BDLF3.5	6008.583333333335	6008.583333333331	3.637978807091713e-12	match
SRR12682296__SRR12682296	SRR12682296	success	gene	EPSTEIN_HHV4_BDLF4	5986.583333333335	5986.583333333331	3.637978807091713e-12	match
SRR12682296__SRR12682296	SRR12682296	success	gene	EPSTEIN_HHV4_BFLF1	20742.0	20742.0	0.0	match
SRR12682296__SRR12682296	SRR12682296	success	gene	EPSTEIN_HHV4_BFLF2	20410.0	20410.0	0.0	match
SRR12682296__SRR12682296	SRR12682296	success	gene	EPSTEIN_HHV4_BFRF1	36212.749999999956	36212.74999999999	-3.637978807091713e-11	match
SRR12682296__SRR12682296	SRR12682296	success	gene	EPSTEIN_HHV4_BFRF1A	36570.74999999994	36570.74999999999	-5.093170329928398e-11	match
SRR12682296__SRR12682296	SRR12682296	success	gene	EPSTEIN_HHV4_BFRF2	35902.74999999996	35902.74999999999	-2.9103830456733704e-11	match
SRR12682296__SRR12682296	SRR12682296	success	gene	EPSTEIN_HHV4_BFRF3	35143.75	35143.75	0.0	match
SRR12682296__SRR12682296	SRR12682296	success	gene	EPSTEIN_HHV4_BGLF1	5959.083333333335	5959.083333333331	3.637978807091713e-12	match
SRR12682296__SRR12682296	SRR12682296	success	gene	EPSTEIN_HHV4_BGLF2	5877.75	5877.75	0.0	match
SRR12682296__SRR12682296	SRR12682296	success	gene	EPSTEIN_HHV4_BGLF3	8517.949999999853	8517.95	-1.4733814168721437e-10	match
SRR12682296__SRR12682296	SRR12682296	success	gene	EPSTEIN_HHV4_BGLF3.5	8280.949999999828	8280.95	-1.7280399333685637e-10	match
SRR12682296__SRR12682296	SRR12682296	success	gene	EPSTEIN_HHV4_BGLF4	8218.44999999983	8218.45	-1.709850039333105e-10	match
SRR12682296__SRR12682296	SRR12682296	success	gene	EPSTEIN_HHV4_BGLF5	4791.44999999991	4791.449999999999	-8.913048077374697e-11	match
SRR12682296__SRR12682296	SRR12682296	success	gene	EPSTEIN_HHV4_BGRF1/BDRF1	3992.0	3992.0	0.0	match
SRR12682296__SRR12682296	SRR12682296	success	gene	EPSTEIN_HHV4_BHLF1	319129.5	319129.5	0.0	match
SRR12682296__SRR12682296	SRR12682296	success	gene	EPSTEIN_HHV4_BILF1	27.666666666666657	27.66666666666666	-3.552713678800501e-15	match
SRR12682296__SRR12682296	SRR12682296	success	gene	EPSTEIN_HHV4_BILF2	76749.0	76749.0	0.0	match
SRR12682296__SRR12682296	SRR12682296	success	gene	EPSTEIN_HHV4_BKRF2	41090.166666666366	41090.16666666667	-3.055902197957039e-10	match
SRR12682296__SRR12682296	SRR12682296	success	gene	EPSTEIN_HHV4_BKRF3	41013.16666666636	41013.16666666667	-3.128661774098873e-10	match
SRR12682296__SRR12682296	SRR12682296	success	gene	EPSTEIN_HHV4_BKRF4	40594.666666666315	40594.666666666664	-3.4924596548080444e-10	match
SRR12682296__SRR12682296	SRR12682296	success	gene	EPSTEIN_HHV4_BLLF1	10916.0	10916.0	0.0	match
SRR12682296__SRR12682296	SRR12682296	success	gene	EPSTEIN_HHV4_BLLF2	9103.0	9103.0	0.0	match
SRR12682296__SRR12682296	SRR12682296	success	gene	EPSTEIN_HHV4_BLLF3	34932.0	34932.0	0.0	match
SRR12682296__SRR12682296	SRR12682296	success	gene	EPSTEIN_HHV4_BLRF1	76346.5	76346.5	0.0	match
SRR12682296__SRR12682296	SRR12682296	success	gene	EPSTEIN_HHV4_BLRF2	75770.5	75770.5	0.0	match
SRR12682296__SRR12682296	SRR12682296	success	gene	EPSTEIN_HHV4_BMRF1	43688.16666666666	43688.16666666652	1.382431946694851e-10	match
SRR12682296__SRR12682296	SRR12682296	success	gene	EPSTEIN_HHV4_BMRF2	43334.66666666664	43334.666666666504	1.382431946694851e-10	match
SRR12682296__SRR12682296	SRR12682296	success	gene	EPSTEIN_HHV4_BNLF2a	46547.333333334	46547.33333333331	6.912159733474255e-10	match
SRR12682296__SRR12682296	SRR12682296	success	gene	EPSTEIN_HHV4_BNLF2b	42124.33333333329	42124.33333333334	-5.093170329928398e-11	match
SRR12682296__SRR12682296	SRR12682296	success	gene	EPSTEIN_HHV4_BNRF1	3542.6666666666847	3542.666666666668	1.6825651982799172e-11	match
SRR12682296__SRR12682296	SRR12682296	success	gene	EPSTEIN_HHV4_BOLF1	1394.0	1394.0	0.0	match
SRR12682296__SRR12682296	SRR12682296	success	gene	EPSTEIN_HHV4_BORF1	25096.999999999975	25097.000000000004	-2.9103830456733704e-11	match
SRR12682296__SRR12682296	SRR12682296	success	gene	EPSTEIN_HHV4_BORF2	24699.99999999998	24700.0	-1.8189894035458565e-11	match
SRR12682296__SRR12682296	SRR12682296	success	gene	EPSTEIN_HHV4_BPLF1	1351.0	1351.0	0.0	match
SRR12682296__SRR12682296	SRR12682296	success	gene	EPSTEIN_HHV4_BRLF1	9106.5	9106.5	0.0	match
SRR12682296__SRR12682296	SRR12682296	success	gene	EPSTEIN_HHV4_BRRF1	14604.0	14604.0	0.0	match
SRR12682296__SRR12682296	SRR12682296	success	gene	EPSTEIN_HHV4_BRRF2	21147.0	21147.0	0.0	match
SRR12682296__SRR12682296	SRR12682296	success	gene	EPSTEIN_HHV4_BSLF1	24822.5	24822.5	0.0	match
SRR12682296__SRR12682296	SRR12682296	success	gene	EPSTEIN_HHV4_BSLF2/BMLF1	24610.5	24610.5	0.0	match
SRR12682296__SRR12682296	SRR12682296	success	gene	EPSTEIN_HHV4_BSRF1	11333.0	11333.0	0.0	match
SRR12682296__SRR12682296	SRR12682296	success	gene	EPSTEIN_HHV4_BTRF1	2470.0	2470.0	0.0	match
SRR12682296__SRR12682296	SRR12682296	success	gene	EPSTEIN_HHV4_BVLF1	3348.0	3348.0	0.0	match
SRR12682296__SRR12682296	SRR12682296	success	gene	EPSTEIN_HHV4_BVRF1	1082.0	1082.0	0.0	match
SRR12682296__SRR12682296	SRR12682296	success	gene	EPSTEIN_HHV4_BVRF2	16291.0	16291.0	0.0	match
SRR12682296__SRR12682296	SRR12682296	success	gene	EPSTEIN_HHV4_BWRF1.1	20.125	20.125	0.0	match
SRR12682296__SRR12682296	SRR12682296	success	gene	EPSTEIN_HHV4_BWRF1.2	20.125	20.125	0.0	match
SRR12682296__SRR12682296	SRR12682296	success	gene	EPSTEIN_HHV4_BWRF1.3	20.125	20.125	0.0	match
SRR12682296__SRR12682296	SRR12682296	success	gene	EPSTEIN_HHV4_BWRF1.4	20.125	20.125	0.0	match
SRR12682296__SRR12682296	SRR12682296	success	gene	EPSTEIN_HHV4_BWRF1.5	20.125	20.125	0.0	match
SRR12682296__SRR12682296	SRR12682296	success	gene	EPSTEIN_HHV4_BWRF1.6	20.125	20.125	0.0	match
SRR12682296__SRR12682296	SRR12682296	success	gene	EPSTEIN_HHV4_BWRF1.7	20.125	20.125	0.0	match
SRR12682296__SRR12682296	SRR12682296	success	gene	EPSTEIN_HHV4_BWRF1.8	20.125	20.125	0.0	match
SRR12682296__SRR12682296	SRR12682296	success	gene	EPSTEIN_HHV4_BXLF1	3994.5	3994.5	0.0	match
SRR12682296__SRR12682296	SRR12682296	success	gene	EPSTEIN_HHV4_BXLF2	3809.5	3809.5	0.0	match
SRR12682296__SRR12682296	SRR12682296	success	gene	EPSTEIN_HHV4_BXRF1	1089.0	1089.0	0.0	match
SRR12682296__SRR12682296	SRR12682296	success	gene	EPSTEIN_HHV4_BZLF1	8679.5	8679.5	0.0	match
SRR12682296__SRR12682296	SRR12682296	success	gene	EPSTEIN_HHV4_BZLF2	2303.0	2303.0	0.0	match
SRR12682296__SRR12682296	SRR12682296	success	gene	EPSTEIN_HHV4_BaRF1.1	46722.1666666671	46722.16666666653	5.675246939063072e-10	match
SRR12682296__SRR12682296	SRR12682296	success	gene	EPSTEIN_HHV4_BcLF1	10065.0	10065.0	0.0	match
SRR12682296__SRR12682296	SRR12682296	success	gene	EPSTEIN_HHV4_BcRF1.2	2622.0	2622.0	0.0	match
SRR12682296__SRR12682296	SRR12682296	success	gene	EPSTEIN_HHV4_BdRF1	16208.0	16208.0	0.0	match
SRR12682296__SRR12682296	SRR12682296	success	gene	EPSTEIN_HHV4_EBNA-1.1	637.8666666666671	637.8666666666666	5.684341886080801e-13	match
SRR12682296__SRR12682296	SRR12682296	success	gene	EPSTEIN_HHV4_EBNA-1.2	476.79999999999984	476.79999999999984	0.0	match
SRR12682296__SRR12682296	SRR12682296	success	gene	EPSTEIN_HHV4_EBNA-2	3605.8999999999937	3605.899999999999	-5.4569682106375694e-12	match
SRR12682296__SRR12682296	SRR12682296	success	gene	EPSTEIN_HHV4_EBNA-3A	6153.6999999999925	6153.7000000000035	-1.0913936421275139e-11	match
SRR12682296__SRR12682296	SRR12682296	success	gene	EPSTEIN_HHV4_EBNA-3B/EBNA-3C	1845.233333333334	1845.2333333333327	1.3642420526593924e-12	match
SRR12682296__SRR12682296	SRR12682296	success	gene	EPSTEIN_HHV4_EBNA-LP	592.5000000000001	592.4999999999997	4.547473508864641e-13	match
SRR12682296__SRR12682296	SRR12682296	success	gene	EPSTEIN_HHV4_LF1	17.66666666666666	17.666666666666664	-3.552713678800501e-15	match
SRR12682296__SRR12682296	SRR12682296	success	gene	EPSTEIN_HHV4_LF2	1.3333333333333333	1.3333333333333333	0.0	match
SRR12682296__SRR12682296	SRR12682296	success	gene	EPSTEIN_HHV4_LF3	1327.5	1327.5	0.0	match
SRR12682296__SRR12682296	SRR12682296	success	gene	EPSTEIN_HHV4_LMP-1	47041.33333333407	47041.333333333314	7.566995918750763e-10	match
SRR12682296__SRR12682296	SRR12682296	success	gene	EPSTEIN_HHV4_LMP-2A	3099.6666666666747	3099.666666666668	6.821210263296962e-12	match
SRR12682296__SRR12682296	SRR12682296	success	gene	EPSTEIN_HHV4_LMP-2B	3060.666666666674	3060.666666666668	5.9117155615240335e-12	match
SRR12682296__SRR12682296	SRR12682296	success	gene	EPSTEIN_HHV4_RPMS1	5786.333333333323	5786.333333333332	-9.094947017729282e-12	match
SRR12682296__SRR12682296	SRR12682296	success	gene	EPSTEIN_unassigned_gene_1	32.0	32.0	0.0	match
SRR12682296__SRR12682296	SRR12682296	success	gene	EPSTEIN_unassigned_gene_2	232.0	232.0	0.0	match
SRR12682296__SRR12682296	SRR12682296	success	gene	YABA_Ydvgp020	2.0	2.0	0.0	match
SRR12682296__SRR12682296	SRR12682296	success	virus	Epstein-Barr virus	1792860.0000000007	1792859.9999999993	1.3969838619232178e-09	match
SRR12682296__SRR12682296	SRR12682296	success	virus	Yaba-like disease virus	2.0	2.0	0.0	match
SRR12682296__SRR12682296	SRR12682296	success	total	total_viral_load	1792862.0000000007	1792861.9999999993	1.3969838619232178e-09	match
SRR12682297__SRR12682297	SRR12682297	success	gene	EPSTEIN_HHV4_A73	1688.4999999999968	1688.5000000000002	-3.410605131648481e-12	match
SRR12682297__SRR12682297	SRR12682297	success	gene	EPSTEIN_HHV4_BALF1	2781.0	2781.0	0.0	match
SRR12682297__SRR12682297	SRR12682297	success	gene	EPSTEIN_HHV4_BALF2	1426.5	1426.5	0.0	match
SRR12682297__SRR12682297	SRR12682297	success	gene	EPSTEIN_HHV4_BALF3	2398.0	2398.0	0.0	match
SRR12682297__SRR12682297	SRR12682297	success	gene	EPSTEIN_HHV4_BALF4	1018.5	1018.5	0.0	match
SRR12682297__SRR12682297	SRR12682297	success	gene	EPSTEIN_HHV4_BALF5	136.66666666666666	136.66666666666666	0.0	match
SRR12682297__SRR12682297	SRR12682297	success	gene	EPSTEIN_HHV4_BARF0	1824.4999999999952	1824.5000000000002	-5.002220859751105e-12	match
SRR12682297__SRR12682297	SRR12682297	success	gene	EPSTEIN_HHV4_BARF1.2	4617.0	4617.0	0.0	match
SRR12682297__SRR12682297	SRR12682297	success	gene	EPSTEIN_HHV4_BBLF1	728.8000000000014	728.7999999999994	2.0463630789890885e-12	match
SRR12682297__SRR12682297	SRR12682297	success	gene	EPSTEIN_HHV4_BBLF2/BBLF3	2404.0	2404.0	0.0	match
SRR12682297__SRR12682297	SRR12682297	success	gene	EPSTEIN_HHV4_BBLF4	800.0	800.0	0.0	match
SRR12682297__SRR12682297	SRR12682297	success	gene	EPSTEIN_HHV4_BBRF1	545.0	545.0	0.0	match
SRR12682297__SRR12682297	SRR12682297	success	gene	EPSTEIN_HHV4_BBRF2	533.0	533.0	0.0	match
SRR12682297__SRR12682297	SRR12682297	success	gene	EPSTEIN_HHV4_BBRF3	6766.0	6766.0	0.0	match
SRR12682297__SRR12682297	SRR12682297	success	gene	EPSTEIN_HHV4_BCRF1.1	743.0	743.0	0.0	match
SRR12682297__SRR12682297	SRR12682297	success	gene	EPSTEIN_HHV4_BDLF1	3129.3333333333485	3129.3333333333344	1.4097167877480388e-11	match
SRR12682297__SRR12682297	SRR12682297	success	gene	EPSTEIN_HHV4_BDLF2	2741.833333333346	2741.8333333333344	1.1823431123048067e-11	match
SRR12682297__SRR12682297	SRR12682297	success	gene	EPSTEIN_HHV4_BDLF3	2599.333333333342	2599.3333333333326	9.549694368615746e-12	match
SRR12682297__SRR12682297	SRR12682297	success	gene	EPSTEIN_HHV4_BDLF3.5	855.1666666666667	855.1666666666666	1.1368683772161603e-13	match
SRR12682297__SRR12682297	SRR12682297	success	gene	EPSTEIN_HHV4_BDLF4	853.1666666666667	853.1666666666666	1.1368683772161603e-13	match
SRR12682297__SRR12682297	SRR12682297	success	gene	EPSTEIN_HHV4_BFLF1	1641.0	1641.0	0.0	match
SRR12682297__SRR12682297	SRR12682297	success	gene	EPSTEIN_HHV4_BFLF2	1620.0	1620.0	0.0	match
SRR12682297__SRR12682297	SRR12682297	success	gene	EPSTEIN_HHV4_BFRF1	2931.250000000001	2931.25	9.094947017729282e-13	match
SRR12682297__SRR12682297	SRR12682297	success	gene	EPSTEIN_HHV4_BFRF1A	2966.250000000001	2966.2500000000005	4.547473508864641e-13	match
SRR12682297__SRR12682297	SRR12682297	success	gene	EPSTEIN_HHV4_BFRF2	2908.250000000001	2908.25	9.094947017729282e-13	match
SRR12682297__SRR12682297	SRR12682297	success	gene	EPSTEIN_HHV4_BFRF3	2858.25	2858.25	0.0	match
SRR12682297__SRR12682297	SRR12682297	success	gene	EPSTEIN_HHV4_BGLF1	849.6666666666667	849.6666666666666	1.1368683772161603e-13	match
SRR12682297__SRR12682297	SRR12682297	success	gene	EPSTEIN_HHV4_BGLF2	837.0	837.0	0.0	match
SRR12682297__SRR12682297	SRR12682297	success	gene	EPSTEIN_HHV4_BGLF3	996.3000000000037	996.2999999999995	4.206412995699793e-12	match
SRR12682297__SRR12682297	SRR12682297	success	gene	EPSTEIN_HHV4_BGLF3.5	983.3000000000038	983.2999999999995	4.320099833421409e-12	match
SRR12682297__SRR12682297	SRR12682297	success	gene	EPSTEIN_HHV4_BGLF4	979.3000000000037	979.2999999999995	4.206412995699793e-12	match
SRR12682297__SRR12682297	SRR12682297	success	gene	EPSTEIN_HHV4_BGLF5	775.3000000000018	775.2999999999995	2.2737367544323206e-12	match
SRR12682297__SRR12682297	SRR12682297	success	gene	EPSTEIN_HHV4_BGRF1/BDRF1	925.0	925.0	0.0	match
SRR12682297__SRR12682297	SRR12682297	success	gene	EPSTEIN_HHV4_BHLF1	44718.0	44718.0	0.0	match
SRR12682297__SRR12682297	SRR12682297	success	gene	EPSTEIN_HHV4_BILF1	571.6666666666667	571.6666666666666	1.1368683772161603e-13	match
SRR12682297__SRR12682297	SRR12682297	success	gene	EPSTEIN_HHV4_BILF2	13604.0	13604.0	0.0	match
SRR12682297__SRR12682297	SRR12682297	success	gene	EPSTEIN_HHV4_BKRF2	6587.833333333296	6587.83333333333	-3.456079866737127e-11	match
SRR12682297__SRR12682297	SRR12682297	success	gene	EPSTEIN_HHV4_BKRF3	6545.833333333296	6545.83333333333	-3.456079866737127e-11	match
SRR12682297__SRR12682297	SRR12682297	success	gene	EPSTEIN_HHV4_BKRF4	6484.333333333296	6484.33333333333	-3.456079866737127e-11	match
SRR12682297__SRR12682297	SRR12682297	success	gene	EPSTEIN_HHV4_BLLF1	2387.0	2387.0	0.0	match
SRR12682297__SRR12682297	SRR12682297	success	gene	EPSTEIN_HHV4_BLLF2	2206.0	2206.0	0.0	match
SRR12682297__SRR12682297	SRR12682297	success	gene	EPSTEIN_HHV4_BLLF3	2859.0	2859.0	0.0	match
SRR12682297__SRR12682297	SRR12682297	success	gene	EPSTEIN_HHV4_BLRF1	8566.5	8566.5	0.0	match
SRR12682297__SRR12682297	SRR12682297	success	gene	EPSTEIN_HHV4_BLRF2	8527.5	8527.5	0.0	match
SRR12682297__SRR12682297	SRR12682297	success	gene	EPSTEIN_HHV4_BMRF1	3463.166666666688	3463.166666666668	2.000888343900442e-11	match
SRR12682297__SRR12682297	SRR12682297	success	gene	EPSTEIN_HHV4_BMRF2	3442.666666666688	3442.666666666668	2.000888343900442e-11	match
SRR12682297__SRR12682297	SRR12682297	success	gene	EPSTEIN_HHV4_BNLF2a	13269.166666666617	13269.16666666657	4.729372449219227e-11	match
SRR12682297__SRR12682297	SRR12682297	success	gene	EPSTEIN_HHV4_BNLF2b	12428.666666666622	12428.666666666579	4.3655745685100555e-11	match
SRR12682297__SRR12682297	SRR12682297	success	gene	EPSTEIN_HHV4_BNRF1	352.66666666666646	352.66666666666663	-1.7053025658242404e-13	match
SRR12682297__SRR12682297	SRR12682297	success	gene	EPSTEIN_HHV4_BOLF1	162.0	162.0	0.0	match
SRR12682297__SRR12682297	SRR12682297	success	gene	EPSTEIN_HHV4_BORF1	1455.4999999999998	1455.4999999999998	0.0	match
SRR12682297__SRR12682297	SRR12682297	success	gene	EPSTEIN_HHV4_BORF2	1425.4999999999998	1425.4999999999998	0.0	match
SRR12682297__SRR12682297	SRR12682297	success	gene	EPSTEIN_HHV4_BPLF1	162.0	162.0	0.0	match
SRR12682297__SRR12682297	SRR12682297	success	gene	EPSTEIN_HHV4_BRLF1	1731.5	1731.5	0.0	match
SRR12682297__SRR12682297	SRR12682297	success	gene	EPSTEIN_HHV4_BRRF1	1551.0	1551.0	0.0	match
SRR12682297__SRR12682297	SRR12682297	success	gene	EPSTEIN_HHV4_BRRF2	1891.0	1891.0	0.0	match
SRR12682297__SRR12682297	SRR12682297	success	gene	EPSTEIN_HHV4_BSLF1	3820.0	3820.0	0.0	match
SRR12682297__SRR12682297	SRR12682297	success	gene	EPSTEIN_HHV4_BSLF2/BMLF1	3817.0	3817.0	0.0	match
SRR12682297__SRR12682297	SRR12682297	success	gene	EPSTEIN_HHV4_BSRF1	1359.0	1359.0	0.0	match
SRR12682297__SRR12682297	SRR12682297	success	gene	EPSTEIN_HHV4_BTRF1	622.0	622.0	0.0	match
SRR12682297__SRR12682297	SRR12682297	success	gene	EPSTEIN_HHV4_BVLF1	723.0	723.0	0.0	match
SRR12682297__SRR12682297	SRR12682297	success	gene	EPSTEIN_HHV4_BVRF1	237.5	237.5	0.0	match
SRR12682297__SRR12682297	SRR12682297	success	gene	EPSTEIN_HHV4_BVRF2	4469.0	4469.0	0.0	match
SRR12682297__SRR12682297	SRR12682297	success	gene	EPSTEIN_HHV4_BWRF1.1	4.625	4.625	0.0	match
SRR12682297__SRR12682297	SRR12682297	success	gene	EPSTEIN_HHV4_BWRF1.2	4.625	4.625	0.0	match
SRR12682297__SRR12682297	SRR12682297	success	gene	EPSTEIN_HHV4_BWRF1.3	4.625	4.625	0.0	match
SRR12682297__SRR12682297	SRR12682297	success	gene	EPSTEIN_HHV4_BWRF1.4	4.625	4.625	0.0	match
SRR12682297__SRR12682297	SRR12682297	success	gene	EPSTEIN_HHV4_BWRF1.5	4.625	4.625	0.0	match
SRR12682297__SRR12682297	SRR12682297	success	gene	EPSTEIN_HHV4_BWRF1.6	4.625	4.625	0.0	match
SRR12682297__SRR12682297	SRR12682297	success	gene	EPSTEIN_HHV4_BWRF1.7	4.625	4.625	0.0	match
SRR12682297__SRR12682297	SRR12682297	success	gene	EPSTEIN_HHV4_BWRF1.8	4.625	4.625	0.0	match
SRR12682297__SRR12682297	SRR12682297	success	gene	EPSTEIN_HHV4_BXLF1	1298.0	1298.0	0.0	match
SRR12682297__SRR12682297	SRR12682297	success	gene	EPSTEIN_HHV4_BXLF2	1215.0	1215.0	0.0	match
SRR12682297__SRR12682297	SRR12682297	success	gene	EPSTEIN_HHV4_BXRF1	239.5	239.5	0.0	match
SRR12682297__SRR12682297	SRR12682297	success	gene	EPSTEIN_HHV4_BZLF1	1701.5	1701.5	0.0	match
SRR12682297__SRR12682297	SRR12682297	success	gene	EPSTEIN_HHV4_BZLF2	568.0	568.0	0.0	match
SRR12682297__SRR12682297	SRR12682297	success	gene	EPSTEIN_HHV4_BaRF1.1	3644.1666666666883	3644.1666666666683	2.000888343900442e-11	match
SRR12682297__SRR12682297	SRR12682297	success	gene	EPSTEIN_HHV4_BcLF1	2531.5	2531.5	0.0	match
SRR12682297__SRR12682297	SRR12682297	success	gene	EPSTEIN_HHV4_BcRF1.2	628.0	628.0	0.0	match
SRR12682297__SRR12682297	SRR12682297	success	gene	EPSTEIN_HHV4_BdRF1	4463.0	4463.0	0.0	match
SRR12682297__SRR12682297	SRR12682297	success	gene	EPSTEIN_HHV4_EBNA-1.1	161.38333333333333	161.38333333333333	0.0	match
SRR12682297__SRR12682297	SRR12682297	success	gene	EPSTEIN_HHV4_EBNA-1.2	94.7	94.7	0.0	match
SRR12682297__SRR12682297	SRR12682297	success	gene	EPSTEIN_HHV4_EBNA-2	3866.599999999996	3866.5999999999985	-2.7284841053187847e-12	match
SRR12682297__SRR12682297	SRR12682297	success	gene	EPSTEIN_HHV4_EBNA-3A	862.8833333333333	862.8833333333334	-1.1368683772161603e-13	match
SRR12682297__SRR12682297	SRR12682297	success	gene	EPSTEIN_HHV4_EBNA-3B/EBNA-3C	526.4333333333328	526.433333333333	-2.2737367544323206e-13	match
SRR12682297__SRR12682297	SRR12682297	success	gene	EPSTEIN_HHV4_EBNA-LP	320.0	320.0	0.0	match
SRR12682297__SRR12682297	SRR12682297	success	gene	EPSTEIN_HHV4_LF1	549.6666666666665	549.6666666666666	-1.1368683772161603e-13	match
SRR12682297__SRR12682297	SRR12682297	success	gene	EPSTEIN_HHV4_LF2	467.99999999999955	468.0	-4.547473508864641e-13	match
SRR12682297__SRR12682297	SRR12682297	success	gene	EPSTEIN_HHV4_LF3	4148.0	4148.0	0.0	match
SRR12682297__SRR12682297	SRR12682297	success	gene	EPSTEIN_HHV4_LMP-1	13381.166666666615	13381.166666666568	4.729372449219227e-11	match
SRR12682297__SRR12682297	SRR12682297	success	gene	EPSTEIN_HHV4_LMP-2A	324.6666666666665	324.66666666666663	-1.1368683772161603e-13	match
SRR12682297__SRR12682297	SRR12682297	success	gene	EPSTEIN_HHV4_LMP-2B	320.6666666666666	320.6666666666667	-1.1368683772161603e-13	match
SRR12682297__SRR12682297	SRR12682297	success	gene	EPSTEIN_HHV4_RPMS1	1719.999999999996	1720.0000000000002	-4.320099833421409e-12	match
SRR12682297__SRR12682297	SRR12682297	success	gene	EPSTEIN_unassigned_gene_1	2.0	2.0	0.0	match
SRR12682297__SRR12682297	SRR12682297	success	gene	EPSTEIN_unassigned_gene_2	22.0	22.0	0.0	match
SRR12682297__SRR12682297	SRR12682297	success	virus	Epstein-Barr virus	262393.9999999998	262393.9999999997	1.1641532182693481e-10	match
SRR12682297__SRR12682297	SRR12682297	success	total	total_viral_load	262393.9999999998	262393.9999999997	1.1641532182693481e-10	match
SRR12682298__SRR12682298	SRR12682298	success	gene	CERC_HERP_CeHV2gUL24	2.5	2.5	0.0	match
SRR12682298__SRR12682298	SRR12682298	success	gene	CERC_HERP_CeHV2gUL25	2.5	2.5	0.0	match
SRR12682298__SRR12682298	SRR12682298	success	gene	EPSTEIN_HHV4_A73	3070.333333333355	3070.333333333333	2.1827872842550278e-11	match
SRR12682298__SRR12682298	SRR12682298	success	gene	EPSTEIN_HHV4_BALF1	48.0	48.0	0.0	match
SRR12682298__SRR12682298	SRR12682298	success	gene	EPSTEIN_HHV4_BALF2	7.5	7.5	0.0	match
SRR12682298__SRR12682298	SRR12682298	success	gene	EPSTEIN_HHV4_BALF3	132.0	132.0	0.0	match
SRR12682298__SRR12682298	SRR12682298	success	gene	EPSTEIN_HHV4_BALF4	20.5	20.5	0.0	match
SRR12682298__SRR12682298	SRR12682298	success	gene	EPSTEIN_HHV4_BALF5	97.66666666666667	97.66666666666666	1.4210854715202004e-14	match
SRR12682298__SRR12682298	SRR12682298	success	gene	EPSTEIN_HHV4_BARF0	3340.83333333336	3340.833333333333	2.6830093702301383e-11	match
SRR12682298__SRR12682298	SRR12682298	success	gene	EPSTEIN_HHV4_BARF1.2	25.0	25.0	0.0	match
SRR12682298__SRR12682298	SRR12682298	success	gene	EPSTEIN_HHV4_BBLF1	1.2000000000000002	1.2000000000000002	0.0	match
SRR12682298__SRR12682298	SRR12682298	success	gene	EPSTEIN_HHV4_BBLF2/BBLF3	9.0	9.0	0.0	match
SRR12682298__SRR12682298	SRR12682298	success	gene	EPSTEIN_HHV4_BBLF4	3.0	3.0	0.0	match
SRR12682298__SRR12682298	SRR12682298	success	gene	EPSTEIN_HHV4_BBRF1	15.0	15.0	0.0	match
SRR12682298__SRR12682298	SRR12682298	success	gene	EPSTEIN_HHV4_BBRF2	3.0	3.0	0.0	match
SRR12682298__SRR12682298	SRR12682298	success	gene	EPSTEIN_HHV4_BBRF3	40.0	40.0	0.0	match
SRR12682298__SRR12682298	SRR12682298	success	gene	EPSTEIN_HHV4_BCRF1.1	13.0	13.0	0.0	match
SRR12682298__SRR12682298	SRR12682298	success	gene	EPSTEIN_HHV4_BDLF1	23.5	23.5	0.0	match
SRR12682298__SRR12682298	SRR12682298	success	gene	EPSTEIN_HHV4_BDLF2	3.5	3.5	0.0	match
SRR12682298__SRR12682298	SRR12682298	success	gene	EPSTEIN_HHV4_BDLF3	1.9999999999999998	1.9999999999999998	0.0	match
SRR12682298__SRR12682298	SRR12682298	success	gene	EPSTEIN_HHV4_BDLF3.5	1.9166666666666665	1.9166666666666665	0.0	match
SRR12682298__SRR12682298	SRR12682298	success	gene	EPSTEIN_HHV4_BDLF4	1.9166666666666665	1.9166666666666665	0.0	match
SRR12682298__SRR12682298	SRR12682298	success	gene	EPSTEIN_HHV4_BFLF1	6.0	6.0	0.0	match
SRR12682298__SRR12682298	SRR12682298	success	gene	EPSTEIN_HHV4_BFLF2	6.0	6.0	0.0	match
SRR12682298__SRR12682298	SRR12682298	success	gene	EPSTEIN_HHV4_BFRF1	10.916666666666668	10.916666666666668	0.0	match
SRR12682298__SRR12682298	SRR12682298	success	gene	EPSTEIN_HHV4_BFRF1A	16.916666666666668	16.916666666666668	0.0	match
SRR12682298__SRR12682298	SRR12682298	success	gene	EPSTEIN_HHV4_BFRF2	6.916666666666666	6.916666666666666	0.0	match
SRR12682298__SRR12682298	SRR12682298	success	gene	EPSTEIN_HHV4_BFRF3	5.25	5.25	0.0	match
SRR12682298__SRR12682298	SRR12682298	success	gene	EPSTEIN_HHV4_BGLF1	1.9166666666666665	1.9166666666666665	0.0	match
SRR12682298__SRR12682298	SRR12682298	success	gene	EPSTEIN_HHV4_BGLF2	1.25	1.25	0.0	match
SRR12682298__SRR12682298	SRR12682298	success	gene	EPSTEIN_HHV4_BGLF3	9.366666666666669	9.366666666666669	0.0	match
SRR12682298__SRR12682298	SRR12682298	success	gene	EPSTEIN_HHV4_BGLF3.5	3.366666666666667	3.366666666666667	0.0	match
SRR12682298__SRR12682298	SRR12682298	success	gene	EPSTEIN_HHV4_BGLF4	3.366666666666667	3.366666666666667	0.0	match
SRR12682298__SRR12682298	SRR12682298	success	gene	EPSTEIN_HHV4_BGLF5	1.7000000000000002	1.7000000000000002	0.0	match
SRR12682298__SRR12682298	SRR12682298	success	gene	EPSTEIN_HHV4_BGRF1/BDRF1	23.0	23.0	0.0	match
SRR12682298__SRR12682298	SRR12682298	success	gene	EPSTEIN_HHV4_BHLF1	22.0	22.0	0.0	match
SRR12682298__SRR12682298	SRR12682298	success	gene	EPSTEIN_HHV4_BILF1	1.6666666666666665	1.6666666666666665	0.0	match
SRR12682298__SRR12682298	SRR12682298	success	gene	EPSTEIN_HHV4_BILF2	22.0	22.0	0.0	match
SRR12682298__SRR12682298	SRR12682298	success	gene	EPSTEIN_HHV4_BKRF2	28.166666666666664	28.166666666666668	-3.552713678800501e-15	match
SRR12682298__SRR12682298	SRR12682298	success	gene	EPSTEIN_HHV4_BKRF3	21.166666666666668	21.16666666666667	-3.552713678800501e-15	match
SRR12682298__SRR12682298	SRR12682298	success	gene	EPSTEIN_HHV4_BKRF4	18.666666666666668	18.666666666666668	0.0	match
SRR12682298__SRR12682298	SRR12682298	success	gene	EPSTEIN_HHV4_BLLF3	9.0	9.0	0.0	match
SRR12682298__SRR12682298	SRR12682298	success	gene	EPSTEIN_HHV4_BLRF1	32.5	32.5	0.0	match
SRR12682298__SRR12682298	SRR12682298	success	gene	EPSTEIN_HHV4_BLRF2	32.5	32.5	0.0	match
SRR12682298__SRR12682298	SRR12682298	success	gene	EPSTEIN_HHV4_BMRF1	23.333333333333325	23.33333333333334	-1.4210854715202004e-14	match
SRR12682298__SRR12682298	SRR12682298	success	gene	EPSTEIN_HHV4_BMRF2	22.333333333333325	22.33333333333334	-1.4210854715202004e-14	match
SRR12682298__SRR12682298	SRR12682298	success	gene	EPSTEIN_HHV4_BNLF2a	931.3333333333384	931.3333333333333	5.115907697472721e-12	match
SRR12682298__SRR12682298	SRR12682298	success	gene	EPSTEIN_HHV4_BNLF2b	873.3333333333376	873.3333333333331	4.433786671143025e-12	match
SRR12682298__SRR12682298	SRR12682298	success	gene	EPSTEIN_HHV4_BNRF1	345.666666666666	345.6666666666667	-6.821210263296962e-13	match
SRR12682298__SRR12682298	SRR12682298	success	gene	EPSTEIN_HHV4_BOLF1	2.5	2.5	0.0	match
SRR12682298__SRR12682298	SRR12682298	success	gene	EPSTEIN_HHV4_BORF1	21.5	21.5	0.0	match
SRR12682298__SRR12682298	SRR12682298	success	gene	EPSTEIN_HHV4_BORF2	19.5	19.5	0.0	match
SRR12682298__SRR12682298	SRR12682298	success	gene	EPSTEIN_HHV4_BPLF1	2.5	2.5	0.0	match
SRR12682298__SRR12682298	SRR12682298	success	gene	EPSTEIN_HHV4_BRLF1	135.5	135.5	0.0	match
SRR12682298__SRR12682298	SRR12682298	success	gene	EPSTEIN_HHV4_BRRF1	24.0	24.0	0.0	match
SRR12682298__SRR12682298	SRR12682298	success	gene	EPSTEIN_HHV4_BRRF2	106.0	106.0	0.0	match
SRR12682298__SRR12682298	SRR12682298	success	gene	EPSTEIN_HHV4_BSLF1	45.0	45.0	0.0	match
SRR12682298__SRR12682298	SRR12682298	success	gene	EPSTEIN_HHV4_BSLF2/BMLF1	41.0	41.0	0.0	match
SRR12682298__SRR12682298	SRR12682298	success	gene	EPSTEIN_HHV4_BSRF1	31.0	31.0	0.0	match
SRR12682298__SRR12682298	SRR12682298	success	gene	EPSTEIN_HHV4_BTRF1	6.5	6.5	0.0	match
SRR12682298__SRR12682298	SRR12682298	success	gene	EPSTEIN_HHV4_BVLF1	2.0	2.0	0.0	match
SRR12682298__SRR12682298	SRR12682298	success	gene	EPSTEIN_HHV4_BVRF1	2.5	2.5	0.0	match
SRR12682298__SRR12682298	SRR12682298	success	gene	EPSTEIN_HHV4_BVRF2	33.5	33.5	0.0	match
SRR12682298__SRR12682298	SRR12682298	success	gene	EPSTEIN_HHV4_BWRF1.1	45.0	45.0	0.0	match
SRR12682298__SRR12682298	SRR12682298	success	gene	EPSTEIN_HHV4_BWRF1.2	45.0	45.0	0.0	match
SRR12682298__SRR12682298	SRR12682298	success	gene	EPSTEIN_HHV4_BWRF1.3	45.0	45.0	0.0	match
SRR12682298__SRR12682298	SRR12682298	success	gene	EPSTEIN_HHV4_BWRF1.4	45.0	45.0	0.0	match
SRR12682298__SRR12682298	SRR12682298	success	gene	EPSTEIN_HHV4_BWRF1.5	45.0	45.0	0.0	match
SRR12682298__SRR12682298	SRR12682298	success	gene	EPSTEIN_HHV4_BWRF1.6	45.0	45.0	0.0	match
SRR12682298__SRR12682298	SRR12682298	success	gene	EPSTEIN_HHV4_BWRF1.7	45.0	45.0	0.0	match
SRR12682298__SRR12682298	SRR12682298	success	gene	EPSTEIN_HHV4_BWRF1.8	45.0	45.0	0.0	match
SRR12682298__SRR12682298	SRR12682298	success	gene	EPSTEIN_HHV4_BXLF1	2.5	2.5	0.0	match
SRR12682298__SRR12682298	SRR12682298	success	gene	EPSTEIN_HHV4_BXLF2	2.5	2.5	0.0	match
SRR12682298__SRR12682298	SRR12682298	success	gene	EPSTEIN_HHV4_BXRF1	2.5	2.5	0.0	match
SRR12682298__SRR12682298	SRR12682298	success	gene	EPSTEIN_HHV4_BZLF1	129.5	129.5	0.0	match
SRR12682298__SRR12682298	SRR12682298	success	gene	EPSTEIN_HHV4_BZLF2	11.0	11.0	0.0	match
SRR12682298__SRR12682298	SRR12682298	success	gene	EPSTEIN_HHV4_BaRF1.1	32.33333333333331	32.33333333333332	-1.4210854715202004e-14	match
SRR12682298__SRR12682298	SRR12682298	success	gene	EPSTEIN_HHV4_BcLF1	14.0	14.0	0.0	match
SRR12682298__SRR12682298	SRR12682298	success	gene	EPSTEIN_HHV4_BcRF1.2	11.5	11.5	0.0	match
SRR12682298__SRR12682298	SRR12682298	success	gene	EPSTEIN_HHV4_BdRF1	33.5	33.5	0.0	match
SRR12682298__SRR12682298	SRR12682298	success	gene	EPSTEIN_HHV4_EBNA-1.1	1370.3666666666732	1370.3666666666668	6.366462912410498e-12	match
SRR12682298__SRR12682298	SRR12682298	success	gene	EPSTEIN_HHV4_EBNA-1.2	813.2	813.2	0.0	match
SRR12682298__SRR12682298	SRR12682298	success	gene	EPSTEIN_HHV4_EBNA-2	5940.999999999988	5941.0	-1.1823431123048067e-11	match
SRR12682298__SRR12682298	SRR12682298	success	gene	EPSTEIN_HHV4_EBNA-3A	1031.7	1031.6999999999998	2.2737367544323206e-13	match
SRR12682298__SRR12682298	SRR12682298	success	gene	EPSTEIN_HHV4_EBNA-3B/EBNA-3C	2369.7333333333404	2369.733333333333	7.275957614183426e-12	match
SRR12682298__SRR12682298	SRR12682298	success	gene	EPSTEIN_HHV4_EBNA-LP	1152.9999999999977	1152.9999999999998	-2.0463630789890885e-12	match
SRR12682298__SRR12682298	SRR12682298	success	gene	EPSTEIN_HHV4_LMP-1	1163.3333333333328	1163.3333333333335	-6.821210263296962e-13	match
SRR12682298__SRR12682298	SRR12682298	success	gene	EPSTEIN_HHV4_LMP-2A	388.66666666666583	388.6666666666667	-8.526512829121202e-13	match
SRR12682298__SRR12682298	SRR12682298	success	gene	EPSTEIN_HHV4_LMP-2B	356.6666666666659	356.6666666666667	-7.958078640513122e-13	match
SRR12682298__SRR12682298	SRR12682298	success	gene	EPSTEIN_HHV4_RPMS1	3164.833333333357	3164.833333333333	2.4101609596982598e-11	match
SRR12682298__SRR12682298	SRR12682298	success	gene	EPSTEIN_unassigned_gene_1	89.0	89.0	0.0	match
SRR12682298__SRR12682298	SRR12682298	success	gene	EPSTEIN_unassigned_gene_2	2759.0	2759.0	0.0	match
SRR12682298__SRR12682298	SRR12682298	success	virus	Cercopithecine herpesvirus	5.0	5.0	0.0	match
SRR12682298__SRR12682298	SRR12682298	success	virus	Epstein-Barr virus	31011.333333333412	31011.333333333336	7.639755494892597e-11	match
SRR12682298__SRR12682298	SRR12682298	success	total	total_viral_load	31016.333333333412	31016.333333333336	7.639755494892597e-11	match
SRR6825024__SRR6825024	SRR6825024	success	gene	HUM_HERP1_HHV1gp00p39	2.0	2.0	0.0	match
SRR6825024__SRR6825024	SRR6825024	success	gene	HUM_HERP6B_B5	6.0	6.0	0.0	match
SRR6825024__SRR6825024	SRR6825024	success	gene	HUM_HERP8_HHV8GK18_gp81	6.0	6.0	0.0	match
SRR6825024__SRR6825024	SRR6825024	success	gene	MONKEYPOX_MPXV_gp132	2.0	2.0	0.0	match
SRR6825024__SRR6825024	SRR6825024	success	gene	MONKEYPOX_MPXV_gp171	2.0	2.0	0.0	match
SRR6825024__SRR6825024	SRR6825024	success	gene	VES_STOM_VSIVgp4	20.0	20.0	0.0	match
SRR6825024__SRR6825024	SRR6825024	success	virus	Human herpesvirus 1	2.0	2.0	0.0	match
SRR6825024__SRR6825024	SRR6825024	success	virus	Human herpesvirus 6b	6.0	6.0	0.0	match
SRR6825024__SRR6825024	SRR6825024	success	virus	Human herpesvirus 8	6.0	6.0	0.0	match
SRR6825024__SRR6825024	SRR6825024	success	virus	Monkeypox virus	4.0	4.0	0.0	match
SRR6825024__SRR6825024	SRR6825024	success	virus	Vesicular stomatitis virus	20.0	20.0	0.0	match
SRR6825024__SRR6825024	SRR6825024	success	total	total_viral_load	38.0	38.0	0.0	match
SRR6825025__SRR6825025	SRR6825025	success	gene	HUM_HERP1_HHV1gp00p39	2.0	2.0	0.0	match
SRR6825025__SRR6825025	SRR6825025	success	gene	HUM_HERP6B_B5	6.0	6.0	0.0	match
SRR6825025__SRR6825025	SRR6825025	success	gene	HUM_PARA_Hpv1gp08	2.0	2.0	0.0	match
SRR6825025__SRR6825025	SRR6825025	success	gene	MOLLU_MOCVgp001	2.0	2.0	0.0	match
SRR6825025__SRR6825025	SRR6825025	success	virus	Human herpesvirus 1	2.0	2.0	0.0	match
SRR6825025__SRR6825025	SRR6825025	success	virus	Human herpesvirus 6b	6.0	6.0	0.0	match
SRR6825025__SRR6825025	SRR6825025	success	virus	Human parainfluenza	2.0	2.0	0.0	match
SRR6825025__SRR6825025	SRR6825025	success	virus	Molluscum contagiosum virus	2.0	2.0	0.0	match
SRR6825025__SRR6825025	SRR6825025	success	total	total_viral_load	12.0	12.0	0.0	match
WS_SKN_KCL10525738__S1__L001__WS	WS_SKN_KCL10525738_S1_L001	success	gene	EPSTEIN_HHV4_EBNA-2	2.0	2.0	0.0	match
WS_SKN_KCL10525738__S1__L001__WS	WS_SKN_KCL10525738_S1_L001	success	virus	Epstein-Barr virus	2.0	2.0	0.0	match
WS_SKN_KCL10525738__S1__L001__WS	WS_SKN_KCL10525738_S1_L001	success	total	total_viral_load	2.0	2.0	0.0	match
WS_SKN_KCL10525738__S1__L002__WS	WS_SKN_KCL10525738_S1_L002	success	gene	EPSTEIN_HHV4_EBNA-2	2.0	2.0	0.0	match
WS_SKN_KCL10525738__S1__L002__WS	WS_SKN_KCL10525738_S1_L002	success	virus	Epstein-Barr virus	2.0	2.0	0.0	match
WS_SKN_KCL10525738__S1__L002__WS	WS_SKN_KCL10525738_S1_L002	success	total	total_viral_load	2.0	2.0	0.0	match
WS_SKN_KCL10525738__S2__L001__WS	WS_SKN_KCL10525738_S2_L001	success	gene	CERC_HERP_CeHV2gUL24	1.0292740046838404	1.0292740046838404	0.0	match
WS_SKN_KCL10525738__S2__L001__WS	WS_SKN_KCL10525738_S2_L001	success	gene	CERC_HERP_CeHV2gUL25	1.0292740046838404	1.0292740046838404	0.0	match
WS_SKN_KCL10525738__S2__L001__WS	WS_SKN_KCL10525738_S2_L001	success	gene	HUM_HERP6B_B5	2.0	2.0	0.0	match
WS_SKN_KCL10525738__S2__L001__WS	WS_SKN_KCL10525738_S2_L001	success	virus	Cercopithecine herpesvirus	2.058548009367681	2.058548009367681	0.0	match
WS_SKN_KCL10525738__S2__L001__WS	WS_SKN_KCL10525738_S2_L001	success	virus	Human herpesvirus 6b	2.0	2.0	0.0	match
WS_SKN_KCL10525738__S2__L001__WS	WS_SKN_KCL10525738_S2_L001	success	total	total_viral_load	4.058548009367681	4.058548009367681	0.0	match
WS_SKN_KCL10525738__S2__L002__WS	WS_SKN_KCL10525738_S2_L002	success	gene	EPSTEIN_HHV4_EBNA-2	2.0	2.0	0.0	match
WS_SKN_KCL10525738__S2__L002__WS	WS_SKN_KCL10525738_S2_L002	success	virus	Epstein-Barr virus	2.0	2.0	0.0	match
WS_SKN_KCL10525738__S2__L002__WS	WS_SKN_KCL10525738_S2_L002	success	total	total_viral_load	2.0	2.0	0.0	match
WS_SKN_KCL10525738__S3__L001__WS	WS_SKN_KCL10525738_S3_L001	success	gene	MOLLU_MOCVgp001	2.0	2.0	0.0	match
WS_SKN_KCL10525738__S3__L001__WS	WS_SKN_KCL10525738_S3_L001	success	virus	Molluscum contagiosum virus	2.0	2.0	0.0	match
WS_SKN_KCL10525738__S3__L001__WS	WS_SKN_KCL10525738_S3_L001	success	total	total_viral_load	2.0	2.0	0.0	match
WS_SKN_KCL10525738__S4__L001__WS	WS_SKN_KCL10525738_S4_L001	success	gene	CERC_HERP_CeHV2gUL24	1.354410616705697	1.3544106167056977	-6.661338147750939e-16	match
WS_SKN_KCL10525738__S4__L001__WS	WS_SKN_KCL10525738_S4_L001	success	gene	CERC_HERP_CeHV2gUL25	1.354410616705697	1.3544106167056977	-6.661338147750939e-16	match
WS_SKN_KCL10525738__S4__L001__WS	WS_SKN_KCL10525738_S4_L001	success	gene	HUM_HERP6B_B5	2.0	2.0	0.0	match
WS_SKN_KCL10525738__S4__L001__WS	WS_SKN_KCL10525738_S4_L001	success	virus	Cercopithecine herpesvirus	2.708821233411394	2.7088212334113955	-1.3322676295501878e-15	match
WS_SKN_KCL10525738__S4__L001__WS	WS_SKN_KCL10525738_S4_L001	success	virus	Human herpesvirus 6b	2.0	2.0	0.0	match
WS_SKN_KCL10525738__S4__L001__WS	WS_SKN_KCL10525738_S4_L001	success	total	total_viral_load	4.708821233411394	4.7088212334113955	-1.7763568394002505e-15	match
WS_SKN_KCL10525738__S4__L002__WS	WS_SKN_KCL10525738_S4_L002	success	total	total_viral_load	0.0			not_reported_no_calls
WS_SKN_KCL10525739__S1__L001__WS	WS_SKN_KCL10525739_S1_L001	success	gene	CERC_HERP_CeHV2gUL24	1.0226664436266302	1.0226664436266304	-2.220446049250313e-16	match
WS_SKN_KCL10525739__S1__L001__WS	WS_SKN_KCL10525739_S1_L001	success	gene	CERC_HERP_CeHV2gUL25	1.0226664436266302	1.0226664436266304	-2.220446049250313e-16	match
WS_SKN_KCL10525739__S1__L001__WS	WS_SKN_KCL10525739_S1_L001	success	gene	HUM_HERP6_HHV6_p23	3.0	3.0	0.0	match
WS_SKN_KCL10525739__S1__L001__WS	WS_SKN_KCL10525739_S1_L001	success	gene	HUM_HERP8_HHV8GK18_gp81	2.0	2.0	0.0	match
WS_SKN_KCL10525739__S1__L001__WS	WS_SKN_KCL10525739_S1_L001	success	virus	Cercopithecine herpesvirus	2.0453328872532603	2.045332887253261	-4.440892098500626e-16	match
WS_SKN_KCL10525739__S1__L001__WS	WS_SKN_KCL10525739_S1_L001	success	virus	Human herpesvirus 6	3.0	3.0	0.0	match
WS_SKN_KCL10525739__S1__L001__WS	WS_SKN_KCL10525739_S1_L001	success	virus	Human herpesvirus 8	2.0	2.0	0.0	match
WS_SKN_KCL10525739__S1__L001__WS	WS_SKN_KCL10525739_S1_L001	success	total	total_viral_load	7.04533288725326	7.045332887253261	-8.881784197001252e-16	match
WS_SKN_KCL10525739__S1__L002__WS	WS_SKN_KCL10525739_S1_L002	success	gene	CERC_HERP_CeHV2gUL24	1.035057838336526	1.0350578383365263	-2.220446049250313e-16	match
WS_SKN_KCL10525739__S1__L002__WS	WS_SKN_KCL10525739_S1_L002	success	gene	CERC_HERP_CeHV2gUL25	1.035057838336526	1.0350578383365263	-2.220446049250313e-16	match
WS_SKN_KCL10525739__S1__L002__WS	WS_SKN_KCL10525739_S1_L002	success	virus	Cercopithecine herpesvirus	2.070115676673052	2.0701156766730526	-4.440892098500626e-16	match
WS_SKN_KCL10525739__S1__L002__WS	WS_SKN_KCL10525739_S1_L002	success	total	total_viral_load	2.070115676673052	2.0701156766730526	-4.440892098500626e-16	match
WS_SKN_KCL10525739__S2__L001__WS	WS_SKN_KCL10525739_S2_L001	success	gene	HUM_HERP1_HHV1gp00p39	2.0	2.0	0.0	match
WS_SKN_KCL10525739__S2__L001__WS	WS_SKN_KCL10525739_S2_L001	success	gene	HUM_HERP6B_B5	2.0	2.0	0.0	match
WS_SKN_KCL10525739__S2__L001__WS	WS_SKN_KCL10525739_S2_L001	success	gene	HUM_HERP8_HHV8GK18_gp81	5.0	5.0	0.0	match
WS_SKN_KCL10525739__S2__L001__WS	WS_SKN_KCL10525739_S2_L001	success	virus	Human herpesvirus 1	2.0	2.0	0.0	match
WS_SKN_KCL10525739__S2__L001__WS	WS_SKN_KCL10525739_S2_L001	success	virus	Human herpesvirus 6b	2.0	2.0	0.0	match
WS_SKN_KCL10525739__S2__L001__WS	WS_SKN_KCL10525739_S2_L001	success	virus	Human herpesvirus 8	5.0	5.0	0.0	match
WS_SKN_KCL10525739__S2__L001__WS	WS_SKN_KCL10525739_S2_L001	success	total	total_viral_load	9.0	9.0	0.0	match
WS_SKN_KCL10525739__S3__L002__WS	WS_SKN_KCL10525739_S3_L002	success	total	total_viral_load	0.0			not_reported_no_calls
WS_SKN_KCL10525739__S4__L001__WS	WS_SKN_KCL10525739_S4_L001	success	gene	EPSTEIN_HHV4_EBNA-2	2.0	2.0	0.0	match
WS_SKN_KCL10525739__S4__L001__WS	WS_SKN_KCL10525739_S4_L001	success	gene	HUM_HERP1_HHV1gp00p39	2.0	2.0	0.0	match
WS_SKN_KCL10525739__S4__L001__WS	WS_SKN_KCL10525739_S4_L001	success	gene	HUM_HERP8_HHV8GK18_gp81	3.0	3.0	0.0	match
WS_SKN_KCL10525739__S4__L001__WS	WS_SKN_KCL10525739_S4_L001	success	gene	YABA_Ydvgp007	2.0	2.0	0.0	match
WS_SKN_KCL10525739__S4__L001__WS	WS_SKN_KCL10525739_S4_L001	success	virus	Epstein-Barr virus	2.0	2.0	0.0	match
WS_SKN_KCL10525739__S4__L001__WS	WS_SKN_KCL10525739_S4_L001	success	virus	Human herpesvirus 1	2.0	2.0	0.0	match
WS_SKN_KCL10525739__S4__L001__WS	WS_SKN_KCL10525739_S4_L001	success	virus	Human herpesvirus 8	3.0	3.0	0.0	match
WS_SKN_KCL10525739__S4__L001__WS	WS_SKN_KCL10525739_S4_L001	success	virus	Yaba-like disease virus	2.0	2.0	0.0	match
WS_SKN_KCL10525739__S4__L001__WS	WS_SKN_KCL10525739_S4_L001	success	total	total_viral_load	9.0	9.0	0.0	match
WS_SKN_KCL10525739__S4__L002__WS	WS_SKN_KCL10525739_S4_L002	success	gene	EPSTEIN_HHV4_EBNA-2	2.0	2.0	0.0	match
WS_SKN_KCL10525739__S4__L002__WS	WS_SKN_KCL10525739_S4_L002	success	gene	HUM_HERP6B_B4	2.0	2.0	0.0	match
WS_SKN_KCL10525739__S4__L002__WS	WS_SKN_KCL10525739_S4_L002	success	gene	MOLLU_MOCVgp001	2.0	2.0	0.0	match
WS_SKN_KCL10525739__S4__L002__WS	WS_SKN_KCL10525739_S4_L002	success	virus	Epstein-Barr virus	2.0	2.0	0.0	match
WS_SKN_KCL10525739__S4__L002__WS	WS_SKN_KCL10525739_S4_L002	success	virus	Human herpesvirus 6b	2.0	2.0	0.0	match
WS_SKN_KCL10525739__S4__L002__WS	WS_SKN_KCL10525739_S4_L002	success	virus	Molluscum contagiosum virus	2.0	2.0	0.0	match
WS_SKN_KCL10525739__S4__L002__WS	WS_SKN_KCL10525739_S4_L002	success	total	total_viral_load	6.0	6.0	0.0	match
WS_SKN_KCL10525740__S1__L002__WS	WS_SKN_KCL10525740_S1_L002	success	gene	HUM_HERP6B_B5	2.0	2.0	0.0	match
WS_SKN_KCL10525740__S1__L002__WS	WS_SKN_KCL10525740_S1_L002	success	virus	Human herpesvirus 6b	2.0	2.0	0.0	match
WS_SKN_KCL10525740__S1__L002__WS	WS_SKN_KCL10525740_S1_L002	success	total	total_viral_load	2.0	2.0	0.0	match
WS_SKN_KCL10525740__S2__L002__WS	WS_SKN_KCL10525740_S2_L002	success	gene	HUM_HERP6B_B5	2.0	2.0	0.0	match
WS_SKN_KCL10525740__S2__L002__WS	WS_SKN_KCL10525740_S2_L002	success	virus	Human herpesvirus 6b	2.0	2.0	0.0	match
WS_SKN_KCL10525740__S2__L002__WS	WS_SKN_KCL10525740_S2_L002	success	total	total_viral_load	2.0	2.0	0.0	match
WS_SKN_KCL10525740__S3__L002__WS	WS_SKN_KCL10525740_S3_L002	success	gene	CERC_HERP_CeHV2gUL24	1.0105386416861828	1.0105386416861828	0.0	match
WS_SKN_KCL10525740__S3__L002__WS	WS_SKN_KCL10525740_S3_L002	success	gene	CERC_HERP_CeHV2gUL25	1.0105386416861828	1.0105386416861828	0.0	match
WS_SKN_KCL10525740__S3__L002__WS	WS_SKN_KCL10525740_S3_L002	success	virus	Cercopithecine herpesvirus	2.0210772833723656	2.0210772833723656	0.0	match
WS_SKN_KCL10525740__S3__L002__WS	WS_SKN_KCL10525740_S3_L002	success	total	total_viral_load	2.0210772833723656	2.0210772833723656	0.0	match
WS_SKN_KCL10525740__S4__L002__WS	WS_SKN_KCL10525740_S4_L002	success	total	total_viral_load	0.0			not_reported_no_calls
WS_SKN_KCL10525741__S1__L001__WS	WS_SKN_KCL10525741_S1_L001	success	total	total_viral_load	0.0			not_reported_no_calls
WS_SKN_KCL10525741__S1__L002__WS	WS_SKN_KCL10525741_S1_L002	success	gene	CERC_HERP_CeHV2gUL24	1.3684621389539398	1.3684621389539406	-8.881784197001252e-16	match
WS_SKN_KCL10525741__S1__L002__WS	WS_SKN_KCL10525741_S1_L002	success	gene	CERC_HERP_CeHV2gUL25	1.3684621389539398	1.3684621389539406	-8.881784197001252e-16	match
WS_SKN_KCL10525741__S1__L002__WS	WS_SKN_KCL10525741_S1_L002	success	gene	EPSTEIN_HHV4_EBNA-2	2.0	2.0	0.0	match
WS_SKN_KCL10525741__S1__L002__WS	WS_SKN_KCL10525741_S1_L002	success	virus	Cercopithecine herpesvirus	2.7369242779078795	2.7369242779078813	-1.7763568394002505e-15	match
WS_SKN_KCL10525741__S1__L002__WS	WS_SKN_KCL10525741_S1_L002	success	virus	Epstein-Barr virus	2.0	2.0	0.0	match
WS_SKN_KCL10525741__S1__L002__WS	WS_SKN_KCL10525741_S1_L002	success	total	total_viral_load	4.73692427790788	4.736924277907882	-1.7763568394002505e-15	match
WS_SKN_KCL10525741__S2__L001__WS	WS_SKN_KCL10525741_S2_L001	success	gene	HUM_HERP8_HHV8GK18_gp81	2.0	2.0	0.0	match
WS_SKN_KCL10525741__S2__L001__WS	WS_SKN_KCL10525741_S2_L001	success	virus	Human herpesvirus 8	2.0	2.0	0.0	match
WS_SKN_KCL10525741__S2__L001__WS	WS_SKN_KCL10525741_S2_L001	success	total	total_viral_load	2.0	2.0	0.0	match
WS_SKN_KCL10525741__S2__L002__WS	WS_SKN_KCL10525741_S2_L002	success	total	total_viral_load	0.0			not_reported_no_calls
WS_SKN_KCL10525741__S3__L001__WS	WS_SKN_KCL10525741_S3_L001	success	total	total_viral_load	0.0			not_reported_no_calls
WS_SKN_KCL10525741__S3__L002__WS	WS_SKN_KCL10525741_S3_L002	success	total	total_viral_load	0.0			not_reported_no_calls
WS_SKN_KCL10525741__S4__L001__WS	WS_SKN_KCL10525741_S4_L001	success	gene	MOLLU_MOCVgp001	4.0	4.0	0.0	match
WS_SKN_KCL10525741__S4__L001__WS	WS_SKN_KCL10525741_S4_L001	success	virus	Molluscum contagiosum virus	4.0	4.0	0.0	match
WS_SKN_KCL10525741__S4__L001__WS	WS_SKN_KCL10525741_S4_L001	success	total	total_viral_load	4.0	4.0	0.0	match
WS_SKN_KCL10525741__S4__L002__WS	WS_SKN_KCL10525741_S4_L002	success	gene	EPSTEIN_HHV4_EBNA-2	2.0	2.0	0.0	match
WS_SKN_KCL10525741__S4__L002__WS	WS_SKN_KCL10525741_S4_L002	success	gene	HUM_HERP8_HHV8GK18_gp81	2.0	2.0	0.0	match
WS_SKN_KCL10525741__S4__L002__WS	WS_SKN_KCL10525741_S4_L002	success	virus	Epstein-Barr virus	2.0	2.0	0.0	match
WS_SKN_KCL10525741__S4__L002__WS	WS_SKN_KCL10525741_S4_L002	success	virus	Human herpesvirus 8	2.0	2.0	0.0	match
WS_SKN_KCL10525741__S4__L002__WS	WS_SKN_KCL10525741_S4_L002	success	total	total_viral_load	4.0	4.0	0.0	match
WS_SKN_KCL10525742__S1__L001__WS	WS_SKN_KCL10525742_S1_L001	success	total	total_viral_load	0.0			not_reported_no_calls
WS_SKN_KCL10525742__S1__L002__WS	WS_SKN_KCL10525742_S1_L002	success	gene	EPSTEIN_HHV4_EBNA-2	2.0	2.0	0.0	match
WS_SKN_KCL10525742__S1__L002__WS	WS_SKN_KCL10525742_S1_L002	success	gene	MOLLU_MOCVgp001	2.0	2.0	0.0	match
WS_SKN_KCL10525742__S1__L002__WS	WS_SKN_KCL10525742_S1_L002	success	virus	Epstein-Barr virus	2.0	2.0	0.0	match
WS_SKN_KCL10525742__S1__L002__WS	WS_SKN_KCL10525742_S1_L002	success	virus	Molluscum contagiosum virus	2.0	2.0	0.0	match
WS_SKN_KCL10525742__S1__L002__WS	WS_SKN_KCL10525742_S1_L002	success	total	total_viral_load	4.0	4.0	0.0	match
WS_SKN_KCL10525742__S2__L001__WS	WS_SKN_KCL10525742_S2_L001	success	gene	HUM_CYTO_HHV5wtgp048	2.0	2.0	0.0	match
WS_SKN_KCL10525742__S2__L001__WS	WS_SKN_KCL10525742_S2_L001	success	gene	HUM_HERP8_HHV8GK18_gp81	4.0	4.0	0.0	match
WS_SKN_KCL10525742__S2__L001__WS	WS_SKN_KCL10525742_S2_L001	success	virus	Human cytomegalovirus	2.0	2.0	0.0	match
WS_SKN_KCL10525742__S2__L001__WS	WS_SKN_KCL10525742_S2_L001	success	virus	Human herpesvirus 8	4.0	4.0	0.0	match
WS_SKN_KCL10525742__S2__L001__WS	WS_SKN_KCL10525742_S2_L001	success	total	total_viral_load	6.0	6.0	0.0	match
WS_SKN_KCL10525742__S2__L002__WS	WS_SKN_KCL10525742_S2_L002	success	gene	EPSTEIN_HHV4_EBNA-2	2.0	2.0	0.0	match
WS_SKN_KCL10525742__S2__L002__WS	WS_SKN_KCL10525742_S2_L002	success	virus	Epstein-Barr virus	2.0	2.0	0.0	match
WS_SKN_KCL10525742__S2__L002__WS	WS_SKN_KCL10525742_S2_L002	success	total	total_viral_load	2.0	2.0	0.0	match
WS_SKN_KCL10525742__S3__L001__WS	WS_SKN_KCL10525742_S3_L001	success	gene	HUM_HERP6B_B4	2.0	2.0	0.0	match
WS_SKN_KCL10525742__S3__L001__WS	WS_SKN_KCL10525742_S3_L001	success	gene	HUM_HERP7_HHV7_gp82	2.0	2.0	0.0	match
WS_SKN_KCL10525742__S3__L001__WS	WS_SKN_KCL10525742_S3_L001	success	virus	Human herpesvirus 6b	2.0	2.0	0.0	match
WS_SKN_KCL10525742__S3__L001__WS	WS_SKN_KCL10525742_S3_L001	success	virus	Human herpesvirus 7	2.0	2.0	0.0	match
WS_SKN_KCL10525742__S3__L001__WS	WS_SKN_KCL10525742_S3_L001	success	total	total_viral_load	4.0	4.0	0.0	match
WS_SKN_KCL10525742__S3__L002__WS	WS_SKN_KCL10525742_S3_L002	success	gene	CERC_HERP_CeHV2gUL24	1.8427010148321619	1.8427010148321619	0.0	match
WS_SKN_KCL10525742__S3__L002__WS	WS_SKN_KCL10525742_S3_L002	success	gene	CERC_HERP_CeHV2gUL25	1.8427010148321619	1.8427010148321619	0.0	match
WS_SKN_KCL10525742__S3__L002__WS	WS_SKN_KCL10525742_S3_L002	success	gene	MOLLU_MOCVgp001	5.0	5.0	0.0	match
WS_SKN_KCL10525742__S3__L002__WS	WS_SKN_KCL10525742_S3_L002	success	virus	Cercopithecine herpesvirus	3.6854020296643237	3.6854020296643237	0.0	match
WS_SKN_KCL10525742__S3__L002__WS	WS_SKN_KCL10525742_S3_L002	success	virus	Molluscum contagiosum virus	5.0	5.0	0.0	match
WS_SKN_KCL10525742__S3__L002__WS	WS_SKN_KCL10525742_S3_L002	success	total	total_viral_load	8.685402029664324	8.685402029664324	0.0	match
WS_SKN_KCL9369632__S1__L001__WS	WS_SKN_KCL9369632_S1_L001	success	gene	EPSTEIN_HHV4_EBNA-2	2.0	2.0	0.0	match
WS_SKN_KCL9369632__S1__L001__WS	WS_SKN_KCL9369632_S1_L001	success	gene	HUM_HERP6B_B5	2.0	2.0	0.0	match
WS_SKN_KCL9369632__S1__L001__WS	WS_SKN_KCL9369632_S1_L001	success	virus	Epstein-Barr virus	2.0	2.0	0.0	match
WS_SKN_KCL9369632__S1__L001__WS	WS_SKN_KCL9369632_S1_L001	success	virus	Human herpesvirus 6b	2.0	2.0	0.0	match
WS_SKN_KCL9369632__S1__L001__WS	WS_SKN_KCL9369632_S1_L001	success	total	total_viral_load	4.0	4.0	0.0	match
WS_SKN_KCL9369632__S2__L001__WS	WS_SKN_KCL9369632_S2_L001	success	total	total_viral_load	0.0			not_reported_no_calls
WS_SKN_KCL9369632__S3__L001__WS	WS_SKN_KCL9369632_S3_L001	success	gene	CERC_HERP_CeHV2gUL24	2.2270752276607055	2.227075227660705	4.440892098500626e-16	match
WS_SKN_KCL9369632__S3__L001__WS	WS_SKN_KCL9369632_S3_L001	success	gene	CERC_HERP_CeHV2gUL25	2.2270752276607055	2.227075227660705	4.440892098500626e-16	match
WS_SKN_KCL9369632__S3__L001__WS	WS_SKN_KCL9369632_S3_L001	success	virus	Cercopithecine herpesvirus	4.454150455321411	4.45415045532141	8.881784197001252e-16	match
WS_SKN_KCL9369632__S3__L001__WS	WS_SKN_KCL9369632_S3_L001	success	total	total_viral_load	4.454150455321411	4.45415045532141	8.881784197001252e-16	match
WS_SKN_KCL9369632__S4__L001__WS	WS_SKN_KCL9369632_S4_L001	success	gene	HUM_HERP8_HHV8GK18_gp81	2.0	2.0	0.0	match
WS_SKN_KCL9369632__S4__L001__WS	WS_SKN_KCL9369632_S4_L001	success	virus	Human herpesvirus 8	2.0	2.0	0.0	match
WS_SKN_KCL9369632__S4__L001__WS	WS_SKN_KCL9369632_S4_L001	success	total	total_viral_load	2.0	2.0	0.0	match
WS_SKN__KCL10525740__S1__L001__WS	WS_SKN_KCL10525740_S1_L001	success	gene	EPSTEIN_HHV4_EBNA-2	2.0	2.0	0.0	match
WS_SKN__KCL10525740__S1__L001__WS	WS_SKN_KCL10525740_S1_L001	success	gene	HUM_HERP1_HHV1gp00p39	2.0	2.0	0.0	match
WS_SKN__KCL10525740__S1__L001__WS	WS_SKN_KCL10525740_S1_L001	success	gene	HUM_HERP8_HHV8GK18_gp81	3.0	3.0	0.0	match
WS_SKN__KCL10525740__S1__L001__WS	WS_SKN_KCL10525740_S1_L001	success	virus	Epstein-Barr virus	2.0	2.0	0.0	match
WS_SKN__KCL10525740__S1__L001__WS	WS_SKN_KCL10525740_S1_L001	success	virus	Human herpesvirus 1	2.0	2.0	0.0	match
WS_SKN__KCL10525740__S1__L001__WS	WS_SKN_KCL10525740_S1_L001	success	virus	Human herpesvirus 8	3.0	3.0	0.0	match
WS_SKN__KCL10525740__S1__L001__WS	WS_SKN_KCL10525740_S1_L001	success	total	total_viral_load	7.0	7.0	0.0	match
WS_SKN__KCL10525740__S2__L001__WS	WS_SKN_KCL10525740_S2_L001	success	gene	EPSTEIN_HHV4_EBNA-2	2.0	2.0	0.0	match
WS_SKN__KCL10525740__S2__L001__WS	WS_SKN_KCL10525740_S2_L001	success	gene	HUM_HERP8_HHV8GK18_gp81	2.0	2.0	0.0	match
WS_SKN__KCL10525740__S2__L001__WS	WS_SKN_KCL10525740_S2_L001	success	virus	Epstein-Barr virus	2.0	2.0	0.0	match
WS_SKN__KCL10525740__S2__L001__WS	WS_SKN_KCL10525740_S2_L001	success	virus	Human herpesvirus 8	2.0	2.0	0.0	match
WS_SKN__KCL10525740__S2__L001__WS	WS_SKN_KCL10525740_S2_L001	success	total	total_viral_load	4.0	4.0	0.0	match
WS_SKN__KCL10525740__S3__L001__WS	WS_SKN_KCL10525740_S3_L002	success	gene	CERC_HERP_CeHV2gUL24	1.0105386416861828	1.0105386416861828	0.0	match
WS_SKN__KCL10525740__S3__L001__WS	WS_SKN_KCL10525740_S3_L002	success	gene	CERC_HERP_CeHV2gUL25	1.0105386416861828	1.0105386416861828	0.0	match
WS_SKN__KCL10525740__S3__L001__WS	WS_SKN_KCL10525740_S3_L002	success	virus	Cercopithecine herpesvirus	2.0210772833723656	2.0210772833723656	0.0	match
WS_SKN__KCL10525740__S3__L001__WS	WS_SKN_KCL10525740_S3_L002	success	total	total_viral_load	2.0210772833723656	2.0210772833723656	0.0	match
old__SRR6825025	SRR6825025	success	gene	HUM_HERP1_HHV1gp00p39	2.0	2.0	0.0	match
old__SRR6825025	SRR6825025	success	gene	HUM_HERP6B_B5	6.0	6.0	0.0	match
old__SRR6825025	SRR6825025	success	gene	HUM_PARA_Hpv1gp08	2.0	2.0	0.0	match
old__SRR6825025	SRR6825025	success	gene	MOLLU_MOCVgp001	2.0	2.0	0.0	match
old__SRR6825025	SRR6825025	success	virus	Human herpesvirus 1	2.0	2.0	0.0	match
old__SRR6825025	SRR6825025	success	virus	Human herpesvirus 6b	6.0	6.0	0.0	match
old__SRR6825025	SRR6825025	success	virus	Human parainfluenza	2.0	2.0	0.0	match
old__SRR6825025	SRR6825025	success	virus	Molluscum contagiosum virus	2.0	2.0	0.0	match
old__SRR6825025	SRR6825025	success	total	total_viral_load	12.0	12.0	0.0	match
