run_id	logical_id	sample_class	expected_target	status	legacy_total_viral_load	v3_unique_molecule_mass	v3_allocated_ambiguous_mass	v3_selected_matrix_mass
SRR12682296__SRR12682296	SRR12682296	ebv_control	EBV	success	1792862.0000000007	50952132.0	1388191.0	52340323.0
SRR12682297__SRR12682297	SRR12682297	ebv_control	EBV	success	262393.9999999998	46713254.0	940394.0	47653648.0
SRR12682298__SRR12682298	SRR12682298	ebv_control	EBV	success	31016.333333333412	79922051.0	1389398.0	81311449.0
SRR6825024__SRR6825024	SRR6825024	hiv_control	HIV-1	success	38.0	98186704.0	1304677.0	99491381.0
SRR6825025__SRR6825025	SRR6825025	hiv_control	HIV-1	success	12.0	17277165.0	203067.0	17480232.0
WS_SKN_KCL10525738__S1__L001__WS	WS_SKN_KCL10525738_S1_L001	skin		success	2.0	25498607.0	564705.0	26063312.0
WS_SKN_KCL10525738__S1__L002__WS	WS_SKN_KCL10525738_S1_L002	skin		success	2.0	25569754.0	567181.0	26136935.0
WS_SKN_KCL10525738__S2__L001__WS	WS_SKN_KCL10525738_S2_L001	skin		success	4.058548009367681	28352562.0	626077.0	28978639.0
WS_SKN_KCL10525738__S2__L002__WS	WS_SKN_KCL10525738_S2_L002	skin		success	2.0	28345402.0	626238.0	28971640.0
WS_SKN_KCL10525738__S3__L001__WS	WS_SKN_KCL10525738_S3_L001	skin		success	2.0	26080215.0	575960.0	26656175.0
WS_SKN_KCL10525738__S4__L001__WS	WS_SKN_KCL10525738_S4_L001	skin		success	4.708821233411394	25114764.0	554822.0	25669586.0
WS_SKN_KCL10525738__S4__L002__WS	WS_SKN_KCL10525738_S4_L002	skin		success	0.0	25095252.0	553790.0	25649042.0
WS_SKN_KCL10525739__S1__L001__WS	WS_SKN_KCL10525739_S1_L001	skin		success	7.04533288725326	29843952.0	635040.0	30478992.0
WS_SKN_KCL10525739__S1__L002__WS	WS_SKN_KCL10525739_S1_L002	skin		success	2.070115676673052	29707060.0	631762.0	30338822.0
WS_SKN_KCL10525739__S2__L001__WS	WS_SKN_KCL10525739_S2_L001	skin		success	9.0	28960516.0	617229.0	29577745.0
WS_SKN_KCL10525739__S3__L002__WS	WS_SKN_KCL10525739_S3_L002	skin		success	0.0	30504137.0	648139.0	31152276.0
WS_SKN_KCL10525739__S4__L001__WS	WS_SKN_KCL10525739_S4_L001	skin		success	9.0	25143273.0	536001.0	25679274.0
WS_SKN_KCL10525739__S4__L002__WS	WS_SKN_KCL10525739_S4_L002	skin		success	6.0	25004503.0	534673.0	25539176.0
WS_SKN_KCL10525740__S1__L002__WS	WS_SKN_KCL10525740_S1_L002	skin		success	2.0	25444615.0	637393.0	26082008.0
WS_SKN_KCL10525740__S2__L002__WS	WS_SKN_KCL10525740_S2_L002	skin		success	2.0	24661468.0	619383.0	25280851.0
WS_SKN_KCL10525740__S3__L002__WS	WS_SKN_KCL10525740_S3_L002	skin		success	2.0210772833723656	27752729.0	693158.0	28445887.0
WS_SKN_KCL10525740__S4__L002__WS	WS_SKN_KCL10525740_S4_L002	skin		success	0.0	25186863.0	632111.0	25818974.0
WS_SKN_KCL10525741__S1__L001__WS	WS_SKN_KCL10525741_S1_L001	skin		success	0.0	27907800.0	660047.0	28567847.0
WS_SKN_KCL10525741__S1__L002__WS	WS_SKN_KCL10525741_S1_L002	skin		success	4.73692427790788	27797059.0	659074.0	28456133.0
WS_SKN_KCL10525741__S2__L001__WS	WS_SKN_KCL10525741_S2_L001	skin		success	2.0	21487549.0	512502.0	22000051.0
WS_SKN_KCL10525741__S2__L002__WS	WS_SKN_KCL10525741_S2_L002	skin		success	0.0	21433056.0	511542.0	21944598.0
WS_SKN_KCL10525741__S3__L001__WS	WS_SKN_KCL10525741_S3_L001	skin		success	0.0	21177299.0	504484.0	21681783.0
WS_SKN_KCL10525741__S3__L002__WS	WS_SKN_KCL10525741_S3_L002	skin		success	0.0	21109374.0	504357.0	21613731.0
WS_SKN_KCL10525741__S4__L001__WS	WS_SKN_KCL10525741_S4_L001	skin		success	4.0	20961043.0	499650.0	21460693.0
WS_SKN_KCL10525741__S4__L002__WS	WS_SKN_KCL10525741_S4_L002	skin		success	4.0	20883552.0	498985.0	21382537.0
WS_SKN_KCL10525742__S1__L001__WS	WS_SKN_KCL10525742_S1_L001	skin		success	0.0	23989964.0	553070.0	24543034.0
WS_SKN_KCL10525742__S1__L002__WS	WS_SKN_KCL10525742_S1_L002	skin		success	4.0	23886792.0	551837.0	24438629.0
WS_SKN_KCL10525742__S2__L001__WS	WS_SKN_KCL10525742_S2_L001	skin		success	6.0	24582513.0	564294.0	25146807.0
WS_SKN_KCL10525742__S2__L002__WS	WS_SKN_KCL10525742_S2_L002	skin		success	2.0	24554977.0	564771.0	25119748.0
WS_SKN_KCL10525742__S3__L001__WS	WS_SKN_KCL10525742_S3_L001	skin		success	4.0	25092968.0	576618.0	25669586.0
WS_SKN_KCL10525742__S3__L002__WS	WS_SKN_KCL10525742_S3_L002	skin		success	8.685402029664324	25000760.0	573757.0	25574517.0
WS_SKN_KCL9369632__S1__L001__WS	WS_SKN_KCL9369632_S1_L001	skin		success	4.0	30296372.0	478771.0	30775143.0
WS_SKN_KCL9369632__S2__L001__WS	WS_SKN_KCL9369632_S2_L001	skin		success	0.0	30830616.0	486190.0	31316806.0
WS_SKN_KCL9369632__S3__L001__WS	WS_SKN_KCL9369632_S3_L001	skin		success	4.454150455321411	33114882.0	517844.0	33632726.0
WS_SKN_KCL9369632__S4__L001__WS	WS_SKN_KCL9369632_S4_L001	skin		success	2.0	26728850.0	426370.0	27155220.0
WS_SKN__KCL10525740__S1__L001__WS	WS_SKN_KCL10525740_S1_L001	skin		success	7.0	25643831.0	641048.0	26284879.0
WS_SKN__KCL10525740__S2__L001__WS	WS_SKN_KCL10525740_S2_L001	skin		success	4.0	24801222.0	621774.0	25422996.0
WS_SKN__KCL10525740__S3__L001__WS	WS_SKN_KCL10525740_S3_L002	skin		success	2.0210772833723656	27752729.0	693158.0	28445887.0
old__SRR6825025	SRR6825025	hiv_control	HIV-1	success	12.0	17277165.0	203067.0	17480232.0
