schema_version	artifact_id	kind	path	scope	software_version	counting_version	git_sha	input_sha256s	reference_sha256s	artifact_sha256	schema	layer	denominator	generation_command	rebuild_eligibility	claim_ids
1.0.0	anellovirus-accessions	input	src/viralscan/data/anellovirus_accessions.tsv	public	ViralScan 3.0.0.dev0	v3 reference contract	26260e7cbc18cc0e7777379e1db12cc594778dd4	[]	[]	f3a7e4022bc5fdf0276d4dc26aee834328217b10aecc8ea2bc47ece485c465ce	not_applicable	reference accession input	viral accessions	git show 26260e7cbc18cc0e7777379e1db12cc594778dd4:src/viralscan/data/anellovirus_accessions.tsv	rebuildable	["v3-reference-homology"]
1.0.0	artifact-inventory-schema	schema	schemas/v3/artifact_inventory.schema.json	public	ViralScan 3.0.0.dev0	v3 governance contract	26260e7cbc18cc0e7777379e1db12cc594778dd4	[]	[]	d8ccfb53ac11753464a4846fbefa3c97ff17d028dab5a897b07fa7f5c62b11c5	not_applicable	artifact inventory schema	inventory rows	governance schema source at frozen G0 worktree	rebuildable	[]
1.0.0	build-reference-command	command	src/viralscan/scripts/build_reference.py	public	ViralScan 3.0.0.dev0	v3 reference contract	26260e7cbc18cc0e7777379e1db12cc594778dd4	[{"id":"anellovirus-accessions","sha256":"f3a7e4022bc5fdf0276d4dc26aee834328217b10aecc8ea2bc47ece485c465ce"}]	[]	b88b34b23f8509fd82a4b7ffcf10078cb1736abed675f2e4a0a49af96bb63f3e	schemas/v3/reference_manifest.schema.json	reference construction and raw homology	reference sequences	git show a464cdcc1c2b3163ee7ae28ba9cb69db9e0fc8c3:src/viralscan/scripts/build_reference.py	rebuildable	["v3-reference-homology"]
1.0.0	claim-registry	documentation	claims/registry.json	public	ViralScan 3.0.0.dev0	v3 governance contract	26260e7cbc18cc0e7777379e1db12cc594778dd4	[]	[{"id":"claim-registry-schema","sha256":"e4be7d25911812e3f478e84b639824684537649c5faa450100c77534745cd92e"}]	6989cd8245660623a60c9ea172a1059b06cf80bd71da0b22ec1a943826002a65	schemas/v3/claim_registry.schema.json	claim provenance graph	registered claims	benchmark_runs/legacy_v2_v3/env_full/bin/python scripts/validate_claim_registry.py --coverage	rebuildable	["v3-molecule-conservation-synthetic","legacy-corrected-counts","ttv-biological-signal","cross-tool-superiority","v3-ebv-molecule-baseline","v3-evidence-workflow","v3-reference-homology","v3-validation-harmonization"]
1.0.0	claim-registry-schema	schema	schemas/v3/claim_registry.schema.json	public	ViralScan 3.0.0.dev0	v3 governance contract	26260e7cbc18cc0e7777379e1db12cc594778dd4	[]	[]	e4be7d25911812e3f478e84b639824684537649c5faa450100c77534745cd92e	not_applicable	claim registry schema	claim records	governance schema source at frozen G0 worktree	rebuildable	[]
1.0.0	evidence-tiny-gtf	reference	tests/data/evidence_tiny/viral.gtf	public	ViralScan 3.0.0.dev0	v3 evidence contract	26260e7cbc18cc0e7777379e1db12cc594778dd4	[]	[]	36c43a7f5ef2459d906f521010f184c851ec540593d1ed3c81f3b7021e483846	not_applicable	viral annotation	synthetic reference features	git show 26260e7cbc18cc0e7777379e1db12cc594778dd4:tests/data/evidence_tiny/viral.gtf	rebuildable	["v3-evidence-workflow"]
1.0.0	evidence-tiny-host	reference	tests/data/evidence_tiny/host.fasta	public	ViralScan 3.0.0.dev0	v3 evidence contract	26260e7cbc18cc0e7777379e1db12cc594778dd4	[]	[]	f542b624cadb3d182d6816332b60fd08018a918e6620e911f3d2e643b84a0278	not_applicable	host reference	synthetic reference sequences	git show 26260e7cbc18cc0e7777379e1db12cc594778dd4:tests/data/evidence_tiny/host.fasta	rebuildable	["v3-evidence-workflow"]
1.0.0	evidence-tiny-r1	input	tests/data/evidence_tiny/R1.fastq	public	ViralScan 3.0.0.dev0	v3 evidence contract	26260e7cbc18cc0e7777379e1db12cc594778dd4	[]	[]	b3e4b9d8fbe251e1430bde40b50fe3e770da100407cdd543c5eff896a6f84d7f	not_applicable	paired-end R1 input	synthetic reads	git show 26260e7cbc18cc0e7777379e1db12cc594778dd4:tests/data/evidence_tiny/R1.fastq	rebuildable	["v3-evidence-workflow"]
1.0.0	evidence-tiny-r2	input	tests/data/evidence_tiny/R2.fastq	public	ViralScan 3.0.0.dev0	v3 evidence contract	26260e7cbc18cc0e7777379e1db12cc594778dd4	[]	[]	05d6b421d286dce208c9d9f6fb6782b65d0d5fd20415d4064cb7da2036b2bf5e	not_applicable	paired-end R2 input	synthetic reads	git show 26260e7cbc18cc0e7777379e1db12cc594778dd4:tests/data/evidence_tiny/R2.fastq	rebuildable	["v3-evidence-workflow"]
1.0.0	evidence-tiny-t2g	reference	tests/data/evidence_tiny/t2g.txt	public	ViralScan 3.0.0.dev0	v3 evidence contract	26260e7cbc18cc0e7777379e1db12cc594778dd4	[]	[]	0c5e40cef433e506a180ae96c367f07ddffdd86c6cbf962dc48c9f45481e983d	not_applicable	transcript-to-gene map	synthetic reference features	git show 26260e7cbc18cc0e7777379e1db12cc594778dd4:tests/data/evidence_tiny/t2g.txt	rebuildable	["v3-evidence-workflow"]
1.0.0	evidence-tiny-transcripts	reference	tests/data/evidence_tiny/transcripts.fasta	public	ViralScan 3.0.0.dev0	v3 evidence contract	26260e7cbc18cc0e7777379e1db12cc594778dd4	[]	[]	35cb47537d39a6340e2895717fb3d75a737711b4bfc8148a3db22d136bb1f39b	not_applicable	transcript reference	synthetic reference sequences	git show 26260e7cbc18cc0e7777379e1db12cc594778dd4:tests/data/evidence_tiny/transcripts.fasta	rebuildable	["v3-evidence-workflow"]
1.0.0	evidence-tiny-virus	reference	tests/data/evidence_tiny/viral.fasta	public	ViralScan 3.0.0.dev0	v3 evidence contract	26260e7cbc18cc0e7777379e1db12cc594778dd4	[]	[]	6a0e4d71cef158726c6277333fde8f89abc7a80b76055b379710b762aecccdb3	not_applicable	viral reference	synthetic reference sequences	git show 26260e7cbc18cc0e7777379e1db12cc594778dd4:tests/data/evidence_tiny/viral.fasta	rebuildable	["v3-evidence-workflow"]
1.0.0	legacy-diagnostic-failures	failure_record	analysis/legacy_v2_v3/failures.tsv	private	ViralScan 3.0.0.dev0	pre-v3 diagnostic	26260e7cbc18cc0e7777379e1db12cc594778dd4	[]	[]	a25406a8c914d43603b541ae2303a8524e613c537a56796e8a56a269d47130d8	not_applicable	failed diagnostic attempts	all retained failed rows	scripts/compare_legacy_v2_v3.py validate --run-root <diagnostic-run-root>	retained_only	["legacy-corrected-counts"]
1.0.0	legacy-diagnostic-protocol	intermediate	analysis/legacy_v2_v3/protocol.yaml	private	ViralScan 3.0.0.dev0	pre-v3 diagnostic	26260e7cbc18cc0e7777379e1db12cc594778dd4	[]	[]	98e5245c2795ea7942960cb807ac6648991494de5a06350eee90495491e6d9d0	not_applicable	pre-v3 diagnostic contract	diagnostic rows	git show 1dbcdf6203dea1c23170e071e15825bf4a23510d:analysis/legacy_v2_v3/protocol.yaml	rebuildable	["legacy-corrected-counts"]
1.0.0	output-reference-doc	documentation	docs/output_reference.md	public	ViralScan 3.0.0.dev0	v3 evidence contract	26260e7cbc18cc0e7777379e1db12cc594778dd4	[]	[]	de932cdf0305c203a7c4020306f8241da6fb3e407c6af9b3fec79c03725f0e63	schemas/v3/evidence_manifest.schema.json	public output contract	declared v3 artifacts	documentation source at frozen G0 worktree	rebuildable	["v3-evidence-workflow"]
1.0.0	public-readme	documentation	README.md	public	ViralScan 3.0.0.dev0	v3 public documentation	26260e7cbc18cc0e7777379e1db12cc594778dd4	[]	[]	0a25cad5889a3ed7162f48c73268533e905f92e33dbfefda7ac4813af0857264	not_applicable	public claim prose	registered public claims	documentation source at frozen G0 worktree	rebuildable	["legacy-corrected-counts","v3-reference-homology"]
1.0.0	reference-manifest-schema	schema	schemas/v3/reference_manifest.schema.json	public	ViralScan 3.0.0.dev0	v3 reference contract	26260e7cbc18cc0e7777379e1db12cc594778dd4	[]	[]	91264863dfc622c15632d1b8406c65caf60759723326f200f9581f1c0653d2a7	not_applicable	reference manifest	reference records	git show 26260e7cbc18cc0e7777379e1db12cc594778dd4:schemas/v3/reference_manifest.schema.json	rebuildable	["v3-reference-homology"]
1.0.0	test-evidence-chain	command	tests/integration/test_evidence_chain.py	public	ViralScan 3.0.0.dev0	v3 evidence contract	26260e7cbc18cc0e7777379e1db12cc594778dd4	[{"id":"evidence-tiny-r1","sha256":"b3e4b9d8fbe251e1430bde40b50fe3e770da100407cdd543c5eff896a6f84d7f"},{"id":"evidence-tiny-r2","sha256":"05d6b421d286dce208c9d9f6fb6782b65d0d5fd20415d4064cb7da2036b2bf5e"}]	[{"id":"evidence-tiny-host","sha256":"f542b624cadb3d182d6816332b60fd08018a918e6620e911f3d2e643b84a0278"},{"id":"evidence-tiny-virus","sha256":"6a0e4d71cef158726c6277333fde8f89abc7a80b76055b379710b762aecccdb3"}]	7b7e5810ffe82aabe7f0ead23d9722fcb5c4274c8432083e36ad582475bd5142	schemas/v3/evidence_manifest.schema.json	competitive alignment evidence	tiny synthetic read pairs	git show a146050d5768165c0f755387c633110e3ddc49b2:tests/integration/test_evidence_chain.py	rebuildable	["v3-evidence-workflow"]
1.0.0	test-exact-lineage	command	tests/integration/test_exact_lineage.py	public	ViralScan 3.0.0.dev0	v3 evidence contract	26260e7cbc18cc0e7777379e1db12cc594778dd4	[{"id":"evidence-tiny-r1","sha256":"b3e4b9d8fbe251e1430bde40b50fe3e770da100407cdd543c5eff896a6f84d7f"},{"id":"evidence-tiny-r2","sha256":"05d6b421d286dce208c9d9f6fb6782b65d0d5fd20415d4064cb7da2036b2bf5e"}]	[{"id":"evidence-tiny-host","sha256":"f542b624cadb3d182d6816332b60fd08018a918e6620e911f3d2e643b84a0278"},{"id":"evidence-tiny-virus","sha256":"6a0e4d71cef158726c6277333fde8f89abc7a80b76055b379710b762aecccdb3"}]	d93d9618ef917344e1dcec27e7e317836bb4f9c98be123c809cdf311ca76fa14	schemas/v3/evidence_manifest.schema.json	exact read lineage	tiny synthetic read pairs	git show a146050d5768165c0f755387c633110e3ddc49b2:tests/integration/test_exact_lineage.py	rebuildable	["v3-evidence-workflow"]
1.0.0	test-multimap-boundaries	command	tests/test_multimap.py	public	ViralScan 3.0.0.dev0	v3 molecule contract	26260e7cbc18cc0e7777379e1db12cc594778dd4	[]	[]	7ee01d313c8166df3536d55487fbe6487a91a3eefbeffadbdb92956027f5b540	schemas/v3/count_audit.schema.json	molecule partition audit	corrected CB-UMI molecules	git show 65eb1c2473db281df53825948e71194d1f36c475e:tests/test_multimap.py	rebuildable	["v3-molecule-conservation-synthetic"]
1.0.0	test-multimapping	command	tests/test_multimapping.py	public	ViralScan 3.0.0.dev0	v3 molecule contract	26260e7cbc18cc0e7777379e1db12cc594778dd4	[]	[]	b7f81b3e48de417aedb39ba9a158800784fd1236579e469c41b121d9c77a8fb9	schemas/v3/count_audit.schema.json	X; counts_unique; counts_ambiguous_allocated	corrected CB-UMI molecules	git show 65eb1c2473db281df53825948e71194d1f36c475e:tests/test_multimapping.py	rebuildable	["v3-molecule-conservation-synthetic"]
1.0.0	v3-counting-contract-doc	documentation	docs/v3_counting_contract.md	public	ViralScan 3.0.0.dev0	v3 molecule contract	26260e7cbc18cc0e7777379e1db12cc594778dd4	[]	[]	9c0d285bb983b431eac241b1bdb4aaea1be5114835356b27c374980f1ca70f14	schemas/v3/count_audit.schema.json	public molecule contract	corrected CB-UMI molecules	documentation source at frozen G0 worktree	rebuildable	["v3-molecule-conservation-synthetic"]
1.0.0	v3-ebv-baseline-result	result	analysis/v3_ebv_baseline/host_conservative.json	private	ViralScan 3.0.0.dev0	v3 molecule contract	26260e7cbc18cc0e7777379e1db12cc594778dd4	[]	[]	2863487425742175e73c49709df22f746918631dcb647e36a46a21cb2d6f221e	schemas/v3/count_audit.schema.json	host-conservative selected matrix	resolved corrected CB-UMI molecules	not_available	retained_only	["v3-ebv-molecule-baseline"]
1.0.0	v3-ebv-baseline-scheduler-record	scheduler_record	analysis/v3_ebv_baseline/README.md	private	ViralScan 3.0.0.dev0	v3 molecule contract	26260e7cbc18cc0e7777379e1db12cc594778dd4	[]	[]	5684dae1bff3201eb903159802cb4e06f89b56a2af944c0e8dcdf383920a2bee	not_applicable	scheduler and resource evidence	retained baseline attempts	not_available	retained_only	["v3-ebv-molecule-baseline"]
1.0.0	v3-validation-deviations	intermediate	analysis/v3_validation/deviations.yaml	private	ViralScan 3.0.0.dev0	v3 preregistration contract	26260e7cbc18cc0e7777379e1db12cc594778dd4	[{"id":"validation-protocol","sha256":"245f375955fba306ba6564c4e0219b31142500a95c7fffbd0aa17f2f7f82b500"}]	[{"id":"validation-protocol-schema","sha256":"ba7d11234baed30a73a61cc752ee7ed2fb42e0cf00795e816e56cf31222aabe0"}]	41282f0ed12feb4f30ceec1dc097ad2cd29223fbea8150e572b2cd8ce03cc369	schemas/v3/validation_protocol.schema.json	amendment ledger	protocol amendments	git show 26260e7cbc18cc0e7777379e1db12cc594778dd4:analysis/v3_validation/deviations.yaml	rebuildable	["v3-validation-harmonization"]
1.0.0	validation-protocol	intermediate	analysis/v3_validation/protocol.yaml	private	ViralScan 3.0.0.dev0	v3 preregistration contract	26260e7cbc18cc0e7777379e1db12cc594778dd4	[]	[{"id":"validation-protocol-schema","sha256":"ba7d11234baed30a73a61cc752ee7ed2fb42e0cf00795e816e56cf31222aabe0"}]	245f375955fba306ba6564c4e0219b31142500a95c7fffbd0aa17f2f7f82b500	schemas/v3/validation_protocol.schema.json	protocol decisions	schema-valid protocol contracts	git show d941261aaaf846a087f9c8de819e3788ee55393b:analysis/v3_validation/protocol.yaml	rebuildable	["v3-validation-harmonization"]
1.0.0	validation-protocol-command	command	scripts/validate_v3_protocol.py	public	ViralScan 3.0.0.dev0	v3 preregistration contract	26260e7cbc18cc0e7777379e1db12cc594778dd4	[{"id":"validation-protocol","sha256":"245f375955fba306ba6564c4e0219b31142500a95c7fffbd0aa17f2f7f82b500"}]	[{"id":"validation-protocol-schema","sha256":"ba7d11234baed30a73a61cc752ee7ed2fb42e0cf00795e816e56cf31222aabe0"}]	1513eced2b4b26b9b8861b0b418e006a18a3cc3868a952c386a7bc9188cbd651	schemas/v3/validation_protocol.schema.json	protocol validation	schema-valid protocol contracts	git show d941261aaaf846a087f9c8de819e3788ee55393b:scripts/validate_v3_protocol.py	rebuildable	["v3-validation-harmonization"]
1.0.0	validation-protocol-schema	schema	schemas/v3/validation_protocol.schema.json	public	ViralScan 3.0.0.dev0	v3 preregistration contract	26260e7cbc18cc0e7777379e1db12cc594778dd4	[]	[]	ba7d11234baed30a73a61cc752ee7ed2fb42e0cf00795e816e56cf31222aabe0	not_applicable	validation protocol schema	protocol fields	git show d941261aaaf846a087f9c8de819e3788ee55393b:schemas/v3/validation_protocol.schema.json	rebuildable	["v3-validation-harmonization"]
1.0.0	validation-protocol-tests	command	tests/test_validation_protocol.py	public	ViralScan 3.0.0.dev0	v3 preregistration contract	26260e7cbc18cc0e7777379e1db12cc594778dd4	[{"id":"validation-protocol","sha256":"245f375955fba306ba6564c4e0219b31142500a95c7fffbd0aa17f2f7f82b500"}]	[{"id":"validation-protocol-schema","sha256":"ba7d11234baed30a73a61cc752ee7ed2fb42e0cf00795e816e56cf31222aabe0"}]	b740cc8fabf880408ae3691b18a7b42659be2fb370301a2fa8297e7deb65d6eb	schemas/v3/validation_protocol.schema.json	protocol validation tests	protocol boundary cases	git show 26260e7cbc18cc0e7777379e1db12cc594778dd4:tests/test_validation_protocol.py	rebuildable	["v3-validation-harmonization"]
1.0.0	workflow-environment	environment	environment.yml	public	ViralScan 3.0.0.dev0	v3 workflow environment	26260e7cbc18cc0e7777379e1db12cc594778dd4	[]	[]	f31ad36a9adbcd1f7c65cf1f1e8e60ef3608c3b9c92f278f87e8e77bee42d76e	not_applicable	environment specification	declared packages and tools	git show 26260e7cbc18cc0e7777379e1db12cc594778dd4:environment.yml	rebuildable	[]
