accession_version	panel
JX559622.1	broad
NC_030449.1	broad
NC_076626.1	broad
NC_040309.1	broad
NC_040306.1	broad
NC_032480.1	broad
NC_012959.1	max
NC_001460.1	shipped
NC_011202.1	shipped
NC_011203.1	shipped
NC_001405.1	shipped
NC_010956.1	shipped
NC_003266.2	shipped
NC_001454.1	shipped
NC_020487.1	broad
DQ923122.2	broad
OZ258617.1	shipped
OZ258672.1	shipped
OZ258675.1	shipped
OZ258612.1	shipped
OZ258620.1	shipped
OZ258632.1	shipped
OZ258639.1	max
OZ258652.1	shipped
OZ258660.1	shipped
OZ258664.1	shipped
OZ258670.1	shipped
OZ258684.1	shipped
OZ258692.1	shipped
OZ258693.1	shipped
OZ258695.1	max
OZ258700.1	shipped
OZ258701.1	max
OZ258709.1	max
OZ258719.1	shipped
OZ258730.1	max
OZ258742.1	shipped
OZ258744.1	max
OZ258750.1	shipped
OZ258785.1	shipped
OZ258799.1	shipped
OZ258803.1	shipped
OZ258816.1	shipped
MH648892.1	shipped
MH648893.1	shipped
MH648897.1	shipped
MH648900.1	shipped
MH648901.1	shipped
MH648908.1	max
MH648911.1	shipped
MH648913.1	shipped
MH648916.1	shipped
MH648922.1	shipped
MH648925.1	shipped
MH648932.1	max
MH648942.1	shipped
MH648946.1	shipped
MH648950.1	shipped
MH648957.1	shipped
MH648958.1	shipped
MH648959.1	shipped
MH648962.1	shipped
MH648969.1	shipped
MH648976.1	shipped
MH648977.1	shipped
MH648978.1	shipped
MH648983.1	shipped
MH648985.1	shipped
MH648990.1	shipped
MH648995.1	shipped
MH648997.1	shipped
MH648999.1	shipped
MH649002.1	shipped
MH649006.1	shipped
MH649008.1	max
MH649009.1	shipped
MH649011.1	shipped
MH649014.1	shipped
MH649022.1	shipped
MH649023.1	shipped
MH649028.1	shipped
MH649037.1	shipped
MH649038.1	max
MH649039.1	shipped
MH649040.1	shipped
MH649042.1	shipped
MH649045.1	shipped
MH649051.1	shipped
MH649053.1	max
MH649056.1	shipped
MH649061.1	shipped
MH649062.1	shipped
MH649063.1	shipped
MH649068.1	shipped
MH649070.1	shipped
MH649077.1	shipped
MH649083.1	shipped
MH649084.1	shipped
MH649085.1	shipped
MH649087.1	shipped
MH649092.1	shipped
MH649099.1	max
MH649101.1	shipped
MH649104.1	shipped
MH649106.1	shipped
MH649109.1	shipped
MH649113.1	shipped
MH649122.1	shipped
MH649125.1	shipped
MH649127.1	shipped
MH649129.1	shipped
MH649137.1	shipped
MH649142.1	shipped
MH649143.1	max
MH649144.1	shipped
MH649152.1	shipped
MH649156.1	shipped
MH649157.1	shipped
MH649158.1	shipped
MH649161.1	shipped
MH649165.1	shipped
MH649169.1	max
MH649172.1	shipped
MH649174.1	shipped
MH649178.1	shipped
MH649179.1	max
MH649183.1	shipped
MH649185.1	shipped
MH649186.1	shipped
MH649189.1	shipped
MH649196.1	max
MH649199.1	shipped
MH649203.1	max
MH649204.1	shipped
MH649206.1	max
MH649208.1	max
MH649210.1	shipped
MH649212.1	shipped
MH649217.1	shipped
MH649223.1	shipped
MH649224.1	shipped
MH649228.1	shipped
MH649229.1	shipped
MH649241.1	shipped
MH649242.1	shipped
MH649254.1	shipped
MH649255.1	shipped
MH649256.1	shipped
MH649258.1	shipped
MH649263.1	shipped
MT157223.1	shipped
MW455345.1	max
MW455346.1	shipped
MW455347.1	shipped
MW455348.1	shipped
MW455349.1	shipped
MW455350.1	max
MW455351.1	shipped
MW455352.1	shipped
MW455353.1	max
MW455354.1	shipped
MW455355.1	max
MW455356.1	max
MW455357.1	max
MW455358.1	shipped
MW455359.1	shipped
MW455360.1	max
MW455361.1	shipped
MW455362.1	shipped
MW455363.1	shipped
MW455364.1	shipped
MW455365.1	shipped
MW455366.1	max
MW455367.1	max
MW455368.1	shipped
MW455369.1	shipped
MW455370.1	max
MW455371.1	max
MW455372.1	max
MW455373.1	shipped
MW455374.1	max
MW455375.1	shipped
MW455376.1	max
MW455377.1	max
MW455378.1	shipped
MW455379.1	max
MW455380.1	shipped
MW455381.1	shipped
MW455382.1	shipped
MW455383.1	shipped
MW455384.1	shipped
MW455385.1	shipped
MW455386.1	shipped
MW455387.1	shipped
MW455388.1	shipped
MW455389.1	shipped
MW455390.1	shipped
MW455391.1	shipped
MW455392.1	shipped
MW455393.1	shipped
MW455394.1	shipped
MW455395.1	shipped
MW455396.1	max
MW455397.1	shipped
MW455398.1	shipped
MW455399.1	shipped
MW455400.1	shipped
MW455401.1	shipped
MW455402.1	shipped
MW455403.1	shipped
MW455404.1	max
MW455405.1	shipped
MW455406.1	shipped
MW455407.1	shipped
MW455408.1	shipped
MW455409.1	shipped
MW455410.1	shipped
MW455411.1	shipped
MW455412.1	max
MW455413.1	shipped
MW455414.1	shipped
MW455415.1	max
MW455416.1	shipped
MW455417.1	shipped
MW455418.1	max
MW455419.1	shipped
MW455420.1	shipped
MW455421.1	shipped
MW455422.1	shipped
MW455423.1	shipped
MW455424.1	max
MW455425.1	shipped
MW455426.1	shipped
MW455427.1	shipped
MW455428.1	shipped
MW455429.1	shipped
MW455430.1	shipped
MW455431.1	shipped
MW455432.1	shipped
MW455433.1	max
MW455434.1	shipped
MW455435.1	shipped
MW455436.1	shipped
MW455437.1	max
MW455438.1	shipped
MW455439.1	shipped
MW455440.1	shipped
MW455441.1	max
MW455442.1	shipped
MW455443.1	max
MW455444.1	shipped
MW455445.1	shipped
MW455446.1	shipped
MW455447.1	max
MW455448.1	shipped
MW455449.1	max
MW455450.1	shipped
MZ285962.1	shipped
MZ285963.1	shipped
MZ285964.1	shipped
MZ285965.1	max
MZ285968.1	max
MZ285969.1	shipped
MZ285970.1	max
MZ285971.1	shipped
MZ285972.1	max
MZ285973.1	shipped
MZ285974.1	max
MZ285975.1	max
MZ285976.1	shipped
MZ285977.1	max
MZ285978.1	shipped
MZ285979.1	shipped
MZ285980.1	max
MZ285981.1	max
MZ285982.1	shipped
MZ285983.1	shipped
MZ285984.1	shipped
MZ285985.1	shipped
MZ285986.1	shipped
MZ285987.1	shipped
MZ285988.1	max
MZ285989.1	shipped
MZ285991.1	shipped
MZ285992.1	shipped
MZ285993.1	max
MZ285994.1	shipped
MZ285995.1	max
MZ285996.1	shipped
MZ285999.1	shipped
MZ286000.1	shipped
MZ286001.1	shipped
MZ286002.1	shipped
MZ286003.1	shipped
MZ286004.1	shipped
MZ286005.1	shipped
MZ286006.1	shipped
MZ286007.1	shipped
MZ286008.1	shipped
MZ286009.1	shipped
MZ286010.1	max
MZ286011.1	shipped
MZ286012.1	max
MZ286013.1	max
MZ286014.1	shipped
MZ286016.1	max
MZ286017.1	shipped
MZ286018.1	shipped
MZ286019.1	shipped
MZ286020.1	shipped
MZ286021.1	shipped
MZ286022.1	shipped
MZ286023.1	shipped
MZ286024.1	shipped
MZ286025.1	shipped
MZ286026.1	shipped
MZ286027.1	shipped
MZ286028.1	max
MZ286029.1	max
MZ286030.1	max
MZ286031.1	shipped
MZ286032.1	shipped
MZ286033.1	shipped
MZ286034.1	shipped
MZ286035.1	max
MZ286037.1	shipped
MZ286038.1	shipped
MZ286041.1	shipped
MZ286042.1	shipped
MZ286043.1	shipped
MZ286044.1	shipped
MZ286045.1	max
MZ286046.1	shipped
MZ286047.1	shipped
MZ286048.1	shipped
MZ286049.1	max
MZ286050.1	shipped
MZ286051.1	max
MZ286052.1	shipped
MZ286053.1	shipped
MZ286055.1	shipped
MZ286056.1	shipped
MZ286057.1	shipped
MZ286058.1	shipped
MZ286060.1	shipped
MZ286061.1	shipped
MZ286062.1	shipped
MZ286063.1	shipped
MZ286064.1	shipped
MZ286065.1	shipped
MZ286066.1	max
MZ286067.1	shipped
MZ286068.1	shipped
MZ286069.1	shipped
MZ286070.1	shipped
MZ286071.1	shipped
MZ286072.1	shipped
MZ286073.1	max
MZ286074.1	shipped
MZ286075.1	max
MZ286076.1	shipped
MZ286077.1	max
MZ286078.1	max
MZ286079.1	max
MZ286080.1	max
MZ286081.1	shipped
MZ286082.1	shipped
MZ286083.1	shipped
MZ286084.1	shipped
MZ286085.1	shipped
MZ286086.1	shipped
MZ286087.1	shipped
MZ286088.1	shipped
MZ286089.1	shipped
MZ286090.1	shipped
MZ286091.1	shipped
MZ286092.1	shipped
MZ286093.1	shipped
MZ286094.1	shipped
MZ286095.1	shipped
MZ286096.1	shipped
MZ286097.1	shipped
MZ286098.1	shipped
MZ286099.1	shipped
MZ286100.1	shipped
MZ286101.1	shipped
MZ286102.1	shipped
MZ286103.1	max
MZ286105.1	shipped
MZ286106.1	shipped
MZ286107.1	shipped
MZ286109.1	shipped
MZ286110.1	shipped
MZ286111.1	shipped
MZ286112.1	shipped
MZ286113.1	shipped
MZ286114.1	shipped
MZ286115.1	shipped
MZ286116.1	shipped
MZ286117.1	shipped
MZ286118.1	shipped
MZ286119.1	max
MZ286121.1	max
MZ286122.1	shipped
MZ286123.1	max
MZ286124.1	shipped
MZ286125.1	max
MZ286126.1	max
MZ286127.1	shipped
MZ286128.1	shipped
MZ286129.1	max
MZ286130.1	shipped
MZ286131.1	max
MZ286132.1	max
MZ286133.1	shipped
MZ286134.1	shipped
MZ286135.1	max
MZ286136.1	shipped
MZ286137.1	shipped
MZ286138.1	shipped
MZ286139.1	max
MZ286140.1	shipped
MZ286141.1	shipped
MZ286142.1	shipped
MZ286143.1	shipped
MZ286144.1	shipped
MZ286145.1	max
MZ286146.1	max
MZ286147.1	shipped
MZ286148.1	shipped
MZ286149.1	shipped
MZ286150.1	shipped
MZ286151.1	shipped
MZ286152.1	shipped
MZ286153.1	shipped
MZ286154.1	shipped
MZ286156.1	shipped
MZ286157.1	shipped
MZ286158.1	shipped
MZ286159.1	shipped
MZ286160.1	shipped
MZ286161.1	shipped
MZ286162.1	max
MZ286163.1	shipped
MZ286164.1	shipped
MZ286165.1	shipped
MZ286168.1	shipped
MZ286169.1	max
MZ286170.1	shipped
MZ286171.1	shipped
MZ286172.1	shipped
MZ286173.1	shipped
MZ286175.1	shipped
MZ286176.1	shipped
MZ286177.1	shipped
MZ286178.1	max
MZ286179.1	max
MZ286180.1	shipped
MZ286181.1	shipped
MZ286182.1	shipped
MZ286183.1	shipped
MZ286184.1	shipped
MZ286185.1	shipped
MZ286186.1	shipped
MZ286187.1	shipped
MZ286188.1	shipped
MZ286189.1	max
MZ286190.1	shipped
MZ286191.1	shipped
MZ286192.1	shipped
MZ286193.1	shipped
MZ286194.1	shipped
MZ286195.1	shipped
MZ286196.1	shipped
MZ286197.1	shipped
MZ286198.1	shipped
MZ286199.1	shipped
MZ286200.1	shipped
MZ286201.1	shipped
MZ286202.1	shipped
MZ286203.1	shipped
MZ286205.1	shipped
MZ286206.1	shipped
MZ286207.1	shipped
MZ286208.1	max
MZ286209.1	shipped
MZ286211.1	max
MZ286212.1	max
MZ286214.1	shipped
MZ286215.1	shipped
MZ286216.1	max
MZ286217.1	shipped
MZ286218.1	shipped
MZ286219.1	shipped
MZ286220.1	shipped
MZ286221.1	shipped
MZ286222.1	shipped
MZ286223.1	shipped
MZ286224.1	shipped
MZ286225.1	shipped
MZ286226.1	shipped
MZ286227.1	max
MZ286228.1	shipped
MZ286229.1	shipped
MZ286230.1	shipped
MZ286231.1	shipped
MZ286232.1	max
MZ286233.1	shipped
MZ286234.1	shipped
MZ286235.1	max
MZ286236.1	shipped
MZ286237.1	shipped
MZ286238.1	shipped
MZ286239.1	shipped
MZ286240.1	shipped
MZ286241.1	shipped
MZ286242.1	shipped
MZ286243.1	shipped
MZ286244.1	shipped
MZ286245.1	shipped
MZ286246.1	shipped
MZ286247.1	shipped
MZ286248.1	shipped
MZ286249.1	shipped
MZ286250.1	shipped
MZ286251.1	max
MZ286252.1	shipped
MZ286253.1	shipped
MZ286254.1	shipped
MZ286255.1	shipped
MZ286256.1	shipped
MZ286257.1	shipped
MZ286258.1	shipped
MZ286259.1	shipped
MZ286260.1	shipped
MZ286261.1	max
MZ286262.1	shipped
MZ286263.1	shipped
MZ286264.1	shipped
MZ286265.1	shipped
MZ286266.1	shipped
MZ286267.1	shipped
MZ286268.1	shipped
MZ286269.1	shipped
MZ286270.1	shipped
MZ286271.1	shipped
MZ286272.1	shipped
MZ286273.1	shipped
MZ286274.1	shipped
MZ286275.1	shipped
MZ286276.1	shipped
MZ286277.1	shipped
MZ286278.1	shipped
MZ286279.1	shipped
MZ286280.1	shipped
MZ286281.1	shipped
MZ286282.1	shipped
MZ286283.1	max
MZ286284.1	shipped
MZ286285.1	shipped
MZ286286.1	shipped
MZ286287.1	max
MZ286288.1	shipped
MZ286289.1	shipped
MZ286290.1	shipped
MZ286291.1	shipped
MZ286292.1	shipped
MZ286293.1	max
MZ825126.1	shipped
OQ283124.1	shipped
OR148953.1	shipped
OR148954.1	shipped
OR148955.1	shipped
MT501646.1	shipped
MT501653.1	max
OZ258776.1	shipped
OZ258791.1	max
JQ690763.1	shipped
OZ258650.1	shipped
KY856742.1	shipped
JX134044.1	shipped
OZ258778.1	shipped
MH648907.1	shipped
KF764701.1	shipped
JX134046.1	shipped
MH648989.1	shipped
MH648910.1	shipped
MK212031.1	shipped
MH649141.1	shipped
MH648986.1	shipped
MH017563.1	shipped
KX810064.1	shipped
MH648912.1	shipped
MH649017.1	shipped
MH649029.1	shipped
MH649114.1	shipped
MH648966.1	shipped
OZ258723.1	shipped
MH649209.1	shipped
MH648982.1	shipped
OZ258626.1	shipped
OK574350.1	shipped
OK574352.1	shipped
OK574362.1	shipped
OK574363.1	shipped
OK574365.1	shipped
OK574370.1	shipped
OK574371.1	shipped
OK574375.1	max
OK574383.1	shipped
OK574387.1	shipped
OK574388.1	shipped
OK574394.1	shipped
OK574395.1	shipped
OK574402.1	shipped
OK574405.1	shipped
OK574409.1	max
OK574410.1	shipped
OK574411.1	shipped
OK574412.1	shipped
OK574414.1	shipped
OK574415.1	shipped
OK574418.1	shipped
OK574421.1	shipped
OK574422.1	shipped
OK574426.1	shipped
OK574427.1	shipped
OK574428.1	shipped
OK574434.1	shipped
OK574436.1	shipped
OK574437.1	shipped
OK574439.1	shipped
OK574443.1	shipped
OZ258613.1	max
OZ258697.1	shipped
OZ258707.1	max
OZ258711.1	max
OZ258712.1	shipped
OZ258713.1	shipped
OZ258715.1	shipped
OZ258716.1	shipped
OZ258721.1	shipped
OZ258724.1	shipped
OZ258725.1	shipped
OZ258726.1	max
OZ258728.1	shipped
OZ258729.1	shipped
OZ258731.1	shipped
OZ258736.1	max
OZ258737.1	shipped
OZ258739.1	shipped
OZ258741.1	shipped
OZ258747.1	shipped
OZ258748.1	shipped
OZ258751.1	shipped
OZ258753.1	shipped
OZ258761.1	shipped
OZ258763.1	max
OZ258764.1	shipped
OZ258769.1	shipped
OZ258770.1	shipped
OZ258771.1	shipped
OZ258773.1	max
OZ258775.1	shipped
OZ258777.1	shipped
OZ258790.1	shipped
OZ258793.1	shipped
OZ258797.1	shipped
OZ258798.1	shipped
OZ258804.1	shipped
OZ258807.1	shipped
OZ258809.1	shipped
OZ258810.1	max
JQ690762.1	shipped
OK574345.1	shipped
OK574374.1	shipped
OK574382.1	shipped
OZ258610.1	shipped
OZ258698.1	shipped
OZ258705.1	shipped
JX310702.1	shipped
JQ308210.1	shipped
KF294861.1	shipped
KF294862.1	shipped
MK212032.1	shipped
MN769098.1	max
MN769234.1	shipped
MN769516.1	max
MN770183.1	max
MN770270.1	max
MN771277.1	shipped
MN769899.1	max
MN769225.1	max
OZ258714.1	shipped
MT210805.1	shipped
MN774989.1	shipped
MN774927.1	shipped
MN774939.1	shipped
PP728782.1	shipped
FR751515.1	broad
KM593802.2	shipped
KM593803.2	max
MN771248.1	shipped
MN769236.1	shipped
MN774932.1	shipped
PP728776.1	shipped
MN774956.1	shipped
PP728779.1	shipped
MN774959.1	shipped
PP728781.1	shipped
NC_007013.1	max
AY622909.1	shipped
MT501645.1	max
MT501648.1	shipped
MT501652.1	max
AM711976.1	broad
AB026930.1	shipped
JX134045.1	shipped
KF764702.1	max
KU243129.1	shipped
LC381845.1	shipped
MK139485.1	shipped
MK212029.1	shipped
MK212030.1	shipped
MN769027.1	shipped
MN769028.1	shipped
MN769029.1	shipped
MN769030.1	max
MN769031.1	max
MN769032.1	shipped
MN769033.1	shipped
MN769034.1	shipped
MN769035.1	shipped
MN769036.1	max
MN769037.1	shipped
MN769038.1	shipped
MN769039.1	max
MN769040.1	shipped
MN769041.1	shipped
MN769042.1	shipped
MN769043.1	max
MN769044.1	shipped
MN769045.1	shipped
MN769046.1	shipped
MN769047.1	max
MN769048.1	max
MN769049.1	max
MN769051.1	shipped
MN769052.1	shipped
MN769053.1	max
MN769054.1	max
MN769055.1	shipped
MN769056.1	shipped
MN769057.1	shipped
MN769058.1	shipped
MN769059.1	shipped
MN769060.1	shipped
MN769061.1	max
MN769062.1	shipped
MN769063.1	max
MN769064.1	max
MN769065.1	max
MN769066.1	max
MN769067.1	shipped
MN769068.1	shipped
MN769069.1	max
MN769070.1	shipped
MN769071.1	shipped
MN769072.1	max
MN769073.1	shipped
MN769074.1	shipped
MN769075.1	max
MN769076.1	shipped
MN769077.1	shipped
MN769078.1	max
MN769079.1	max
MN769080.1	max
MN769081.1	max
MN769082.1	shipped
MN769083.1	shipped
MN769084.1	shipped
MN769085.1	max
MN769086.1	max
MN769087.1	shipped
MN769088.1	max
MN769089.1	shipped
MN769090.1	max
MN769091.1	max
MN769092.1	max
MN769093.1	max
MN769094.1	max
MN769095.1	max
MN769096.1	shipped
MN769097.1	max
MN769099.1	max
MN769100.1	shipped
MN769101.1	shipped
MN769102.1	max
MN769103.1	shipped
MN769104.1	shipped
MN769105.1	shipped
MN769106.1	shipped
MN769107.1	shipped
MN769108.1	shipped
MN769109.1	shipped
MN769110.1	shipped
MN769111.1	max
MN769112.1	shipped
MN769113.1	max
MN769114.1	max
MN769115.1	max
MN769116.1	shipped
MN769117.1	max
MN769118.1	shipped
MN769119.1	max
MN769120.1	max
MN769121.1	max
MN769122.1	max
MN769123.1	shipped
MN769124.1	shipped
MN769125.1	shipped
MN769126.1	shipped
MN769127.1	max
MN769128.1	shipped
MN769129.1	max
MN769130.1	max
MN769131.1	shipped
MN769132.1	max
MN769133.1	max
MN769134.1	max
MN769135.1	shipped
MN769136.1	shipped
MN769137.1	shipped
MN769138.1	max
MN769139.1	max
MN769140.1	shipped
MN769141.1	shipped
MN769142.1	shipped
MN769143.1	shipped
MN769144.1	shipped
MN769145.1	max
MN769146.1	max
MN769147.1	shipped
MN769148.1	max
MN769149.1	shipped
MN769150.1	shipped
MN769151.1	shipped
MN769152.1	max
MN769153.1	shipped
MN769154.1	shipped
MN769155.1	shipped
MN769156.1	max
MN769157.1	max
MN769158.1	shipped
MN769159.1	shipped
MN769160.1	max
MN769161.1	max
MN769162.1	shipped
MN769163.1	max
MN769164.1	max
MN769165.1	max
MN769166.1	shipped
MN769167.1	max
MN769168.1	max
MN769169.1	shipped
MN769170.1	max
MN769171.1	shipped
MN769172.1	shipped
MN769173.1	shipped
MN769174.1	max
MN769175.1	shipped
MN769176.1	max
MN769177.1	shipped
MN769178.1	shipped
MN769179.1	shipped
MN769180.1	shipped
MN769181.1	shipped
MN769182.1	shipped
MN769183.1	shipped
MN769184.1	max
MN769185.1	shipped
MN769186.1	shipped
MN769187.1	shipped
MN769188.1	shipped
MN769189.1	shipped
MN769190.1	shipped
MN769191.1	shipped
MN769192.1	shipped
MN769193.1	shipped
MN769194.1	max
MN769195.1	max
MN769196.1	max
MN769197.1	max
MN769198.1	max
MN769199.1	max
MN769200.1	shipped
MN769201.1	shipped
MN769202.1	shipped
MN769203.1	max
MN769204.1	shipped
MN769205.1	shipped
MN769206.1	shipped
MN769207.1	shipped
MN769208.1	max
MN769209.1	shipped
MN769210.1	shipped
MN769211.1	shipped
MN769212.1	shipped
MN769213.1	max
MN769214.1	shipped
MN769215.1	max
MN769216.1	max
MN769217.1	max
MN769218.1	max
MN769219.1	shipped
MN769220.1	max
MN769221.1	shipped
MN769222.1	max
MN769223.1	shipped
MN769224.1	shipped
MN769226.1	shipped
MN769227.1	max
MN769228.1	shipped
MN769229.1	max
MN769230.1	max
MN769231.1	shipped
MN769232.1	max
MN769233.1	shipped
MN769235.1	shipped
MN769237.1	shipped
MN769238.1	shipped
MN769239.1	max
MN769240.1	max
MN769241.1	shipped
MN769242.1	max
MN769243.1	max
MN769244.1	shipped
MN769245.1	shipped
MN769246.1	shipped
MN769247.1	shipped
MN769248.1	max
MN769249.1	max
MN769250.1	max
MN769251.1	shipped
MN769252.1	shipped
MN769253.1	shipped
MN769254.1	max
MN769255.1	max
MN769256.1	shipped
MN769257.1	shipped
MN769258.1	shipped
MN769259.1	shipped
MN769260.1	shipped
MN769261.1	max
MN769262.1	max
MN769263.1	shipped
MN769264.1	shipped
MN769265.1	shipped
MN769266.1	shipped
MN769267.1	max
MN769268.1	max
MN769269.1	shipped
MN769270.1	shipped
MN769271.1	max
MN769272.1	max
MN769273.1	shipped
MN769274.1	shipped
MN769275.1	max
MN769276.1	max
MN769277.1	max
MN769278.1	max
MN769279.1	max
MN769280.1	max
MN769281.1	shipped
MN769282.1	shipped
MN769283.1	shipped
MN769284.1	max
MN769285.1	max
MN769286.1	shipped
MN769287.1	max
MN769288.1	max
MN769289.1	shipped
MN769290.1	max
MN769291.1	max
MN769292.1	shipped
MN769293.1	shipped
MN769294.1	shipped
MN769295.1	max
MN769296.1	max
MN769297.1	shipped
MN769298.1	shipped
MN769299.1	max
MN769300.1	shipped
MN769301.1	shipped
MN769302.1	shipped
MN769303.1	shipped
MN769304.1	shipped
MN769305.1	shipped
MN769306.1	max
MN769307.1	max
MN769308.1	shipped
MN769309.1	shipped
MN769310.1	shipped
MN769311.1	shipped
MN769312.1	max
MN769313.1	max
MN769314.1	shipped
MN769315.1	max
MN769316.1	shipped
MN769317.1	max
MN769318.1	shipped
MN769319.1	shipped
MN769320.1	shipped
MN769321.1	shipped
MN769322.1	max
MN769323.1	shipped
MN769324.1	shipped
MN769325.1	shipped
MN769326.1	max
MN769327.1	max
MN769328.1	max
MN769329.1	shipped
MN769330.1	shipped
MN769331.1	max
MN769332.1	shipped
MN769333.1	shipped
MN769334.1	max
MN769335.1	shipped
MN769336.1	shipped
MN769337.1	shipped
MN769338.1	max
MN769339.1	max
MN769340.1	shipped
MN769341.1	max
MN769342.1	shipped
MN769343.1	max
MN769344.1	shipped
MN769345.1	max
MN769346.1	shipped
MN769347.1	shipped
MN769348.1	shipped
MN769349.1	shipped
MN769350.1	shipped
MN769351.1	shipped
MN769352.1	max
MN769353.1	shipped
MN769354.1	max
MN769355.1	shipped
MN769356.1	shipped
MN769357.1	shipped
MN769358.1	shipped
MN769359.1	shipped
MN769360.1	max
MN769361.1	max
MN769362.1	max
MN769363.1	shipped
MN769364.1	max
MN769365.1	shipped
MN769366.1	max
MN769367.1	shipped
MN769368.1	max
MN769369.1	shipped
MN769370.1	max
MN769371.1	max
MN769372.1	shipped
MN769373.1	shipped
MN769374.1	max
MN769375.1	shipped
MN769376.1	shipped
MN769377.1	max
MN769378.1	max
MN769379.1	max
MN769380.1	shipped
MN769381.1	max
MN769382.1	shipped
MN769383.1	shipped
MN769384.1	shipped
MN769385.1	max
MN769386.1	shipped
MN769387.1	max
MN769388.1	max
MN769389.1	shipped
MN769390.1	shipped
MN769391.1	max
MN769392.1	shipped
MN769393.1	max
MN769394.1	max
MN769395.1	shipped
MN769396.1	max
MN769397.1	max
MN769398.1	shipped
MN769401.1	shipped
MN769402.1	shipped
MN769403.1	shipped
MN769404.1	shipped
MN769405.1	shipped
MN769406.1	max
MN769407.1	shipped
MN769408.1	max
MN769409.1	shipped
MN769410.1	shipped
MN769411.1	max
MN769412.1	shipped
MN769413.1	max
MN769414.1	shipped
MN769415.1	shipped
MN769416.1	shipped
MN769417.1	shipped
MN769418.1	shipped
MN769419.1	max
MN769420.1	max
MN769421.1	max
MN769422.1	max
MN769423.1	max
MN769424.1	max
MN769425.1	shipped
MN769426.1	shipped
MN769427.1	shipped
MN769428.1	shipped
MN769429.1	max
MN769430.1	max
MN769431.1	max
MN769432.1	shipped
MN769433.1	shipped
MN769434.1	shipped
MN769435.1	max
MN769436.1	shipped
MN769437.1	shipped
MN769438.1	shipped
MN769439.1	max
MN769440.1	shipped
MN769441.1	shipped
MN769442.1	shipped
MN769443.1	max
MN769444.1	max
MN769445.1	max
MN769446.1	shipped
MN769447.1	shipped
MN769448.1	shipped
MN769449.1	shipped
MN769450.1	shipped
MN769451.1	shipped
MN769452.1	max
MN769453.1	shipped
MN769454.1	shipped
MN769455.1	shipped
MN769456.1	max
MN769457.1	shipped
MN769458.1	max
MN769459.1	shipped
MN769460.1	shipped
MN769461.1	shipped
MN769462.1	max
MN769463.1	shipped
MN769464.1	shipped
MN769465.1	shipped
MN769466.1	shipped
MN769467.1	max
MN769468.1	max
MN769469.1	max
MN769470.1	shipped
MN769471.1	max
MN769472.1	shipped
MN769473.1	shipped
MN769474.1	max
MN769475.1	shipped
MN769476.1	shipped
MN769477.1	max
MN769478.1	max
MN769479.1	max
MN769480.1	shipped
MN769481.1	max
MN769482.1	shipped
MN769483.1	max
MN769484.1	shipped
MN769485.1	max
MN769486.1	max
MN769487.1	max
MN769488.1	max
MN769489.1	max
MN769490.1	max
MN769491.1	max
MN769492.1	shipped
MN769493.1	max
MN769494.1	shipped
MN769495.1	max
MN769496.1	max
MN769497.1	shipped
MN769498.1	max
MN769499.1	max
MN769500.1	shipped
MN769501.1	shipped
MN769502.1	max
MN769503.1	max
MN769504.1	max
MN769505.1	max
MN769506.1	shipped
MN769507.1	shipped
MN769508.1	shipped
MN769509.1	max
MN769510.1	shipped
MN769511.1	max
MN769512.1	max
MN769513.1	shipped
MN769514.1	max
MN769515.1	shipped
MN769517.1	max
MN769518.1	max
MN769519.1	shipped
MN769520.1	max
MN769521.1	max
MN769522.1	shipped
MN769523.1	shipped
MN769524.1	shipped
MN769525.1	shipped
MN769526.1	max
MN769527.1	shipped
MN769528.1	max
MN769529.1	max
MN769530.1	max
MN769531.1	max
MN769532.1	shipped
MN769533.1	shipped
MN769534.1	max
MN769535.1	shipped
MN769536.1	max
MN769537.1	shipped
MN769538.1	max
MN769539.1	max
MN769540.1	shipped
MN769541.1	shipped
MN769542.1	shipped
MN769543.1	shipped
MN769544.1	shipped
MN769545.1	shipped
MN769546.1	shipped
MN769547.1	max
MN769548.1	max
MN769549.1	shipped
MN769550.1	shipped
MN769551.1	max
MN769552.1	shipped
MN769553.1	max
MN769554.1	shipped
MN769555.1	max
MN769556.1	shipped
MN769557.1	max
MN769558.1	shipped
MN769559.1	shipped
MN769560.1	shipped
MN769561.1	shipped
MN769562.1	shipped
MN769563.1	shipped
MN769564.1	shipped
MN769565.1	shipped
MN769566.1	shipped
MN769567.1	shipped
MN769568.1	shipped
MN769569.1	shipped
MN769572.1	max
MN769573.1	shipped
MN769574.1	shipped
MN769575.1	max
MN769576.1	shipped
MN769577.1	shipped
MN769578.1	shipped
MN769579.1	shipped
MN769580.1	shipped
MN769581.1	shipped
MN769582.1	max
MN769583.1	shipped
MN769584.1	shipped
MN769585.1	shipped
MN769586.1	shipped
MN769587.1	shipped
MN769588.1	max
MN769589.1	shipped
MN769590.1	max
MN769591.1	max
MN769592.1	max
MN769593.1	max
MN769594.1	max
MN769595.1	max
MN769596.1	shipped
MN769597.1	shipped
MN769598.1	shipped
MN769599.1	shipped
MN769600.1	shipped
MN769601.1	max
MN769602.1	shipped
MN769603.1	max
MN769604.1	max
MN769605.1	shipped
MN769606.1	shipped
MN769607.1	max
MN769608.1	shipped
MN769609.1	max
MN769610.1	max
MN769611.1	shipped
MN769612.1	shipped
MN769613.1	max
MN769614.1	shipped
MN769615.1	shipped
MN769616.1	shipped
MN769617.1	shipped
MN769618.1	shipped
MN769619.1	shipped
MN769620.1	shipped
MN769621.1	shipped
MN769622.1	max
MN769623.1	max
MN769624.1	max
MN769625.1	shipped
MN769626.1	max
MN769627.1	shipped
MN769628.1	max
MN769629.1	shipped
MN769630.1	shipped
MN769631.1	max
MN769632.1	shipped
MN769633.1	shipped
MN769634.1	max
MN769635.1	max
MN769636.1	max
MN769637.1	max
MN769638.1	max
MN769639.1	shipped
MN769640.1	max
MN769641.1	shipped
MN769642.1	shipped
MN769643.1	max
MN769644.1	max
MN769645.1	max
MN769646.1	max
MN769647.1	shipped
MN769648.1	shipped
MN769649.1	shipped
MN769650.1	shipped
MN769651.1	shipped
MN769652.1	max
MN769653.1	max
MN769654.1	max
MN769655.1	max
MN769656.1	max
MN769657.1	max
MN769658.1	shipped
MN769659.1	shipped
MN769660.1	max
MN769661.1	shipped
MN769662.1	shipped
MN769663.1	shipped
MN769664.1	max
MN769665.1	shipped
MN769666.1	shipped
MN769667.1	shipped
MN769668.1	max
MN769669.1	max
MN769670.1	shipped
MN769671.1	shipped
MN769672.1	max
MN769673.1	max
MN769674.1	max
MN769675.1	max
MN769676.1	shipped
MN769677.1	max
MN769678.1	shipped
MN769679.1	max
MN769680.1	shipped
MN769681.1	max
MN769682.1	shipped
MN769683.1	max
MN769684.1	shipped
MN769685.1	max
MN769686.1	shipped
MN769687.1	max
MN769688.1	max
MN769689.1	max
MN769690.1	shipped
MN769691.1	max
MN769692.1	shipped
MN769693.1	max
MN769694.1	shipped
MN769695.1	shipped
MN769696.1	max
MN769697.1	max
MN769698.1	max
MN769699.1	max
MN769700.1	max
MN769701.1	shipped
MN769702.1	shipped
MN769703.1	max
MN769704.1	max
MN769705.1	shipped
MN769706.1	shipped
MN769707.1	max
MN769708.1	max
MN769709.1	max
MN769710.1	max
MN769711.1	shipped
MN769712.1	max
MN769713.1	shipped
MN769714.1	max
MN769715.1	max
MN769716.1	shipped
MN769717.1	max
MN769718.1	max
MN769719.1	shipped
MN769720.1	max
MN769721.1	shipped
MN769722.1	shipped
MN769723.1	max
MN769724.1	max
MN769725.1	max
MN769726.1	max
MN769727.1	max
MN769728.1	max
MN769729.1	max
MN769730.1	shipped
MN769731.1	max
MN769732.1	shipped
MN769733.1	shipped
MN769734.1	shipped
MN769735.1	max
MN769736.1	max
MN769737.1	shipped
MN769738.1	shipped
MN769739.1	shipped
MN769740.1	max
MN769741.1	max
MN769742.1	shipped
MN769743.1	max
MN769744.1	max
MN769745.1	max
MN769746.1	shipped
MN769747.1	shipped
MN769748.1	shipped
MN769749.1	shipped
MN769750.1	max
MN769751.1	max
MN769752.1	max
MN769753.1	max
MN769754.1	max
MN769755.1	max
MN769756.1	shipped
MN769757.1	max
MN769758.1	max
MN769759.1	max
MN769760.1	max
MN769761.1	max
MN769762.1	max
MN769763.1	shipped
MN769764.1	max
MN769765.1	max
MN769766.1	max
MN769767.1	max
MN769768.1	shipped
MN769769.1	max
MN769770.1	max
MN769771.1	max
MN769772.1	shipped
MN769773.1	shipped
MN769774.1	shipped
MN769775.1	max
MN769776.1	shipped
MN769777.1	max
MN769778.1	max
MN769779.1	max
MN769780.1	shipped
MN769781.1	max
MN769782.1	shipped
MN769783.1	max
MN769784.1	max
MN769785.1	shipped
MN769786.1	max
MN769787.1	max
MN769788.1	shipped
MN769789.1	shipped
MN769790.1	shipped
MN769791.1	max
MN769792.1	max
MN769793.1	shipped
MN769794.1	shipped
MN769795.1	shipped
MN769796.1	shipped
MN769797.1	shipped
MN769798.1	max
MN769799.1	max
MN769800.1	max
MN769801.1	shipped
MN769802.1	shipped
MN769803.1	max
MN769804.1	shipped
MN769805.1	shipped
MN769806.1	shipped
MN769807.1	max
MN769808.1	max
MN769809.1	shipped
MN769810.1	shipped
MN769811.1	max
MN769812.1	max
MN769813.1	max
MN769814.1	max
MN769815.1	max
MN769816.1	shipped
MN769817.1	max
MN769818.1	shipped
MN769819.1	max
MN769820.1	max
MN769821.1	max
MN769822.1	max
MN769823.1	max
MN769824.1	shipped
MN769825.1	max
MN769826.1	max
MN769827.1	max
MN769828.1	shipped
MN769829.1	max
MN769830.1	max
MN769831.1	max
MN769832.1	shipped
MN769833.1	max
MN769834.1	max
MN769835.1	max
MN769836.1	shipped
MN769837.1	shipped
MN769838.1	shipped
MN769839.1	max
MN769840.1	shipped
MN769841.1	max
MN769842.1	shipped
MN769843.1	shipped
MN769844.1	max
MN769845.1	max
MN769846.1	max
MN769847.1	max
MN769848.1	max
MN769849.1	shipped
MN769850.1	shipped
MN769851.1	max
MN769852.1	shipped
MN769853.1	shipped
MN769854.1	shipped
MN769855.1	shipped
MN769856.1	max
MN769857.1	shipped
MN769858.1	shipped
MN769859.1	shipped
MN769860.1	shipped
MN769861.1	max
MN769862.1	shipped
MN769863.1	shipped
MN769864.1	shipped
MN769865.1	max
MN769866.1	max
MN769867.1	shipped
MN769868.1	max
MN769869.1	max
MN769870.1	shipped
MN769871.1	max
MN769872.1	shipped
MN769873.1	max
MN769874.1	shipped
MN769875.1	max
MN769876.1	shipped
MN769877.1	max
MN769878.1	max
MN769879.1	max
MN769880.1	max
MN769881.1	shipped
MN769882.1	shipped
MN769883.1	max
MN769884.1	max
MN769885.1	max
MN769886.1	shipped
MN769887.1	shipped
MN769888.1	shipped
MN769889.1	max
MN769890.1	shipped
MN769891.1	shipped
MN769892.1	max
MN769893.1	max
MN769894.1	max
MN769895.1	max
MN769896.1	max
MN769897.1	shipped
MN769898.1	max
MN769900.1	shipped
MN769901.1	shipped
MN769902.1	max
MN769903.1	shipped
MN769904.1	shipped
MN769905.1	shipped
MN769906.1	max
MN769907.1	max
MN769908.1	max
MN769909.1	max
MN769910.1	shipped
MN769911.1	shipped
MN769912.1	max
MN769913.1	max
MN769914.1	shipped
MN769915.1	max
MN769916.1	max
MN769917.1	shipped
MN769918.1	shipped
MN769919.1	max
MN769920.1	max
MN769921.1	shipped
MN769922.1	max
MN769923.1	shipped
MN769924.1	shipped
MN769925.1	shipped
MN769926.1	shipped
MN769927.1	shipped
MN769928.1	shipped
MN769929.1	max
MN769930.1	shipped
MN769931.1	shipped
MN769932.1	max
MN769933.1	max
MN769934.1	max
MN769935.1	max
MN769936.1	max
MN769937.1	max
MN769938.1	max
MN769939.1	shipped
MN769940.1	shipped
MN769941.1	max
MN769942.1	max
MN769943.1	max
MN769944.1	max
MN769945.1	shipped
MN769946.1	max
MN769947.1	max
MN769948.1	max
MN769949.1	shipped
MN769950.1	shipped
MN769951.1	shipped
MN769952.1	max
MN769953.1	max
MN769954.1	shipped
MN769955.1	max
MN769956.1	max
MN769957.1	max
MN769958.1	shipped
MN769959.1	max
MN769960.1	max
MN769961.1	max
MN769962.1	shipped
MN769963.1	max
MN769964.1	max
MN769965.1	max
MN769966.1	shipped
MN769967.1	shipped
MN769968.1	shipped
MN769969.1	shipped
MN769970.1	max
MN769971.1	shipped
MN769972.1	shipped
MN769973.1	shipped
MN769974.1	shipped
MN769975.1	max
MN769976.1	shipped
MN769977.1	shipped
MN769978.1	shipped
MN769979.1	max
MN769980.1	max
MN769981.1	shipped
MN769982.1	max
MN769983.1	shipped
MN769984.1	max
MN769985.1	shipped
MN769986.1	max
MN769987.1	max
MN769988.1	max
MN769989.1	max
MN769990.1	max
MN769991.1	shipped
MN769992.1	max
MN769993.1	shipped
MN769994.1	shipped
MN769995.1	max
MN769996.1	max
MN769997.1	shipped
MN769998.1	shipped
MN769999.1	max
MN770000.1	max
MN770001.1	max
MN770002.1	shipped
MN770003.1	max
MN770004.1	max
MN770005.1	shipped
MN770006.1	max
MN770007.1	max
MN770008.1	max
MN770009.1	shipped
MN770010.1	max
MN770011.1	shipped
MN770012.1	max
MN770013.1	max
MN770014.1	max
MN770015.1	shipped
MN770016.1	max
MN770017.1	shipped
MN770018.1	max
MN770019.1	shipped
MN770020.1	max
MN770021.1	max
MN770022.1	max
MN770023.1	max
MN770024.1	shipped
MN770025.1	max
MN770026.1	shipped
MN770027.1	max
MN770028.1	shipped
MN770029.1	max
MN770030.1	shipped
MN770031.1	shipped
MN770033.1	max
MN770034.1	shipped
MN770035.1	max
MN770036.1	shipped
MN770037.1	shipped
MN770038.1	max
MN770039.1	max
MN770040.1	shipped
MN770041.1	max
MN770042.1	max
MN770043.1	max
MN770044.1	shipped
MN770045.1	shipped
MN770046.1	shipped
MN770047.1	max
MN770048.1	max
MN770049.1	shipped
MN770050.1	shipped
MN770051.1	shipped
MN770052.1	max
MN770053.1	shipped
MN770054.1	max
MN770055.1	max
MN770056.1	shipped
MN770057.1	max
MN770058.1	max
MN770059.1	shipped
MN770060.1	shipped
MN770061.1	shipped
MN770062.1	shipped
MN770063.1	shipped
MN770064.1	shipped
MN770065.1	max
MN770066.1	max
MN770067.1	shipped
MN770068.1	max
MN770069.1	shipped
MN770070.1	max
MN770071.1	shipped
MN770072.1	shipped
MN770073.1	max
MN770074.1	max
MN770075.1	shipped
MN770076.1	max
MN770077.1	shipped
MN770078.1	shipped
MN770079.1	max
MN770080.1	shipped
MN770081.1	shipped
MN770082.1	shipped
MN770083.1	max
MN770084.1	max
MN770085.1	max
MN770086.1	shipped
MN770087.1	shipped
MN770088.1	shipped
MN770089.1	max
MN770090.1	max
MN770092.1	shipped
MN770093.1	shipped
MN770094.1	shipped
MN770095.1	max
MN770096.1	max
MN770097.1	shipped
MN770098.1	max
MN770099.1	shipped
MN770100.1	max
MN770101.1	shipped
MN770102.1	max
MN770103.1	shipped
MN770104.1	shipped
MN770105.1	shipped
MN770106.1	shipped
MN770107.1	max
MN770108.1	shipped
MN770109.1	shipped
MN770110.1	max
MN770111.1	shipped
MN770112.1	shipped
MN770113.1	max
MN770114.1	shipped
MN770115.1	max
MN770116.1	max
MN770117.1	max
MN770118.1	shipped
MN770119.1	shipped
MN770120.1	max
MN770121.1	shipped
MN770122.1	shipped
MN770123.1	shipped
MN770124.1	shipped
MN770125.1	shipped
MN770126.1	max
MN770127.1	shipped
MN770128.1	shipped
MN770129.1	shipped
MN770130.1	max
MN770131.1	shipped
MN770132.1	shipped
MN770133.1	shipped
MN770134.1	shipped
MN770135.1	max
MN770136.1	shipped
MN770137.1	shipped
MN770138.1	shipped
MN770139.1	max
MN770140.1	shipped
MN770141.1	max
MN770142.1	max
MN770143.1	shipped
MN770144.1	max
MN770145.1	shipped
MN770146.1	shipped
MN770147.1	shipped
MN770148.1	shipped
MN770149.1	shipped
MN770151.1	max
MN770152.1	max
MN770153.1	shipped
MN770154.1	shipped
MN770155.1	max
MN770156.1	max
MN770157.1	max
MN770158.1	max
MN770160.1	shipped
MN770161.1	shipped
MN770162.1	max
MN770163.1	max
MN770164.1	shipped
MN770165.1	max
MN770166.1	max
MN770167.1	max
MN770168.1	shipped
MN770169.1	max
MN770170.1	shipped
MN770171.1	max
MN770172.1	shipped
MN770173.1	max
MN770174.1	shipped
MN770175.1	max
MN770176.1	max
MN770177.1	shipped
MN770178.1	max
MN770179.1	shipped
MN770180.1	max
MN770181.1	shipped
MN770182.1	max
MN770184.1	shipped
MN770185.1	shipped
MN770186.1	max
MN770187.1	shipped
MN770188.1	max
MN770189.1	shipped
MN770190.1	shipped
MN770191.1	shipped
MN770192.1	max
MN770193.1	shipped
MN770194.1	shipped
MN770195.1	max
MN770196.1	shipped
MN770197.1	max
MN770198.1	max
MN770199.1	shipped
MN770200.1	max
MN770201.1	shipped
MN770202.1	shipped
MN770203.1	max
MN770204.1	shipped
MN770205.1	max
MN770206.1	max
MN770207.1	max
MN770208.1	max
MN770209.1	shipped
MN770210.1	max
MN770211.1	max
MN770212.1	max
MN770213.1	shipped
MN770214.1	shipped
MN770215.1	max
MN770216.1	shipped
MN770217.1	shipped
MN770218.1	shipped
MN770219.1	shipped
MN770220.1	shipped
MN770221.1	max
MN770222.1	max
MN770223.1	max
MN770224.1	shipped
MN770225.1	max
MN770226.1	max
MN770227.1	shipped
MN770228.1	shipped
MN770229.1	shipped
MN770230.1	shipped
MN770231.1	shipped
MN770232.1	shipped
MN770233.1	shipped
MN770234.1	shipped
MN770235.1	shipped
MN770236.1	shipped
MN770237.1	max
MN770238.1	shipped
MN770239.1	shipped
MN770240.1	max
MN770241.1	max
MN770242.1	max
MN770243.1	shipped
MN770244.1	shipped
MN770245.1	max
MN770246.1	shipped
MN770247.1	max
MN770248.1	shipped
MN770249.1	shipped
MN770250.1	shipped
MN770251.1	max
MN770252.1	shipped
MN770253.1	max
MN770254.1	max
MN770255.1	max
MN770256.1	max
MN770257.1	max
MN770258.1	max
MN770259.1	shipped
MN770260.1	shipped
MN770261.1	max
MN770262.1	shipped
MN770263.1	max
MN770264.1	shipped
MN770265.1	shipped
MN770266.1	shipped
MN770267.1	shipped
MN770268.1	max
MN770269.1	max
MN770271.1	max
MN770272.1	max
MN770273.1	shipped
MN770274.1	max
MN770275.1	max
MN770276.1	max
MN770277.1	shipped
MN770278.1	max
MN770279.1	shipped
MN770280.1	max
MN770281.1	max
MN770282.1	shipped
MN770283.1	shipped
MN770284.1	max
MN770285.1	shipped
MN770286.1	max
MN770287.1	max
MN770288.1	max
MN770289.1	max
MN770290.1	max
MN770291.1	max
MN770292.1	max
MN770293.1	shipped
MN770294.1	max
MN770295.1	max
MN770296.1	max
MN770297.1	shipped
MN770298.1	max
MN770299.1	max
MN770300.1	max
MN770301.1	shipped
MN770302.1	shipped
MN770303.1	shipped
MN770304.1	max
MN770305.1	shipped
MN770306.1	max
MN770307.1	shipped
MN770308.1	shipped
MN770309.1	max
MN770310.1	max
MN770311.1	max
MN770312.1	shipped
MN770313.1	max
MN770314.1	max
MN770315.1	max
MN770316.1	max
MN770317.1	shipped
MN770318.1	shipped
MN770319.1	max
MN770320.1	shipped
MN770321.1	max
MN770322.1	shipped
MN770323.1	shipped
MN770324.1	shipped
MN770325.1	max
MN770326.1	max
MN770327.1	max
MN770328.1	shipped
MN770329.1	max
MN770330.1	shipped
MN770331.1	shipped
MN770332.1	shipped
MN770333.1	shipped
MN770334.1	shipped
MN770335.1	shipped
MN770336.1	shipped
MN770337.1	shipped
MN770338.1	shipped
MN770339.1	max
MN770340.1	max
MN770341.1	shipped
MN770342.1	shipped
MN770343.1	max
MN770344.1	shipped
MN770345.1	shipped
MN770346.1	shipped
MN770347.1	shipped
MN770348.1	max
MN770349.1	shipped
MN770350.1	shipped
MN770351.1	shipped
MN770352.1	shipped
MN770353.1	shipped
MN770354.1	max
MN770355.1	shipped
MN770356.1	max
MN770357.1	shipped
MN770358.1	max
MN770359.1	shipped
MN770360.1	shipped
MN770361.1	shipped
MN770362.1	shipped
MN770363.1	max
MN770364.1	shipped
MN770365.1	max
MN770366.1	shipped
MN770367.1	shipped
MN770368.1	max
MN770369.1	max
MN770370.1	max
MN770371.1	shipped
MN770372.1	max
MN770373.1	max
MN770374.1	shipped
MN770375.1	shipped
MN770376.1	max
MN770377.1	max
MN770378.1	shipped
MN770379.1	shipped
MN770380.1	max
MN770381.1	max
MN770382.1	shipped
MN770383.1	shipped
MN770384.1	shipped
MN770385.1	max
MN770386.1	shipped
MN770387.1	max
MN770388.1	max
MN770389.1	shipped
MN770390.1	shipped
MN770391.1	max
MN770392.1	shipped
MN770393.1	shipped
MN770394.1	max
MN770395.1	shipped
MN770396.1	shipped
MN770397.1	max
MN770398.1	shipped
MN770399.1	max
MN770400.1	max
MN770401.1	shipped
MN770402.1	max
MN770403.1	shipped
MN770404.1	max
MN770405.1	shipped
MN770406.1	shipped
MN770407.1	shipped
MN770408.1	shipped
MN770409.1	max
MN770410.1	shipped
MN770411.1	shipped
MN770412.1	max
MN770413.1	shipped
MN770414.1	max
MN770415.1	shipped
MN770416.1	shipped
MN770417.1	max
MN770418.1	shipped
MN770419.1	shipped
MN770420.1	shipped
MN770421.1	shipped
MN770422.1	shipped
MN770423.1	max
MN770424.1	max
MN770425.1	shipped
MN770426.1	shipped
MN770427.1	max
MN770428.1	shipped
MN770429.1	shipped
MN770430.1	shipped
MN770431.1	shipped
MN770432.1	shipped
MN770433.1	shipped
MN770434.1	max
MN770435.1	shipped
MN770436.1	shipped
MN770437.1	shipped
MN770438.1	max
MN770439.1	max
MN770440.1	shipped
MN770441.1	max
MN770442.1	max
MN770443.1	max
MN770444.1	max
MN770445.1	max
MN770446.1	shipped
MN770447.1	shipped
MN770448.1	max
MN770449.1	max
MN770450.1	max
MN770451.1	shipped
MN770452.1	shipped
MN770453.1	max
MN770454.1	max
MN770455.1	shipped
MN770456.1	shipped
MN770457.1	shipped
MN770458.1	shipped
MN770459.1	shipped
MN770460.1	max
MN770461.1	max
MN770462.1	max
MN770463.1	shipped
MN770464.1	shipped
MN770465.1	shipped
MN770466.1	shipped
MN770467.1	max
MN770468.1	shipped
MN770469.1	shipped
MN770470.1	shipped
MN770471.1	max
MN770472.1	shipped
MN770473.1	max
MN770474.1	max
MN770475.1	shipped
MN770476.1	shipped
MN770477.1	max
MN770478.1	shipped
MN770479.1	shipped
MN770480.1	shipped
MN770481.1	max
MN770482.1	shipped
MN770483.1	shipped
MN770484.1	shipped
MN770485.1	shipped
MN770486.1	shipped
MN770487.1	max
MN770488.1	max
MN770489.1	shipped
MN770490.1	shipped
MN770491.1	max
MN770492.1	max
MN770493.1	max
MN770494.1	max
MN770495.1	shipped
MN770496.1	max
MN770497.1	shipped
MN770498.1	max
MN770499.1	max
MN770500.1	shipped
MN770501.1	shipped
MN770502.1	shipped
MN770503.1	shipped
MN770504.1	max
MN770505.1	max
MN770506.1	shipped
MN770507.1	shipped
MN770508.1	shipped
MN770509.1	max
MN770510.1	max
MN770511.1	shipped
MN770512.1	max
MN770513.1	shipped
MN770514.1	shipped
MN770515.1	shipped
MN770516.1	shipped
MN770517.1	max
MN770518.1	max
MN770519.1	shipped
MN770520.1	shipped
MN770521.1	max
MN770522.1	max
MN770523.1	max
MN770524.1	max
MN770525.1	shipped
MN770526.1	shipped
MN770527.1	shipped
MN770528.1	max
MN770529.1	shipped
MN770530.1	max
MN770531.1	shipped
MN770532.1	shipped
MN770533.1	shipped
MN770534.1	max
MN770535.1	shipped
MN770536.1	max
MN770537.1	shipped
MN770538.1	shipped
MN770539.1	max
MN770540.1	max
MN770541.1	shipped
MN770542.1	max
MN770543.1	shipped
MN770544.1	shipped
MN770545.1	max
MN770546.1	shipped
MN770547.1	max
MN770548.1	max
MN770549.1	max
MN770550.1	max
MN770551.1	max
MN770552.1	shipped
MN770553.1	max
MN770554.1	shipped
MN770555.1	shipped
MN770556.1	shipped
MN770557.1	max
MN770558.1	shipped
MN770559.1	shipped
MN770560.1	shipped
MN770561.1	max
MN770562.1	max
MN770563.1	shipped
MN770564.1	shipped
MN770565.1	shipped
MN770566.1	max
MN770567.1	shipped
MN770568.1	max
MN770569.1	shipped
MN770570.1	max
MN770571.1	max
MN770572.1	max
MN770573.1	max
MN770574.1	max
MN770575.1	max
MN770576.1	shipped
MN770577.1	shipped
MN770578.1	max
MN770579.1	shipped
MN770580.1	max
MN770581.1	shipped
MN770582.1	max
MN770583.1	max
MN770584.1	shipped
MN770585.1	shipped
MN770586.1	max
MN770587.1	max
MN770588.1	shipped
MN770589.1	shipped
MN770590.1	shipped
MN770591.1	max
MN770592.1	max
MN770593.1	shipped
MN770594.1	max
MN770595.1	max
MN770596.1	max
MN770597.1	shipped
MN770598.1	shipped
MN770599.1	max
MN770600.1	shipped
MN770601.1	shipped
MN770602.1	shipped
MN770603.1	shipped
MN770604.1	max
MN770605.1	max
MN770606.1	max
MN770607.1	shipped
MN770608.1	shipped
MN770609.1	max
MN770610.1	shipped
MN770611.1	max
MN770612.1	max
MN770613.1	max
MN770614.1	shipped
MN770615.1	max
MN770616.1	max
MN770617.1	shipped
MN770618.1	max
MN770619.1	max
MN770620.1	max
MN770621.1	max
MN770622.1	shipped
MN770623.1	shipped
MN770624.1	shipped
MN770625.1	max
MN770626.1	shipped
MN770627.1	shipped
MN770628.1	max
MN770629.1	max
MN770630.1	shipped
MN770631.1	shipped
MN770632.1	shipped
MN770633.1	max
MN770634.1	max
MN770635.1	max
MN770637.1	max
MN770638.1	max
MN770639.1	max
MN770640.1	max
MN770641.1	max
MN770642.1	max
MN770643.1	max
MN770644.1	shipped
MN770645.1	max
MN770646.1	shipped
MN770647.1	shipped
MN770648.1	max
MN770649.1	shipped
MN770650.1	shipped
MN770651.1	shipped
MN770652.1	shipped
MN770653.1	shipped
MN770654.1	max
MN770655.1	shipped
MN770656.1	shipped
MN770657.1	max
MN770658.1	shipped
MN770659.1	shipped
MN770660.1	shipped
MN770661.1	max
MN770662.1	shipped
MN770663.1	shipped
MN770664.1	max
MN770665.1	max
MN770666.1	max
MN770667.1	max
MN770668.1	max
MN770669.1	max
MN770670.1	shipped
MN770671.1	shipped
MN770672.1	shipped
MN770673.1	shipped
MN770674.1	max
MN770675.1	max
MN770676.1	max
MN770677.1	max
MN770678.1	shipped
MN770679.1	max
MN770680.1	max
MN770681.1	max
MN770682.1	shipped
MN770683.1	shipped
MN770684.1	shipped
MN770685.1	shipped
MN770686.1	max
MN770687.1	shipped
MN770688.1	max
MN770689.1	max
MN770690.1	max
MN770691.1	max
MN770692.1	shipped
MN770693.1	max
MN770694.1	max
MN770695.1	shipped
MN770696.1	shipped
MN770697.1	shipped
MN770698.1	shipped
MN770699.1	max
MN770700.1	shipped
MN770701.1	shipped
MN770702.1	shipped
MN770703.1	shipped
MN770704.1	max
MN770705.1	max
MN770706.1	shipped
MN770707.1	shipped
MN770708.1	shipped
MN770709.1	max
MN770710.1	shipped
MN770711.1	shipped
MN770712.1	max
MN770713.1	shipped
MN770714.1	shipped
MN770715.1	max
MN770716.1	max
MN770717.1	shipped
MN770718.1	max
MN770719.1	shipped
MN770720.1	max
MN770721.1	max
MN770722.1	max
MN770723.1	max
MN770724.1	shipped
MN770725.1	shipped
MN770726.1	shipped
MN770727.1	max
MN770728.1	shipped
MN770729.1	max
MN770730.1	max
MN770731.1	max
MN770732.1	shipped
MN770733.1	shipped
MN770734.1	max
MN770735.1	max
MN770736.1	shipped
MN770737.1	shipped
MN770738.1	max
MN770739.1	max
MN770740.1	shipped
MN770741.1	max
MN770742.1	max
MN770743.1	max
MN770744.1	max
MN770745.1	max
MN770746.1	max
MN770747.1	max
MN770748.1	shipped
MN770749.1	max
MN770750.1	shipped
MN770751.1	max
MN770752.1	max
MN770753.1	shipped
MN770754.1	max
MN770755.1	max
MN770756.1	max
MN770757.1	max
MN770758.1	shipped
MN770759.1	max
MN770760.1	shipped
MN770761.1	shipped
MN770762.1	max
MN770763.1	max
MN770764.1	max
MN770765.1	max
MN770766.1	max
MN770767.1	max
MN770768.1	max
MN770769.1	max
MN770770.1	shipped
MN770771.1	max
MN770772.1	max
MN770773.1	max
MN770774.1	max
MN770775.1	max
MN770776.1	shipped
MN770777.1	max
MN770778.1	shipped
MN770779.1	shipped
MN770780.1	max
MN770781.1	shipped
MN770782.1	shipped
MN770783.1	shipped
MN770784.1	max
MN770785.1	max
MN770786.1	shipped
MN770787.1	max
MN770788.1	shipped
MN770789.1	shipped
MN770790.1	shipped
MN770791.1	max
MN770792.1	shipped
MN770793.1	max
MN770794.1	shipped
MN770795.1	shipped
MN770796.1	max
MN770797.1	max
MN770798.1	max
MN770799.1	max
MN770800.1	shipped
MN770801.1	shipped
MN770802.1	max
MN770803.1	max
MN770804.1	max
MN770805.1	shipped
MN770806.1	max
MN770807.1	shipped
MN770808.1	shipped
MN770809.1	shipped
MN770810.1	max
MN770811.1	shipped
MN770812.1	shipped
MN770813.1	shipped
MN770814.1	shipped
MN770815.1	shipped
MN770816.1	max
MN770817.1	shipped
MN770818.1	max
MN770819.1	shipped
MN770820.1	max
MN770821.1	shipped
MN770822.1	shipped
MN770823.1	shipped
MN770824.1	max
MN770825.1	max
MN770826.1	max
MN770827.1	shipped
MN770828.1	shipped
MN770829.1	max
MN770830.1	max
MN770831.1	max
MN770832.1	max
MN770833.1	max
MN770834.1	shipped
MN770835.1	max
MN770836.1	shipped
MN770837.1	max
MN770838.1	max
MN770839.1	max
MN770840.1	max
MN770841.1	max
MN770842.1	max
MN770843.1	max
MN770844.1	shipped
MN770845.1	max
MN770846.1	max
MN770847.1	max
MN770848.1	shipped
MN770849.1	shipped
MN770850.1	max
MN770851.1	max
MN770852.1	max
MN770853.1	shipped
MN770854.1	max
MN770855.1	max
MN770856.1	shipped
MN770857.1	max
MN770858.1	max
MN770859.1	shipped
MN770860.1	shipped
MN770861.1	shipped
MN770862.1	shipped
MN770863.1	shipped
MN770864.1	shipped
MN770865.1	shipped
MN770866.1	shipped
MN770867.1	shipped
MN770868.1	shipped
MN770869.1	shipped
MN770870.1	max
MN770871.1	max
MN770872.1	max
MN770874.1	max
MN770875.1	shipped
MN770876.1	shipped
MN770877.1	shipped
MN770878.1	max
MN770879.1	max
MN770880.1	max
MN770881.1	max
MN770882.1	max
MN770883.1	max
MN770884.1	max
MN770885.1	shipped
MN770886.1	max
MN770887.1	max
MN770888.1	shipped
MN770889.1	shipped
MN770890.1	shipped
MN770891.1	max
MN770892.1	max
MN770893.1	max
MN770894.1	shipped
MN770895.1	shipped
MN770896.1	shipped
MN770897.1	shipped
MN770898.1	max
MN770899.1	max
MN770900.1	max
MN770901.1	shipped
MN770902.1	max
MN770903.1	max
MN770904.1	shipped
MN770905.1	shipped
MN770906.1	shipped
MN770907.1	shipped
MN770908.1	shipped
MN770909.1	max
MN770910.1	shipped
MN770911.1	max
MN770912.1	shipped
MN770913.1	shipped
MN770914.1	shipped
MN770915.1	shipped
MN770916.1	max
MN770917.1	max
MN770918.1	shipped
MN770919.1	shipped
MN770920.1	shipped
MN770921.1	max
MN770922.1	shipped
MN770923.1	max
MN770924.1	max
MN770925.1	max
MN770926.1	shipped
MN770927.1	max
MN770928.1	shipped
MN770929.1	max
MN770930.1	max
MN770931.1	max
MN770932.1	max
MN770933.1	shipped
MN770934.1	max
MN770935.1	shipped
MN770936.1	shipped
MN770937.1	shipped
MN770938.1	max
MN770939.1	max
MN770940.1	shipped
MN770941.1	max
MN770942.1	max
MN770943.1	max
MN770944.1	shipped
MN770945.1	max
MN770946.1	shipped
MN770947.1	max
MN770948.1	max
MN770949.1	max
MN770950.1	max
MN770951.1	max
MN770952.1	shipped
MN770953.1	max
MN770954.1	max
MN770955.1	max
MN770956.1	shipped
MN770957.1	shipped
MN770958.1	shipped
MN770959.1	shipped
MN770960.1	max
MN770961.1	max
MN770962.1	shipped
MN770963.1	shipped
MN770964.1	max
MN770965.1	shipped
MN770966.1	shipped
MN770967.1	shipped
MN770968.1	max
MN770969.1	max
MN770970.1	shipped
MN770971.1	shipped
MN770972.1	max
MN770973.1	shipped
MN770974.1	max
MN770975.1	max
MN770976.1	max
MN770977.1	max
MN770978.1	max
MN770979.1	max
MN770980.1	max
MN770981.1	max
MN770982.1	max
MN770983.1	shipped
MN770984.1	max
MN770985.1	max
MN770986.1	shipped
MN770987.1	max
MN770988.1	max
MN770989.1	shipped
MN770990.1	shipped
MN770991.1	shipped
MN770992.1	shipped
MN770993.1	shipped
MN770994.1	shipped
MN770995.1	shipped
MN770996.1	max
MN770997.1	max
MN770998.1	shipped
MN770999.1	max
MN771000.1	max
MN771001.1	max
MN771002.1	max
MN771003.1	max
MN771004.1	shipped
MN771005.1	max
MN771006.1	shipped
MN771007.1	max
MN771008.1	max
MN771009.1	shipped
MN771010.1	max
MN771011.1	max
MN771012.1	max
MN771013.1	shipped
MN771014.1	max
MN771015.1	max
MN771016.1	shipped
MN771017.1	shipped
MN771018.1	max
MN771019.1	max
MN771020.1	max
MN771021.1	max
MN771022.1	max
MN771023.1	shipped
MN771024.1	shipped
MN771025.1	max
MN771026.1	max
MN771027.1	shipped
MN771028.1	max
MN771029.1	max
MN771030.1	shipped
MN771031.1	max
MN771032.1	max
MN771033.1	max
MN771034.1	max
MN771035.1	max
MN771036.1	max
MN771037.1	max
MN771038.1	shipped
MN771039.1	shipped
MN771040.1	max
MN771041.1	shipped
MN771042.1	shipped
MN771043.1	shipped
MN771044.1	shipped
MN771045.1	shipped
MN771046.1	shipped
MN771047.1	max
MN771048.1	shipped
MN771049.1	max
MN771050.1	max
MN771051.1	shipped
MN771052.1	max
MN771053.1	max
MN771054.1	max
MN771055.1	shipped
MN771056.1	shipped
MN771057.1	shipped
MN771058.1	max
MN771059.1	shipped
MN771060.1	max
MN771061.1	shipped
MN771062.1	max
MN771063.1	shipped
MN771064.1	max
MN771065.1	shipped
MN771066.1	shipped
MN771067.1	shipped
MN771068.1	shipped
MN771069.1	max
MN771070.1	shipped
MN771071.1	max
MN771072.1	shipped
MN771073.1	max
MN771074.1	shipped
MN771075.1	max
MN771076.1	max
MN771077.1	shipped
MN771078.1	max
MN771079.1	max
MN771080.1	shipped
MN771081.1	shipped
MN771082.1	max
MN771083.1	shipped
MN771084.1	max
MN771085.1	max
MN771086.1	shipped
MN771087.1	shipped
MN771088.1	max
MN771089.1	shipped
MN771090.1	max
MN771091.1	shipped
MN771092.1	shipped
MN771093.1	shipped
MN771094.1	max
MN771095.1	max
MN771096.1	max
MN771097.1	shipped
MN771098.1	shipped
MN771099.1	max
MN771100.1	max
MN771101.1	max
MN771102.1	shipped
MN771103.1	max
MN771104.1	shipped
MN771105.1	max
MN771106.1	shipped
MN771107.1	max
MN771108.1	shipped
MN771109.1	max
MN771110.1	shipped
MN771111.1	shipped
MN771112.1	shipped
MN771113.1	max
MN771114.1	max
MN771115.1	shipped
MN771117.1	shipped
MN771118.1	max
MN771119.1	shipped
MN771120.1	shipped
MN771121.1	max
MN771122.1	max
MN771123.1	shipped
MN771124.1	max
MN771125.1	max
MN771126.1	max
MN771127.1	max
MN771128.1	max
MN771129.1	shipped
MN771130.1	max
MN771131.1	max
MN771132.1	max
MN771133.1	shipped
MN771134.1	shipped
MN771135.1	shipped
MN771136.1	shipped
MN771137.1	shipped
MN771138.1	max
MN771139.1	shipped
MN771140.1	shipped
MN771141.1	shipped
MN771142.1	max
MN771143.1	max
MN771144.1	shipped
MN771145.1	shipped
MN771146.1	max
MN771147.1	shipped
MN771148.1	max
MN771149.1	max
MN771150.1	shipped
MN771151.1	shipped
MN771152.1	max
MN771153.1	shipped
MN771154.1	shipped
MN771155.1	shipped
MN771156.1	shipped
MN771157.1	max
MN771158.1	shipped
MN771159.1	shipped
MN771160.1	max
MN771161.1	shipped
MN771162.1	shipped
MN771163.1	shipped
MN771164.1	max
MN771165.1	max
MN771166.1	shipped
MN771167.1	max
MN771168.1	shipped
MN771169.1	shipped
MN771170.1	shipped
MN771171.1	shipped
MN771172.1	max
MN771173.1	shipped
MN771174.1	max
MN771175.1	max
MN771176.1	shipped
MN771177.1	shipped
MN771178.1	max
MN771179.1	max
MN771180.1	shipped
MN771181.1	shipped
MN771182.1	max
MN771183.1	shipped
MN771184.1	max
MN771185.1	max
MN771186.1	max
MN771187.1	max
MN771188.1	max
MN771189.1	max
MN771190.1	max
MN771191.1	max
MN771192.1	max
MN771193.1	max
MN771194.1	max
MN771195.1	shipped
MN771196.1	max
MN771197.1	max
MN771198.1	max
MN771199.1	shipped
MN771200.1	max
MN771201.1	max
MN771202.1	max
MN771203.1	max
MN771204.1	shipped
MN771205.1	shipped
MN771206.1	max
MN771207.1	max
MN771208.1	shipped
MN771209.1	max
MN771210.1	max
MN771211.1	max
MN771212.1	shipped
MN771213.1	shipped
MN771214.1	max
MN771215.1	shipped
MN771216.1	max
MN771217.1	shipped
MN771218.1	max
MN771219.1	shipped
MN771220.1	shipped
MN771221.1	shipped
MN771222.1	max
MN771223.1	shipped
MN771224.1	max
MN771225.1	max
MN771226.1	shipped
MN771227.1	max
MN771228.1	shipped
MN771229.1	max
MN771230.1	max
MN771231.1	shipped
MN771232.1	shipped
MN771233.1	max
MN771234.1	max
MN771235.1	max
MN771236.1	shipped
MN771237.1	shipped
MN771238.1	shipped
MN771239.1	shipped
MN771240.1	max
MN771241.1	max
MN771242.1	max
MN771243.1	shipped
MN771244.1	shipped
MN771245.1	max
MN771246.1	shipped
MN771247.1	max
MN771249.1	shipped
MN771250.1	max
MN771251.1	shipped
MN771253.1	shipped
MN771254.1	shipped
MN771255.1	shipped
MN771256.1	shipped
MN771257.1	shipped
MN771258.1	max
MN771259.1	max
MN771260.1	max
MN771261.1	shipped
MN771262.1	shipped
MN771263.1	shipped
MN771264.1	max
MN771265.1	shipped
MN771266.1	max
MN771267.1	max
MN771268.1	shipped
MN771269.1	shipped
MN771270.1	shipped
MN771271.1	shipped
MN771272.1	shipped
MN771273.1	shipped
MN771274.1	max
MN771275.1	shipped
MN771276.1	shipped
MN771278.1	max
MN771279.1	shipped
MN771280.1	max
MN771281.1	shipped
MN771282.1	shipped
MN771283.1	max
MN771284.1	shipped
MN771285.1	max
MN771286.1	max
MN771287.1	max
MN771288.1	max
MN771289.1	shipped
MN771290.1	max
MN771291.1	shipped
MN771292.1	max
MN771293.1	shipped
MN771294.1	shipped
MN771295.1	max
MN771296.1	max
MN771297.1	shipped
MN771298.1	max
MN771299.1	shipped
MN771300.1	shipped
MN771301.1	max
MN771302.1	max
MN771303.1	shipped
MN771304.1	shipped
MN771305.1	shipped
MN771306.1	max
MN771307.1	max
MN771308.1	max
MN771309.1	max
MN771310.1	shipped
MN771311.1	shipped
MN771312.1	shipped
MN771313.1	max
MN771314.1	max
MN771315.1	shipped
MN771316.1	shipped
MN771317.1	max
MN771318.1	max
MN771319.1	shipped
MN771320.1	max
MN771321.1	max
MN771322.1	shipped
MN771323.1	max
MN771324.1	max
MN771325.1	max
MN771326.1	shipped
MN771327.1	max
MN771328.1	max
MN771329.1	shipped
MN771330.1	max
MN771331.1	max
MN771332.1	max
MN771333.1	shipped
MN771334.1	shipped
MN771335.1	max
MN771336.1	max
MN771337.1	max
MN771338.1	max
MN771339.1	shipped
MN771340.1	max
MN771341.1	max
MN771342.1	max
MN771343.1	max
MN771344.1	max
MN771345.1	shipped
MN771346.1	max
MN771347.1	shipped
MN771348.1	shipped
MN771349.1	shipped
MN771350.1	shipped
MN771351.1	shipped
MN771352.1	shipped
MN771353.1	max
MN771354.1	shipped
MN771355.1	shipped
MN771356.1	shipped
MN771357.1	shipped
MN771358.1	max
MN771359.1	shipped
MN771360.1	shipped
MN771361.1	shipped
MN771362.1	shipped
MN771363.1	max
MN771364.1	shipped
MN771365.1	shipped
MN771366.1	shipped
MN771367.1	shipped
MN771368.1	max
MN771369.1	max
MN771370.1	shipped
MN771371.1	shipped
MN771372.1	shipped
MN771373.1	shipped
MN771374.1	shipped
MN771375.1	shipped
MN771376.1	shipped
MN771377.1	max
MN771378.1	shipped
MN771379.1	shipped
MN771380.1	max
MN771381.1	max
MN771382.1	max
MN771383.1	shipped
MN771384.1	max
MN771385.1	max
MN771386.1	shipped
MN771387.1	shipped
MN771388.1	max
MN771389.1	max
MN771390.1	max
MN771391.1	max
MN771392.1	shipped
MN771393.1	max
MN771394.1	max
MN771395.1	shipped
MN771396.1	shipped
MN771397.1	max
MN771398.1	shipped
MN771399.1	max
MN771400.1	shipped
MN771401.1	shipped
MN771402.1	max
MN771403.1	max
MN771404.1	shipped
MN771405.1	shipped
MN771406.1	shipped
MN771407.1	max
MN771408.1	shipped
MN771409.1	shipped
MN771410.1	shipped
MN771411.1	shipped
MN771412.1	max
MN771413.1	max
MN771414.1	max
MN771415.1	shipped
MN771416.1	shipped
MN771417.1	max
MN771418.1	shipped
MN771419.1	shipped
MN771420.1	max
MN771421.1	shipped
MN771422.1	max
MN771423.1	shipped
MN771424.1	max
MN771425.1	shipped
MN771426.1	shipped
MN771427.1	max
MN771428.1	shipped
MN771429.1	shipped
MN771430.1	max
MN771431.1	shipped
MN771432.1	shipped
MN771433.1	max
MN771434.1	max
MN771435.1	max
MN771436.1	max
MN771437.1	max
MN771438.1	shipped
MN771440.1	max
MN771441.1	max
MN771442.1	max
MN771443.1	shipped
MN771444.1	shipped
MN771445.1	shipped
MN771446.1	max
MN771447.1	shipped
MN771448.1	max
MN771449.1	max
MN771450.1	shipped
MN771451.1	max
MN771452.1	shipped
MN771453.1	shipped
MN771454.1	max
MN771455.1	shipped
MN771456.1	shipped
MN771457.1	shipped
MN771458.1	max
MN771459.1	shipped
MN771460.1	shipped
MN771461.1	shipped
MN771462.1	max
MN771463.1	max
MN771464.1	shipped
MN771465.1	shipped
MN771466.1	shipped
MN771467.1	max
MN771468.1	shipped
MN771469.1	max
MN771470.1	shipped
MN771471.1	shipped
MN771472.1	shipped
MN771473.1	max
MN771474.1	shipped
MN771475.1	max
MN771476.1	max
MN771477.1	max
MN771478.1	max
MN771479.1	shipped
MN771480.1	max
MN771481.1	shipped
MN771482.1	max
MN771483.1	max
MN771484.1	max
MN771485.1	max
MN771486.1	shipped
MN771487.1	max
MN771488.1	max
MN771489.1	max
MN771490.1	max
MN771491.1	max
MN771492.1	max
MN771493.1	max
MN771494.1	max
MN771495.1	shipped
MN771496.1	shipped
MN771497.1	max
MN771498.1	max
MN771499.1	shipped
MN771500.1	shipped
MN771501.1	shipped
MN771502.1	max
MN771503.1	max
MN771504.1	shipped
MN771505.1	shipped
MN771506.1	max
MN771507.1	max
MN771508.1	max
MN771509.1	max
MN771510.1	shipped
MN771511.1	shipped
MN771512.1	max
MN771513.1	max
MN771514.1	shipped
MT783403.1	shipped
NC_076155.1	max
OP985295.1	max
OR197588.1	shipped
AB303555.1	shipped
AB303556.1	shipped
AB303557.1	shipped
AB303563.1	shipped
AB303565.1	shipped
MN774928.1	shipped
MN774929.1	shipped
MN774930.1	shipped
MN774931.1	max
MN774933.1	shipped
MN774934.1	shipped
MN774935.1	shipped
MN774936.1	shipped
MN774937.1	shipped
MN774938.1	shipped
MN774940.1	shipped
MN774941.1	shipped
MN774942.1	shipped
MN774943.1	shipped
MN774944.1	shipped
MN774945.1	shipped
MN774946.1	max
MN774948.1	shipped
MN774949.1	shipped
MN774950.1	shipped
MN774951.1	shipped
MN774952.1	shipped
MN774953.1	shipped
MN774954.1	shipped
MN774955.1	shipped
MN774957.1	max
MN774958.1	shipped
MN774960.1	max
MN774961.1	shipped
MN774962.1	shipped
MN774963.1	shipped
MN774964.1	shipped
MN774965.1	shipped
MN774967.1	shipped
MN774968.1	shipped
MN774969.1	shipped
MN774970.1	shipped
MN774971.1	shipped
MN774972.1	shipped
MN774973.1	shipped
MN774974.1	shipped
MN774975.1	shipped
MN774976.1	shipped
MN774977.1	shipped
MN774978.1	shipped
MN774979.1	max
MN774980.1	shipped
MN774981.1	shipped
MN774982.1	max
MN774983.1	max
MN774984.1	shipped
MN774985.1	shipped
MN774986.1	shipped
MN774987.1	shipped
MN774988.1	shipped
OP549858.1	shipped
OP549859.1	shipped
OP549860.1	shipped
AB290917.1	shipped
AB290918.1	shipped
AB303560.1	shipped
MH017566.1	shipped
AB303561.1	shipped
AB303562.1	shipped
NC_038359.1	shipped
AB303564.1	shipped
AB303566.1	shipped
AB290919.1	shipped
NC_038350.1	shipped
NC_038351.1	shipped
AB303552.1	shipped
AB303553.1	shipped
AB303554.1	shipped
AB303558.1	shipped
AB303559.1	shipped
AB026931.1	shipped
MH017547.1	max
MH017548.1	shipped
MH017549.1	max
MH017550.1	max
MH017551.1	max
MH017552.1	max
MH017553.1	max
MH017554.1	shipped
MH017555.1	max
MH017556.1	shipped
MH017557.1	max
MH017558.1	max
MH017559.1	max
MH017560.1	max
MH017561.1	max
MH017562.1	max
MH017564.1	max
MH017565.1	max
MH017567.1	max
MH017568.1	max
MH017569.1	max
NC_038345.1	shipped
NC_076233.1	max
NC_038346.1	shipped
NC_038347.1	max
KU041847.1	shipped
NC_014086.1	max
NC_014088.1	max
AB041962.1	shipped
AB026929.1	shipped
NC_014082.1	max
AF291073.1	shipped
NC_002195.1	max
KM259873.1	shipped
KM259874.1	shipped
KY462770.1	shipped
KY462769.1	max
KY462757.1	shipped
KY462758.1	shipped
KY462759.1	max
KY462760.1	max
KY462761.1	max
KY462762.1	max
KY462763.1	max
KY462764.1	max
KY462765.1	max
KY462766.1	max
KY462767.1	max
KY462768.1	max
AY823988.1	shipped
AY823989.1	shipped
HM224451.1	shipped
JN980171.1	shipped
KJ194502.1	shipped
KJ194503.1	shipped
KP036971.1	shipped
KP343818.1	shipped
KP343819.1	shipped
KP343820.1	shipped
KP343821.1	shipped
KP343822.1	shipped
KP343823.1	shipped
KP343824.1	shipped
KP343825.1	shipped
KP343826.1	shipped
KP343827.1	shipped
KP343828.1	shipped
KP343829.1	shipped
KP343830.1	shipped
KP343831.1	shipped
KP343832.1	shipped
KP343833.1	shipped
KP343834.1	shipped
KP343835.1	shipped
KP343836.1	shipped
KP343837.1	shipped
KP343838.1	shipped
KP343839.1	shipped
KP343840.1	shipped
KP343841.1	shipped
KP343842.1	shipped
KP343843.1	shipped
KP343844.1	shipped
KP343845.1	shipped
KP343846.1	shipped
KP343847.1	shipped
KP343848.1	shipped
KP343849.1	shipped
KP343850.1	shipped
KP343851.1	shipped
KP343852.1	shipped
KP343853.1	shipped
KP343854.1	shipped
KP343855.1	max
KP343856.1	shipped
KP343857.1	shipped
KP343858.1	shipped
KP343859.1	shipped
KP343860.1	shipped
KP343861.1	max
KP343862.1	shipped
KP343863.1	max
KP343864.1	shipped
MK820644.1	shipped
MK820645.1	shipped
MK820646.1	shipped
MN765195.1	shipped
MN765196.1	shipped
MN765197.1	shipped
MN765198.1	shipped
MN765199.1	shipped
MN765200.1	shipped
MN765201.1	shipped
MN765202.1	shipped
MN765203.1	shipped
MN768559.1	shipped
MN768560.1	shipped
MN768561.1	shipped
MN768562.1	shipped
MN768563.1	shipped
MN768564.1	shipped
MN768565.1	shipped
MN768566.1	shipped
MN768567.1	max
MN768568.1	shipped
MT506588.1	shipped
MT506589.1	shipped
MT783404.1	shipped
MT783405.1	shipped
MT783406.1	shipped
MT783407.1	max
MW857571.1	shipped
NC_015783.1	max
OP168886.1	max
OP985293.1	shipped
OP985294.1	shipped
PP374828.1	shipped
PP374829.1	shipped
PP374830.1	shipped
PP374831.1	shipped
PP374832.1	shipped
PP374833.1	max
PP374834.1	shipped
PP374835.1	shipped
PP374836.1	max
PQ438050.1	shipped
MH017570.1	shipped
MH017571.1	max
MH017572.1	max
MH017573.1	max
MH017574.1	max
MH017575.1	max
MH017576.1	max
MH017577.1	shipped
MH017578.1	max
MH017579.1	max
MH017580.1	max
MH017581.1	max
MH017582.1	max
MH017583.1	shipped
MH017584.1	max
MH017585.1	max
MH017586.1	max
MH017587.1	max
NC_002076.2	shipped
GU797360.1	shipped
NC_014076.1	shipped
NC_038338.1	shipped
NC_014075.1	shipped
NC_038339.1	shipped
NC_014096.1	shipped
NC_014091.1	shipped
NC_043413.1	broad
NC_043414.1	broad
NC_014078.1	shipped
NC_014480.2	shipped
NC_038340.1	shipped
NC_038341.1	shipped
NC_038343.1	shipped
NC_014083.1	max
NC_014074.1	max
NC_014073.1	shipped
NC_038344.1	shipped
NC_014081.1	shipped
NC_038336.1	shipped
NC_014094.1	shipped
LC385662.1	shipped
LC385663.1	max
NC_014080.1	shipped
NC_014084.1	shipped
NC_038337.1	shipped
MW679003.1	shipped
MW679005.1	shipped
MW679006.1	shipped
MN770091.1	shipped
NC_010562.1	max
NC_010563.1	max
NC_004291.1	shipped
NC_004294.1	shipped
NC_005077.1	max
NC_005082.1	max
NC_005080.1	max
NC_005081.1	max
NC_004296.1	shipped
NC_004297.1	shipped
NC_012776.1	max
NC_012777.1	max
NC_005078.1	max
NC_005079.1	max
NC_006439.1	max
NC_006447.1	max
NC_006313.1	max
NC_006317.1	max
NC_002532.2	broad
HM450380.1	broad
NC_016155.1	broad
NC_019028.1	broad
GQ891990.1	broad
NC_019026.1	broad
NC_019027.1	broad
NC_013443.1	broad
NC_001943.1	shipped
AF260508.1	broad
NC_024472.1	broad
NC_034444.1	broad
NC_001959.2	shipped
NC_006554.1	shipped
NC_006269.1	max
NC_010624.1	max
NC_043512.1	broad
GQ404848.1	broad
NC_038418.1	broad
NC_039215.1	broad
NC_075996.1	broad
GQ404847.1	broad
NC_023874.2	broad
GQ404844.1	broad
GQ404846.1	broad
GQ404857.1	broad
GQ404845.1	broad
GQ404854.1	broad
GQ404855.1	broad
OR905605.1	max
PP968832.1	max
NC_135454.1	max
NC_021568.1	broad
NC_035212.1	broad
NC_035213.1	broad
NC_035211.1	broad
NC_038392.1	broad
NC_032682.2	broad
NC_038294.1	max
NC_002645.1	shipped
NC_006577.2	shipped
NC_005831.2	shipped
NC_005147.1	max
NC_006213.1	shipped
NC_012950.1	max
NC_019843.3	shipped
NC_004718.3	shipped
MZ314997.2	max
MZ314998.1	max
MZ427312.1	max
NC_045512.2	shipped
OK091006.1	max
OL672836.1	max
OR325407.1	max
OR357849.1	max
OZ536352.1	max
PP357841.1	max
PP832909.1	max
PP846642.1	max
PP848071.1	max
PP848088.1	max
PZ056993.1	max
PZ201453.1	max
PZ201531.1	max
PZ323188.1	max
NC_129209.1	broad
NC_035475.1	broad
NC_014373.1	max
NC_001608.3	shipped
NC_004161.1	max
NC_006432.1	max
NC_014372.1	max
NC_002549.1	shipped
NC_004355.1	max
NC_033723.1	broad
NC_009028.2	max
NC_001437.1	shipped
NC_033724.1	broad
NC_009029.2	max
NC_003690.1	shipped
NC_001809.1	shipped
NC_033721.1	broad
NC_003635.1	max
NC_000943.1	shipped
NC_018705.3	max
NC_005062.1	max
NC_003687.1	shipped
NC_003675.1	max
NC_039219.1	broad
NC_033726.1	broad
NC_007580.2	shipped
NC_015843.2	max
NC_001672.1	max
NC_006551.1	max
NC_012735.1	max
NC_001563.2	shipped
NC_009942.1	shipped
NC_002031.1	shipped
NC_012532.1	shipped
NC_001477.1	shipped
NC_001474.2	shipped
NC_001475.2	shipped
NC_002640.1	shipped
NC_038496.1	broad
NC_030447.1	broad
NC_030448.1	broad
NC_076496.1	broad
NC_028459.1	broad
NC_038497.1	broad
NC_026817.1	broad
NC_024691.1	broad
NC_006433.1	max
NC_006435.1	max
NC_006437.1	max
NC_005218.1	shipped
NC_005219.1	shipped
NC_005222.1	shipped
NC_005236.1	shipped
NC_005237.1	shipped
NC_005238.1	shipped
NC_005215.1	shipped
NC_005216.1	shipped
NC_005217.1	shipped
NC_005226.1	max
NC_005227.2	max
NC_005228.1	max
NC_001710.1	shipped
NC_004102.1	shipped
NC_009824.1	shipped
NC_009825.1	shipped
NC_009826.1	shipped
NC_009827.1	shipped
NC_027998.2	broad
NC_038426.1	broad
NC_003977.2	shipped
NC_001434.1	shipped
AB593690.1	shipped
NC_007605.1	shipped
NC_001347.6	max
NC_001653.2	shipped
NC_059682.1	shipped
NC_075122.1	shipped
NC_043223.1	broad
NC_043224.1	broad
NC_043225.1	broad
NC_043226.1	broad
NC_043227.1	broad
NC_043228.1	broad
NC_001545.2	shipped
NC_079009.1	broad
NC_079010.1	broad
NC_004157.1	max
NC_004158.1	max
NC_004159.1	max
NC_005300.2	shipped
NC_005301.3	shipped
NC_005302.1	shipped
NC_079000.1	broad
NC_079001.1	broad
NC_079002.1	broad
NC_079098.1	broad
NC_079099.1	broad
NC_079100.1	broad
KF170373.1	broad
NC_006560.1	shipped
NC_001806.2	shipped
NC_001798.2	shipped
NC_001348.1	shipped
NC_006273.2	shipped
NC_001664.4	shipped
AF157706.1	shipped
NC_000898.1	legacy
NC_001716.2	shipped
U43400.1	max
MK733606.1	max
NC_009333.1	shipped
NC_009334.1	shipped
NC_055235.1	broad
KJ609203.1	max
KJ609204.1	max
KJ609205.1	max
KJ609207.1	max
KJ609208.1	max
KJ609209.1	max
KJ609210.1	max
KP457178.1	max
KU976501.1	max
KU976522.1	max
KU976577.1	max
KU976596.1	max
KU976613.1	max
KU976668.1	max
KU976799.1	max
KU976879.1	max
KX005726.1	max
KX005727.1	max
KX005728.1	max
KX005729.1	max
KX005730.1	max
KX005731.1	max
KX005732.1	max
KX005733.1	max
KX808593.1	max
KX808594.1	max
KX808595.1	max
KX808596.1	max
KX808597.1	max
KX808598.1	max
KX808599.1	max
KX808600.1	max
KX867822.1	max
KX867823.1	max
KX867824.1	max
KX867825.1	max
KX867826.1	max
KX867827.1	max
KX867828.1	max
KX867829.1	max
MF370259.1	max
MF370260.1	max
MF370261.1	max
MF370262.1	max
MG572501.1	max
MG572502.1	max
MG572503.1	max
MG572504.1	max
NC_002016.1	shipped
NC_002017.1	shipped
NC_002018.1	shipped
NC_002019.1	shipped
NC_002020.1	shipped
NC_002021.1	shipped
NC_002022.1	shipped
NC_002023.1	shipped
NC_004905.2	max
NC_004906.1	max
NC_004907.1	max
NC_004908.1	max
NC_004909.1	max
NC_004910.1	max
NC_004911.1	max
NC_004912.1	max
NC_007357.1	max
NC_007358.1	max
NC_007359.1	max
NC_007360.1	max
NC_007361.1	max
NC_007362.1	max
NC_007363.1	max
NC_007364.1	max
NC_007366.1	max
NC_007367.1	max
NC_007368.1	max
NC_007369.1	max
NC_007370.1	max
NC_007371.1	max
NC_007372.1	max
NC_007373.1	max
NC_007374.1	max
NC_007375.1	max
NC_007376.1	max
NC_007377.1	max
NC_007378.1	max
NC_007380.1	max
NC_007381.1	max
NC_007382.1	max
NC_026431.1	max
NC_026432.1	max
NC_026433.1	max
NC_026434.1	max
NC_026435.1	max
NC_026436.1	max
NC_026438.1	max
PQ468757.1	max
PQ468758.1	max
PQ468759.1	max
PQ468760.1	max
PQ468761.1	max
PQ468762.1	max
PQ468763.1	max
PQ468764.1	max
PQ573551.1	max
PQ573552.1	max
PQ573553.1	max
PQ573554.1	max
PQ573555.1	max
PQ573556.1	max
PQ573557.1	max
PX715226.1	max
QB056508.1	max
QB056509.1	max
QB056510.1	max
QB056511.1	max
QB056512.1	max
QB056513.1	max
QB056514.1	max
QB056515.1	max
KT866400.1	max
KT866401.1	max
KT866402.1	max
KT866403.1	max
KT866404.1	max
KT866405.1	max
KT866406.1	max
KT866407.1	max
NC_002204.1	shipped
NC_002205.1	shipped
NC_002206.1	shipped
NC_002207.1	shipped
NC_002208.1	shipped
NC_002209.1	shipped
NC_002210.1	shipped
NC_002211.1	shipped
OQ034469.1	max
OQ034470.1	max
OQ034471.1	max
OQ034472.1	max
OQ034473.1	max
OQ034474.1	max
OQ034475.1	max
OQ034476.1	max
NC_006306.2	shipped
NC_006307.2	shipped
NC_006308.2	shipped
NC_006309.2	shipped
NC_006310.2	shipped
NC_006311.1	shipped
NC_006312.2	shipped
NC_036615.1	shipped
NC_036616.1	shipped
NC_036617.1	shipped
NC_036618.1	shipped
NC_036619.1	shipped
NC_036620.1	shipped
NC_036621.1	shipped
NC_034254.1	broad
NC_034255.1	broad
NC_034256.1	broad
NC_034261.1	broad
NC_034262.1	broad
NC_034263.1	broad
NC_078649.1	broad
NC_078650.1	broad
NC_078651.1	broad
NC_078652.1	broad
NC_078653.1	broad
NC_078654.1	broad
NC_001694.1	shipped
NC_001352.1	shipped
NC_040550.1	broad
NC_040619.1	broad
NC_040620.1	broad
NC_040688.1	broad
NC_040691.1	broad
NC_040803.1	broad
NC_040804.1	broad
NC_040805.1	broad
NC_040806.1	broad
NC_027779.1	broad
FM955839.1	shipped
FM955840.1	shipped
FM955841.1	shipped
EF422221.1	shipped
NC_012485.1	max
EU410348.1	shipped
EU410349.1	shipped
FM955842.1	shipped
NC_013035.1	max
GQ246950.1	shipped
GQ845442.1	shipped
NC_014185.1	max
GQ845444.1	shipped
GQ845445.1	max
FN547152.2	shipped
NC_016157.1	max
NC_014469.1	max
GU117630.1	max
NC_014955.1	max
GU117633.1	max
NC_014956.1	max
NC_017993.1	max
NC_017994.1	max
HM999990.1	max
HM999991.1	max
NC_017996.1	max
HM999993.1	max
HM999994.1	max
HM999995.1	shipped
NC_017997.1	max
HM999997.1	shipped
HM999998.1	max
GU129016.1	max
GU117629.1	max
X74468.1	shipped
FN677756.1	shipped
JF304768.1	shipped
NC_021483.1	max
JF906559.1	max
NC_033781.1	max
KT698166.1	max
KT698168.1	max
HE963025.1	shipped
NC_001526.4	shipped
AB745694.1	shipped
JX444072.1	max
NC_022892.1	max
JX413105.1	max
X74469.1	shipped
JX413110.1	max
KF006398.1	max
NC_038523.1	max
KF006400.1	max
HF930491.1	shipped
NC_038524.1	max
NC_023891.1	max
NC_022095.1	max
KC108722.1	max
NC_038914.1	max
NC_039086.1	broad
X74470.1	shipped
KM085343.1	max
KJ913662.1	max
NC_027528.1	max
KP692116.1	max
NC_038525.1	max
KT698167.1	max
U31780.1	shipped
U31781.1	shipped
U31783.1	shipped
U31784.1	shipped
X74462.1	shipped
U31786.1	shipped
NC_075251.1	shipped
NC_001457.1	max
NC_001531.1	shipped
X70829.1	max
Y15175.1	shipped
Y15176.1	shipped
NC_010329.1	max
NC_001596.1	shipped
NC_004500.1	shipped
AY382778.1	shipped
AJ620211.1	shipped
AJ620210.1	max
FM955837.2	shipped
FM955838.1	shipped
NC_026946.1	broad
X74467.1	shipped
NC_038522.1	max
NC_040640.1	broad
NC_001583.1	shipped
NC_001587.1	shipped
NC_075267.1	max
NC_001354.1	max
NC_001690.1	max
NC_001691.1	max
NC_001593.1	shipped
NC_001676.1	shipped
NC_001693.1	max
NC_001458.1	max
DQ080079.1	shipped
NC_001355.1	shipped
NC_001595.1	shipped
U21941.1	shipped
NC_034616.1	max
NC_004104.1	shipped
KC138720.1	shipped
NC_001356.1	shipped
NC_001576.1	shipped
NC_008189.1	max
DQ080083.1	shipped
NC_008188.1	max
DQ080082.1	shipped
NC_012213.1	max
NC_075235.1	shipped
NC_012486.1	max
GQ244463.1	shipped
FJ947080.1	shipped
GQ246951.1	shipped
GQ845441.1	max
X74466.1	shipped
GQ845446.1	shipped
NC_014952.1	max
NC_014953.1	max
X62843.1	shipped
NC_014954.1	max
NC_017995.1	max
HM999999.1	max
FN677755.1	shipped
JN171845.1	max
JX413108.1	max
NC_028125.1	max
JX413106.1	max
NC_019023.1	max
KC862317.1	max
NC_001357.1	shipped
U31778.1	shipped
KP692114.1	max
U31779.1	shipped
U31782.1	shipped
X74471.1	shipped
X74473.1	shipped
NC_038889.1	shipped
NC_075191.1	shipped
NC_001586.1	shipped
NC_075233.1	shipped
M74117.1	shipped
U31785.1	shipped
KC470231.1	shipped
M62849.1	max
X74478.1	shipped
M73236.1	shipped
AJ620205.1	shipped
U31788.1	shipped
EF202156.1	shipped
NC_075269.1	max
M32305.1	shipped
NC_001591.1	shipped
KF436866.1	shipped
M62877.1	max
AB819272.1	shipped
NC_075270.1	max
EF177176.1	shipped
X74483.1	max
X55965.1	shipped
D90400.1	max
EU918765.1	shipped
EU918767.1	shipped
X77858.1	max
AY395706.1	shipped
U31794.1	shipped
D21208.1	shipped
AB027020.1	shipped
NC_039089.1	shipped
X94164.1	shipped
X94165.1	shipped
AF436130.1	shipped
Y15173.1	shipped
Y15174.1	shipped
M12737.1	shipped
AJ620209.1	shipped
AB027021.1	shipped
AF151983.1	shipped
AF293960.1	shipped
AF349909.1	shipped
AJ400628.2	shipped
AF436128.1	shipped
AF419318.1	shipped
NC_005134.2	shipped
DQ080080.1	shipped
NC_007803.1	max
NC_001906.3	shipped
NC_002728.1	shipped
NC_003443.1	shipped
NC_021928.1	shipped
NC_003461.1	shipped
NC_001796.2	shipped
NC_001498.1	shipped
NC_002200.1	shipped
NC_025343.1	broad
NC_006430.1	max
NC_001729.1	max
NC_001829.1	max
AF028704.1	max
NC_007455.1	shipped
NC_024888.1	broad
NC_039050.1	broad
X01457.1	broad
NC_076998.1	broad
NC_012042.1	max
NC_012564.1	max
NC_012729.2	max
DQ778300.1	broad
NC_004295.1	shipped
KM390024.1	broad
NC_000883.2	shipped
NC_038544.1	broad
NC_075988.1	broad
NC_001401.2	shipped
NC_006152.1	max
NC_024694.1	broad
NC_001925.1	shipped
NC_001926.1	shipped
NC_001927.1	shipped
NC_038726.1	broad
NC_038727.1	broad
NC_038728.1	broad
NC_043615.1	broad
NC_043616.1	broad
NC_043617.1	broad
NC_034486.1	broad
NC_034487.1	broad
NC_034506.1	broad
NC_043585.1	broad
NC_043586.1	broad
NC_043587.1	broad
NC_004108.1	shipped
NC_004109.1	shipped
NC_004110.1	shipped
NC_055181.1	broad
NC_055182.1	broad
NC_055183.1	broad
NC_034497.1	broad
NC_034498.1	broad
NC_034505.1	broad
NC_005775.1	shipped
NC_005776.1	shipped
NC_005777.1	shipped
NC_034479.1	broad
NC_034480.1	broad
NC_034490.1	broad
NC_055196.1	broad
NC_055197.1	broad
NC_055198.1	broad
NC_043606.1	broad
NC_043607.1	broad
NC_043608.1	broad
NC_055330.1	broad
NC_055331.1	broad
NC_055332.1	broad
NC_055327.1	broad
NC_055328.1	broad
NC_055329.1	broad
NC_015373.1	max
NC_015374.1	max
NC_015375.1	max
NC_078071.1	broad
NC_078072.1	broad
NC_078073.1	broad
NC_078297.1	broad
NC_078298.1	broad
NC_078299.1	broad
NC_055339.1	broad
NC_055340.1	broad
NC_055341.1	broad
NC_024494.1	broad
NC_024495.1	broad
NC_024496.1	broad
NC_055342.1	broad
NC_055343.1	broad
NC_055344.1	broad
NC_043509.1	broad
NC_043510.1	broad
NC_043511.1	broad
NC_033830.1	broad
NC_033831.1	broad
NC_033847.1	broad
NC_039191.1	broad
NC_039192.1	broad
NC_039193.1	broad
NC_014395.1	max
NC_014396.1	max
NC_014397.1	max
NC_018136.1	max
NC_018137.1	max
NC_018138.1	max
NC_006318.1	shipped
NC_006319.1	shipped
NC_006320.1	shipped
NC_005214.1	max
NC_005220.1	max
NC_005221.1	max
NC_015411.1	max
NC_015412.1	max
NC_015413.1	max
NC_007026.1	max
NC_007027.1	max
NC_012800.1	shipped
NC_012802.1	broad
NC_012798.1	broad
NC_034385.1	broad
NC_025961.1	broad
NC_001479.1	shipped
NC_001612.1	shipped
NC_001472.1	max
NC_002058.3	shipped
NC_001430.1	shipped
NC_003988.1	broad
NC_001489.1	shipped
NC_023984.1	broad
NC_012801.1	broad
NC_004421.1	broad
NC_001897.1	shipped
NC_001617.1	shipped
NC_009448.2	broad
NC_025114.1	broad
NC_012957.1	shipped
NC_001918.1	shipped
EF165067.2	broad
AF327920.2	broad
JX491648.1	broad
NC_038311.1	max
L24917.1	max
NC_001490.1	shipped
EF582386.1	shipped
NC_024070.1	shipped
NC_004148.2	max
NC_001803.1	max
NC_039199.1	shipped
NC_001781.1	shipped
NC_001538.1	shipped
NC_009238.1	shipped
JX262162.1	broad
NC_020890.1	shipped
NC_014406.1	shipped
NC_014407.1	shipped
FR823284.2	shipped
NC_001699.1	shipped
NC_034253.1	broad
JX259273.1	broad
NC_010277.2	shipped
NC_024118.1	shipped
NC_020106.1	shipped
NC_014361.1	shipped
NC_009539.1	shipped
NC_003663.2	shipped
JQ410350.1	broad
NC_001731.1	shipped
NC_003310.1	shipped
NC_035469.1	broad
NC_005336.1	shipped
NC_055230.1	broad
NC_006998.1	shipped
NC_001611.1	shipped
NC_005179.1	max
NC_002642.1	shipped
NC_055523.1	broad
NC_001499.1	max
NC_010820.1	broad
NC_039024.1	broad
AF221065.1	max
NC_039025.1	broad
NC_001362.1	max
NC_043445.1	broad
NC_001436.1	shipped
NC_001488.1	shipped
DQ093792.1	broad
NC_011800.1	max
NC_022518.1	broad
JX245014.1	broad
NC_001802.1	shipped
NC_001722.1	shipped
U21247.1	broad
NC_039026.1	broad
X54482.1	broad
NC_001501.1	max
U13766.1	max
HQ246218.1	max
NC_001702.1	max
EU523109.1	broad
NC_001819.1	max
NC_001364.1	shipped
DQ399707.1	max
AF201902.1	broad
NC_020805.1	max
NC_038282.1	broad
NC_038283.1	broad
NC_009527.1	shipped
NC_009528.1	max
NC_020806.1	broad
NC_034443.1	broad
NC_025408.1	broad
NC_003243.1	shipped
NC_020810.1	max
NC_006429.1	max
NC_001542.1	shipped
NC_025255.1	broad
NC_077192.1	broad
NC_043067.1	broad
NC_001560.1	shipped
NC_007548.1	shipped
NC_007549.1	shipped
NC_007550.1	shipped
NC_007551.1	shipped
NC_007552.1	shipped
NC_007553.1	shipped
NC_007554.1	shipped
NC_007555.1	shipped
NC_007556.1	shipped
NC_007557.1	shipped
NC_007558.1	shipped
NC_004198.1	max
NC_004200.1	shipped
NC_004201.1	shipped
NC_004202.1	shipped
NC_004203.1	shipped
NC_004204.1	shipped
NC_004211.1	shipped
NC_004217.1	shipped
NC_004218.1	shipped
NC_004219.1	shipped
NC_004220.1	shipped
NC_004221.1	shipped
NC_014522.1	max
NC_014523.1	max
NC_014524.1	max
NC_014525.1	max
NC_014526.1	max
NC_014527.1	max
NC_014528.1	max
NC_014529.1	max
NC_014530.1	max
NC_014531.1	max
NC_021541.1	max
NC_021542.1	max
NC_021543.1	max
NC_021544.1	max
NC_021545.1	max
NC_021546.1	max
NC_021547.1	max
NC_021548.1	max
NC_021549.1	max
NC_021550.1	max
NC_021551.1	max
NC_038594.1	broad
NC_038595.1	broad
NC_038596.1	broad
NC_038597.1	broad
NC_038598.1	broad
NC_038599.1	broad
NC_038600.1	broad
NC_038601.1	broad
NC_038602.1	broad
NC_038603.1	broad
NC_038604.1	broad
NC_038605.1	broad
NC_038606.1	broad
NC_038607.1	broad
NC_038608.1	broad
NC_038609.1	broad
NC_038610.1	broad
NC_038611.1	broad
NC_038612.1	broad
NC_038613.1	broad
NC_011500.2	shipped
NC_011501.2	shipped
NC_011502.2	max
NC_011503.2	shipped
NC_011504.2	shipped
NC_011505.2	shipped
NC_011506.2	shipped
NC_011507.2	shipped
NC_011508.2	shipped
NC_011509.2	shipped
NC_011510.2	shipped
NC_007543.1	shipped
NC_007544.1	shipped
NC_007545.1	shipped
NC_007546.1	shipped
NC_007547.1	shipped
NC_007569.1	shipped
NC_007570.1	shipped
NC_007571.1	shipped
NC_007572.1	shipped
NC_007573.1	shipped
NC_007574.1	shipped
NC_039061.1	broad
NC_039062.1	broad
NC_039063.1	broad
NC_076251.1	broad
NC_076235.1	broad
NC_039070.1	broad
NC_035474.1	broad
NC_075341.1	broad
NC_026252.1	broad
NC_004180.1	max
NC_004181.1	max
NC_004182.1	max
NC_004183.1	max
NC_004184.1	max
NC_004185.1	max
NC_004186.1	max
NC_004187.1	max
NC_004188.1	max
NC_004189.1	max
NC_004190.1	max
NC_004191.1	max
NC_077837.1	broad
NC_077838.1	broad
NC_077839.1	broad
NC_077840.1	broad
NC_077841.1	broad
NC_077842.1	broad
NC_077843.1	broad
NC_077844.1	broad
NC_077845.1	broad
NC_077846.1	broad
NC_020439.1	broad
NC_020440.1	broad
NC_020441.1	broad
NC_020442.1	broad
NC_020443.1	broad
NC_020444.1	broad
NC_020445.1	broad
NC_020446.1	broad
NC_020447.1	broad
NC_020448.1	broad
NC_001786.1	shipped
NC_004162.2	shipped
NC_003899.1	shipped
NC_003417.1	shipped
NC_038857.1	broad
NC_001512.1	shipped
NC_001544.1	shipped
AB032553.1	broad
NC_003215.1	shipped
NC_001547.1	shipped
NC_038675.1	broad
NC_043403.1	broad
NC_001449.1	shipped
NC_003908.1	shipped
NC_006879.1	shipped
JN860200.1	shipped
NC_039218.1	shipped
NC_040776.1	shipped
NC_003466.1	shipped
NC_003467.2	shipped
NC_003468.2	shipped
NC_038298.1	shipped
NC_038299.1	shipped
NC_038300.1	shipped
NC_005223.1	shipped
NC_005224.1	shipped
NC_005225.1	shipped
NC_009823.1	shipped
NC_030791.1	shipped
HE974370.1	shipped
HE974366.1	shipped
AB540582.1	shipped
AB540583.1	shipped
HE974380.1	shipped
AF160501.1	shipped
AB516393.1	shipped
NC_038504.1	shipped
LC646471.1	shipped
KJ496143.1	shipped
L22063.1	shipped
NC_004812.1	shipped
EU627591.1	shipped
PV891900.1	shipped
PV891901.1	shipped
PV891902.1	shipped
D90457.1	shipped
U22521.1	shipped
NC_038308.1	shipped
NC_015150.1	shipped
NC_018102.1	shipped
